event_id,player_id,model_prob,finish,outcome,units,odds,payout,profit,sg_last_24
2,19895,0.428,,WIN,2,+300,8,6,1.46
2,19428,0.39,,WIN,2,+300,8,6,1.35
2,19483,0.369,,WIN,2,+300,8,6,1.13
2,22051,0.312,,LOSS,1.5,+300,0,-1.5,1.06
2,14704,0.295,,WIN,1.5,+300,6,4.5,0.88
2,13900,0.285,,LOSS,1.5,+300,0,-1.5,0.84
2,28270,0.274,,WIN,1.5,+300,6,4.5,0.66
2,8825,0.27,,WIN,1.5,+300,6,4.5,0.59
2,19477,0.249,,LOSS,1,+300,0,-1,0.58
2,14852,0.215,,LOSS,1,+300,0,-1,0.35
2,14509,0.215,,LOSS,1,+300,0,-1,0.41
2,18103,0.211,,LOSS,1,+300,0,-1,0.27
2,25157,0.211,,WIN,1,+300,4,3,0.36
2,17511,0.209,,LOSS,1,+300,0,-1,-0.09
28,13562,0.539,,LOSS,2.5,+300,0,-2.5,2.09
28,12294,0.443,,LOSS,2,+300,0,-2,1.45
28,16602,0.318,,LOSS,1.5,+300,0,-1.5,1.11
28,24766,0.307,,LOSS,1.5,+300,0,-1.5,1.09
28,17646,0.275,,LOSS,1.5,+300,0,-1.5,0.84
28,13900,0.256,,WIN,1.5,+300,6,4.5,0.56
28,14704,0.252,,LOSS,1.5,+300,0,-1.5,0.62
28,17365,0.246,,LOSS,1,+300,0,-1,0.65
28,18761,0.222,,WIN,1,+300,4,3,0.14
28,13497,0.219,,WIN,1,+300,4,3,0.47
28,14181,0.218,,LOSS,1,+300,0,-1,0.48
28,19455,0.216,,LOSS,1,+300,0,-1,0.26
28,23604,0.209,,LOSS,1,+300,0,-1,0.47
3,18417,0.618,,WIN,2.5,+300,10,7.5,2.34
3,19895,0.574,,WIN,2.5,+300,10,7.5,2.47
3,17488,0.516,,WIN,2.5,+300,10,7.5,2.19
3,8825,0.453,,WIN,2,+300,8,6,1.87
3,18554,0.432,,LOSS,2,+300,0,-2,2.14
3,17576,0.394,,LOSS,2,+300,0,-2,1.59
3,24550,0.387,,LOSS,2,+300,0,-2,1.3
3,18841,0.349,,LOSS,1.5,+300,0,-1.5,0.99
3,19483,0.34,,LOSS,1.5,+300,0,-1.5,1.42
3,13965,0.312,,LOSS,1.5,+300,0,-1.5,1.14
3,16333,0.293,,LOSS,1.5,+300,0,-1.5,0.89
3,19865,0.293,,LOSS,1.5,+300,0,-1.5,0.93
3,12423,0.28,,WIN,1.5,+300,6,4.5,0.93
3,15475,0.273,,LOSS,1.5,+300,0,-1.5,0.9
3,23323,0.263,,LOSS,1.5,+300,0,-1.5,0.57
3,12425,0.259,,LOSS,1.5,+300,0,-1.5,1.06
3,9771,0.255,,WIN,1.5,+300,6,4.5,0.7
3,13497,0.249,,LOSS,1,+300,0,-1,0.52
3,15852,0.246,,LOSS,1,+300,0,-1,0.5
3,26651,0.244,,LOSS,1,+300,0,-1,0.79
3,8480,0.219,,LOSS,1,+300,0,-1,0.35
3,14796,0.219,,WIN,1,+300,4,3,0.26
3,14704,0.21,,LOSS,1,+300,0,-1,0.31
30,17488,0.464,,WIN,2,+300,8,6,1.73
30,21554,0.43,,WIN,2,+300,8,6,1.5
30,23465,0.348,,LOSS,1.5,+300,0,-1.5,1.24
30,28270,0.301,,LOSS,1.5,+300,0,-1.5,0.67
30,17536,0.27,,LOSS,1.5,+300,0,-1.5,0.76
30,14698,0.266,,LOSS,1.5,+300,0,-1.5,0.75
30,23482,0.265,,WIN,1.5,+300,6,4.5,0.53
30,13497,0.259,,LOSS,1.5,+300,0,-1.5,0.66
30,15980,0.25,,LOSS,1,+300,0,-1,0.66
30,9586,0.231,,LOSS,1,+300,0,-1,0.54
30,17511,0.231,,WIN,1,+300,4,3,0.11
30,19865,0.229,,LOSS,1,+300,0,-1,0.52
30,9771,0.228,,LOSS,1,+300,0,-1,0.28
30,24481,0.222,,LOSS,1,+300,0,-1,0.29
30,15330,0.212,,LOSS,1,+300,0,-1,0.12
30,15004,0.211,,WIN,1,+300,4,3,0.25
30,18187,0.204,,LOSS,1,+300,0,-1,0.07
30,20519,0.202,,WIN,1,+300,4,3,0.3
30,12808,0.2,,WIN,1,+300,4,3,0.12
32,18417,0.498,,WIN,2,+300,8,6,1.51
32,21554,0.462,,LOSS,2,+300,0,-2,2.32
32,18474,0.45,,LOSS,2,+300,0,-2,1.57
32,24968,0.39,,WIN,2,+300,8,6,0.95
32,10091,0.344,,WIN,1.5,+300,6,4.5,0.9
32,21756,0.339,,WIN,1.5,+300,6,4.5,0.98
32,23604,0.31,,WIN,1.5,+300,6,4.5,0.9
32,13900,0.303,,WIN,1.5,+300,6,4.5,0.82
32,23465,0.294,,LOSS,1.5,+300,0,-1.5,0.77
32,17536,0.284,,LOSS,1.5,+300,0,-1.5,0.74
32,18761,0.272,,LOSS,1.5,+300,0,-1.5,0.79
32,26651,0.267,,LOSS,1.5,+300,0,-1.5,0.64
32,15475,0.267,,WIN,1.5,+300,6,4.5,0.35
32,16394,0.258,,LOSS,1.5,+300,0,-1.5,0.54
32,19865,0.246,,LOSS,1,+300,0,-1,0.56
32,15470,0.24,,WIN,1,+300,4,3,0.44
32,18579,0.239,,WIN,1,+300,4,3,0.4
32,12577,0.238,,LOSS,1,+300,0,-1,0.49
32,17606,0.237,,LOSS,1,+300,0,-1,0.46
32,13497,0.228,,LOSS,1,+300,0,-1,0.59
32,23602,0.212,,LOSS,1,+300,0,-1,0.38
32,21688,0.205,,LOSS,1,+300,0,-1,0.22
34,18417,0.509,,WIN,2.5,+300,10,7.5,1.49
34,24968,0.503,,LOSS,2.5,+300,0,-2.5,1.64
34,13562,0.484,,WIN,2,+300,8,6,1.93
34,18103,0.474,,LOSS,2,+300,0,-2,1.65
34,6430,0.453,,WIN,2,+300,8,6,1.64
34,19195,0.424,,LOSS,2,+300,0,-2,1.32
34,16841,0.42,,WIN,2,+300,8,6,1.5
34,17576,0.42,,WIN,2,+300,8,6,1.31
34,18474,0.416,,LOSS,2,+300,0,-2,1.35
34,14139,0.38,,WIN,2,+300,8,6,1
34,23475,0.362,,LOSS,2,+300,0,-2,1.22
34,23656,0.334,,WIN,1.5,+300,6,4.5,0.82
34,12808,0.313,,LOSS,1.5,+300,0,-1.5,0.84
34,8825,0.313,,WIN,1.5,+300,6,4.5,0.91
34,16283,0.301,,LOSS,1.5,+300,0,-1.5,0.77
34,23482,0.276,,LOSS,1.5,+300,0,-1.5,0.79
34,17511,0.269,,LOSS,1.5,+300,0,-1.5,0.7
34,26651,0.268,,LOSS,1.5,+300,0,-1.5,0.8
34,22051,0.248,,LOSS,1,+300,0,-1,0.64
34,17639,0.238,,WIN,1,+300,4,3,0.47
34,25157,0.228,,LOSS,1,+300,0,-1,0.54
34,16602,0.216,,LOSS,1,+300,0,-1,0.32
34,9771,0.215,,LOSS,1,+300,0,-1,0.15
34,6986,0.209,,LOSS,1,+300,0,-1,0.3
34,18634,0.205,,LOSS,1,+300,0,-1,0.19
34,13497,0.204,,WIN,1,+300,4,3,0.45
4,19895,0.515,,LOSS,2.5,+300,0,-2.5,1.91
4,14139,0.476,,WIN,2,+300,8,6,2.05
4,13562,0.426,,LOSS,2,+300,0,-2,1.52
4,19483,0.37,,LOSS,2,+300,0,-2,1.54
4,15556,0.364,,LOSS,2,+300,0,-2,1.55
4,16243,0.349,,LOSS,1.5,+300,0,-1.5,1.01
4,14609,0.338,,WIN,1.5,+300,6,4.5,1.23
4,23465,0.331,,LOSS,1.5,+300,0,-1.5,1
4,22085,0.318,,WIN,1.5,+300,6,4.5,0.7
4,22760,0.316,,LOSS,1.5,+300,0,-1.5,0.86
4,17576,0.314,,LOSS,1.5,+300,0,-1.5,1.14
4,9586,0.314,,LOSS,1.5,+300,0,-1.5,1.27
4,11117,0.311,,LOSS,1.5,+300,0,-1.5,0.88
4,25569,0.302,,WIN,1.5,+300,6,4.5,0.89
4,26651,0.299,,WIN,1.5,+300,6,4.5,0.96
4,17881,0.298,,LOSS,1.5,+300,0,-1.5,0.68
4,18103,0.296,,LOSS,1.5,+300,0,-1.5,0.75
4,17639,0.293,,LOSS,1.5,+300,0,-1.5,0.82
4,12359,0.293,,LOSS,1.5,+300,0,-1.5,0.82
4,21756,0.288,,LOSS,1.5,+300,0,-1.5,0.62
4,23504,0.285,,LOSS,1.5,+300,0,-1.5,0.83
4,11276,0.282,,WIN,1.5,+300,6,4.5,0.79
4,26660,0.265,,LOSS,1.5,+300,0,-1.5,0.63
4,12965,0.254,,LOSS,1.5,+300,0,-1.5,0.63
4,14140,0.254,,LOSS,1.5,+300,0,-1.5,0.49
4,17538,0.248,,LOSS,1,+300,0,-1,0.75
4,25442,0.248,,WIN,1,+300,4,3,0.34
4,23482,0.243,,LOSS,1,+300,0,-1,0.75
4,23604,0.242,,LOSS,1,+300,0,-1,0.09
4,17381,0.234,,LOSS,1,+300,0,-1,0.44
4,11451,0.23,,LOSS,1,+300,0,-1,0.86
4,10943,0.228,,WIN,1,+300,4,3,0.45
4,19477,0.226,,LOSS,1,+300,0,-1,0.49
4,15004,0.225,,LOSS,1,+300,0,-1,0.51
4,19872,0.217,,LOSS,1,+300,0,-1,0.56
4,14838,0.215,,LOSS,1,+300,0,-1,0.46
4,19865,0.212,,LOSS,1,+300,0,-1,0.25
4,13508,0.208,,LOSS,1,+300,0,-1,0.18
4,18554,0.207,,WIN,1,+300,4,3,-0.02
4,20519,0.201,,LOSS,1,+300,0,-1,0.3
41,13126,0.36,,LOSS,2,+300,0,-2,1.69
41,13872,0.359,,WIN,2,+300,8,6,1.15
41,18474,0.351,,LOSS,2,+300,0,-2,1.26
41,17365,0.339,,WIN,1.5,+300,6,4.5,1.37
41,6430,0.275,,WIN,1.5,+300,6,4.5,0.61
41,12423,0.272,,LOSS,1.5,+300,0,-1.5,1.08
41,27194,0.268,,LOSS,1.5,+300,0,-1.5,0.79
41,14636,0.264,,LOSS,1.5,+300,0,-1.5,0.4
41,21554,0.262,,LOSS,1.5,+300,0,-1.5,0.54
41,18634,0.257,,LOSS,1.5,+300,0,-1.5,0.45
41,17068,0.256,,WIN,1.5,+300,6,4.5,0.57
41,7960,0.249,,LOSS,1,+300,0,-1,0.5
41,9586,0.249,,LOSS,1,+300,0,-1,0.57
41,17381,0.242,,LOSS,1,+300,0,-1,0.53
41,17538,0.239,,LOSS,1,+300,0,-1,0.31
41,23602,0.238,,LOSS,1,+300,0,-1,0.58
41,11276,0.231,,LOSS,1,+300,0,-1,0.15
41,18579,0.213,,LOSS,1,+300,0,-1,0.38
41,17780,0.206,,LOSS,1,+300,0,-1,0.29
41,10873,0.203,,LOSS,1,+300,0,-1,0.26
41,8469,0.2,,LOSS,1,+300,0,-1,0.07
457,6093,0.353,,LOSS,2,+300,0,-2,1.15
457,17365,0.35,,LOSS,2,+300,0,-2,1.4
457,12425,0.306,,LOSS,1.5,+300,0,-1.5,0.93
457,18841,0.304,,WIN,1.5,+300,6,4.5,1.01
457,18634,0.285,,WIN,1.5,+300,6,4.5,0.72
457,14606,0.28,,LOSS,1.5,+300,0,-1.5,0.55
457,17881,0.261,,LOSS,1.5,+300,0,-1.5,0.89
457,14704,0.258,,LOSS,1.5,+300,0,-1.5,0.42
457,13508,0.239,,LOSS,1,+300,0,-1,0.53
457,13367,0.229,,WIN,1,+300,4,3,0.4
457,17543,0.217,,LOSS,1,+300,0,-1,0.44
457,15330,0.217,,LOSS,1,+300,0,-1,0.15
457,13305,0.216,,WIN,1,+300,4,3,0.21
457,25442,0.21,,WIN,1,+300,4,3,0.33
457,20770,0.201,,LOSS,1,+300,0,-1,0.07
464,25569,0.464,,LOSS,2,+300,0,-2,1.59
464,29433,0.357,,LOSS,2,+300,0,-2,1.18
464,23014,0.322,,WIN,1.5,+300,6,4.5,1.2
464,10419,0.306,,LOSS,1.5,+300,0,-1.5,0.98
464,16715,0.292,,LOSS,1.5,+300,0,-1.5,0.88
464,16841,0.284,,LOSS,1.5,+300,0,-1.5,0.77
464,17365,0.282,,WIN,1.5,+300,6,4.5,0.84
464,5768,0.246,,LOSS,1,+300,0,-1,0.65
464,15575,0.243,,WIN,1,+300,4,3,0.69
464,9586,0.241,,LOSS,1,+300,0,-1,0.46
464,14459,0.236,,WIN,1,+300,4,3,0.5
464,19477,0.212,,LOSS,1,+300,0,-1,0.24
464,12423,0.211,,LOSS,1,+300,0,-1,0.3
464,14509,0.209,,LOSS,1,+300,0,-1,0.13
464,17068,0.205,,LOSS,1,+300,0,-1,0.27
472,25569,0.4,,LOSS,2,+300,0,-2,1.49
472,26649,0.361,,LOSS,2,+300,0,-2,1.15
472,18634,0.314,,WIN,1.5,+300,6,4.5,0.93
472,25094,0.311,,WIN,1.5,+300,6,4.5,0.71
472,5768,0.304,,LOSS,1.5,+300,0,-1.5,0.83
472,17723,0.294,,WIN,1.5,+300,6,4.5,0.72
472,17365,0.266,,LOSS,1.5,+300,0,-1.5,0.61
472,14606,0.265,,LOSS,1.5,+300,0,-1.5,0.69
472,14704,0.259,,LOSS,1.5,+300,0,-1.5,0.69
472,29433,0.255,,LOSS,1.5,+300,0,-1.5,0.58
472,13997,0.239,,LOSS,1,+300,0,-1,0.48
472,16333,0.236,,WIN,1,+300,4,3,0.06
472,10877,0.234,,LOSS,1,+300,0,-1,0.38
472,28159,0.229,,WIN,1,+300,4,3,0.32
472,21688,0.225,,LOSS,1,+300,0,-1,0.42
472,17606,0.217,,LOSS,1,+300,0,-1,0.3
472,9586,0.217,,WIN,1,+300,4,3,0.51
472,17881,0.215,,LOSS,1,+300,0,-1,0.52
472,27194,0.203,,LOSS,1,+300,0,-1,0.26
475,19895,0.6,,WIN,2.5,+300,10,7.5,2.89
475,14139,0.53,,WIN,2.5,+300,10,7.5,2.7
475,12294,0.406,,WIN,2,+300,8,6,1.58
475,8825,0.396,,WIN,2,+300,8,6,1.6
475,10419,0.392,,WIN,2,+300,8,6,1.61
475,17488,0.374,,LOSS,2,+300,0,-2,1.41
475,16283,0.364,,LOSS,2,+300,0,-2,1.37
475,13872,0.36,,LOSS,2,+300,0,-2,1.59
475,27364,0.36,,LOSS,2,+300,0,-2,1.15
475,7961,0.346,,LOSS,1.5,+300,0,-1.5,1.29
475,14796,0.33,,LOSS,1.5,+300,0,-1.5,0.8
475,12422,0.304,,LOSS,1.5,+300,0,-1.5,0.79
475,6093,0.293,,LOSS,1.5,+300,0,-1.5,0.86
475,12425,0.285,,LOSS,1.5,+300,0,-1.5,0.99
475,14459,0.279,,LOSS,1.5,+300,0,-1.5,0.6
475,11657,0.278,,LOSS,1.5,+300,0,-1.5,0.66
475,14509,0.254,,LOSS,1.5,+300,0,-1.5,0.83
475,14606,0.253,,LOSS,1.5,+300,0,-1.5,0.67
475,18103,0.251,,LOSS,1.5,+300,0,-1.5,0.24
475,17068,0.246,,WIN,1,+300,4,3,0.53
475,10104,0.244,,LOSS,1,+300,0,-1,0.65
475,17381,0.235,,LOSS,1,+300,0,-1,0.45
475,17780,0.233,,LOSS,1,+300,0,-1,0.4
475,14181,0.226,,WIN,1,+300,4,3,0.31
475,14704,0.224,,LOSS,1,+300,0,-1,0.42
475,16841,0.221,,LOSS,1,+300,0,-1,0.56
475,23604,0.204,,LOSS,1,+300,0,-1,0.42
475,6986,0.201,,LOSS,1,+300,0,-1,0.31
478,15466,0.459,,WIN,2,+300,8,6,1.71
478,14139,0.404,,WIN,2,+300,8,6,1.81
478,17646,0.378,,WIN,2,+300,8,6,1.34
478,17576,0.357,,WIN,2,+300,8,6,1.1
478,18841,0.317,,WIN,1.5,+300,6,4.5,0.78
478,17538,0.295,,WIN,1.5,+300,6,4.5,0.93
478,17488,0.28,,WIN,1.5,+300,6,4.5,0.8
478,23323,0.276,,WIN,1.5,+300,6,4.5,0.77
478,13900,0.226,,WIN,1,+300,4,3,0.58
478,22085,0.223,,WIN,1,+300,4,3,-0.11
483,23504,0.401,,LOSS,2,+300,0,-2,1.25
483,23465,0.363,,WIN,2,+300,8,6,0.99
483,22760,0.291,,WIN,1.5,+300,6,4.5,0.78
483,29767,0.29,,WIN,1.5,+300,6,4.5,0.79
483,17723,0.288,,LOSS,1.5,+300,0,-1.5,1.38
483,25569,0.251,,WIN,1.5,+300,6,4.5,0.87
483,14852,0.24,,LOSS,1,+300,0,-1,0.25
483,17266,0.228,,LOSS,1,+300,0,-1,0.36
483,5874,0.216,,WIN,1,+300,4,3,0.27
483,10877,0.207,,WIN,1,+300,4,3,0.33
483,14140,0.202,,WIN,1,+300,4,3,0.2
493,19870,0.442,,LOSS,2,+300,0,-2,1.97
493,17543,0.439,,LOSS,2,+300,0,-2,1.57
493,11657,0.388,,LOSS,2,+300,0,-2,1.27
493,25094,0.38,,WIN,2,+300,8,6,1.25
493,11451,0.354,,LOSS,2,+300,0,-2,1.02
493,14609,0.34,,LOSS,1.5,+300,0,-1.5,1.2
493,17536,0.319,,WIN,1.5,+300,6,4.5,1.12
493,15556,0.307,,LOSS,1.5,+300,0,-1.5,1.13
493,15470,0.304,,LOSS,1.5,+300,0,-1.5,1.07
493,10943,0.291,,LOSS,1.5,+300,0,-1.5,0.96
493,7399,0.281,,LOSS,1.5,+300,0,-1.5,0.9
493,10104,0.277,,WIN,1.5,+300,6,4.5,0.86
493,22760,0.27,,WIN,1.5,+300,6,4.5,0.48
493,17723,0.265,,LOSS,1.5,+300,0,-1.5,1.05
493,11049,0.26,,LOSS,1.5,+300,0,-1.5,0.57
493,18424,0.26,,LOSS,1.5,+300,0,-1.5,0.54
493,17639,0.258,,LOSS,1.5,+300,0,-1.5,0.62
493,20706,0.258,,LOSS,1.5,+300,0,-1.5,0.45
493,17780,0.256,,WIN,1.5,+300,6,4.5,0.55
493,8480,0.254,,LOSS,1.5,+300,0,-1.5,0.89
493,11117,0.253,,WIN,1.5,+300,6,4.5,0.51
493,14815,0.251,,WIN,1.5,+300,6,4.5,0.43
493,14424,0.247,,LOSS,1,+300,0,-1,0.52
493,22985,0.246,,LOSS,1,+300,0,-1,0.68
493,27774,0.237,,LOSS,1,+300,0,-1,0.35
493,8820,0.23,,LOSS,1,+300,0,-1,0.53
493,12425,0.224,,LOSS,1,+300,0,-1,0.21
493,22535,0.22,,LOSS,1,+300,0,-1,0.3
493,21756,0.213,,LOSS,1,+300,0,-1,0.2
493,21688,0.209,,LOSS,1,+300,0,-1,0.39
493,5874,0.203,,LOSS,1,+300,0,-1,0.13
493,12946,0.201,,LOSS,1,+300,0,-1,0.15
5,18417,0.584,,WIN,2.5,+300,10,7.5,2.37
5,15466,0.451,,WIN,2,+300,8,6,1.5
5,22085,0.356,,WIN,2,+300,8,6,1.46
5,18841,0.335,,WIN,1.5,+300,6,4.5,1.27
5,19865,0.319,,LOSS,1.5,+300,0,-1.5,1.09
5,17881,0.318,,WIN,1.5,+300,6,4.5,0.97
5,24968,0.305,,LOSS,1.5,+300,0,-1.5,0.95
5,21944,0.3,,WIN,1.5,+300,6,4.5,1.12
5,21756,0.299,,WIN,1.5,+300,6,4.5,0.92
5,16283,0.288,,LOSS,1.5,+300,0,-1.5,0.9
5,25157,0.284,,LOSS,1.5,+300,0,-1.5,1
5,9771,0.278,,LOSS,1.5,+300,0,-1.5,0.92
5,14704,0.274,,WIN,1.5,+300,6,4.5,0.73
5,19483,0.273,,WIN,1.5,+300,6,4.5,0.43
5,17536,0.267,,WIN,1.5,+300,6,4.5,0.6
5,14578,0.259,,LOSS,1.5,+300,0,-1.5,0.91
5,19455,0.25,,LOSS,1.5,+300,0,-1.5,0.62
5,24481,0.242,,LOSS,1,+300,0,-1,0.64
5,8480,0.241,,LOSS,1,+300,0,-1,0
5,19960,0.234,,WIN,1,+300,4,3,0.3
5,25569,0.228,,LOSS,1,+300,0,-1,0.02
5,16333,0.227,,LOSS,1,+300,0,-1,0.27
5,16395,0.224,,LOSS,1,+300,0,-1,0.55
5,5874,0.222,,LOSS,1,+300,0,-1,0.41
5,26660,0.221,,LOSS,1,+300,0,-1,0.79
5,6762,0.218,,WIN,1,+300,4,3,0.32
5,5665,0.216,,LOSS,1,+300,0,-1,0.64
5,6093,0.216,,LOSS,1,+300,0,-1,0.5
5,13997,0.21,,LOSS,1,+300,0,-1,0.02
5,15330,0.209,,WIN,1,+300,4,3,0.34
5,23475,0.206,,LOSS,1,+300,0,-1,0.57
5,14013,0.204,,LOSS,1,+300,0,-1,0.28
5,25213,0.203,,LOSS,1,+300,0,-1,0.43
5,7820,0.202,,LOSS,1,+300,0,-1,0.56
518,16333,0.315,,WIN,1.5,+300,6,4.5,0.95
518,22760,0.301,,LOSS,1.5,+300,0,-1.5,0.87
518,28159,0.273,,WIN,1.5,+300,6,4.5,0.77
518,12946,0.27,,LOSS,1.5,+300,0,-1.5,0.75
518,25908,0.263,,WIN,1.5,+300,6,4.5,0.6
518,16039,0.255,,LOSS,1.5,+300,0,-1.5,0.64
518,13127,0.252,,LOSS,1.5,+300,0,-1.5,0.7
518,18635,0.249,,LOSS,1,+300,0,-1,0.55
518,11117,0.219,,LOSS,1,+300,0,-1,0.37
518,14509,0.207,,LOSS,1,+300,0,-1,0.28
518,6930,0.203,,LOSS,1,+300,0,-1,0.32
524,25442,0.483,,LOSS,2,+300,0,-2,1.7
524,23014,0.407,,LOSS,2,+300,0,-2,1.67
524,22085,0.374,,WIN,2,+300,8,6,0.88
524,7399,0.374,,LOSS,2,+300,0,-2,1.51
524,25094,0.37,,LOSS,2,+300,0,-2,1.31
524,23504,0.365,,WIN,2,+300,8,6,1.34
524,15466,0.352,,WIN,2,+300,8,6,1.23
524,17488,0.352,,LOSS,2,+300,0,-2,0.58
524,19870,0.343,,LOSS,1.5,+300,0,-1.5,1.17
524,22833,0.314,,LOSS,1.5,+300,0,-1.5,1.02
524,24968,0.305,,LOSS,1.5,+300,0,-1.5,0.87
524,16283,0.301,,LOSS,1.5,+300,0,-1.5,0.9
524,22760,0.3,,LOSS,1.5,+300,0,-1.5,0.95
524,10943,0.298,,LOSS,1.5,+300,0,-1.5,1.17
524,23602,0.285,,LOSS,1.5,+300,0,-1.5,0.65
524,18634,0.278,,LOSS,1.5,+300,0,-1.5,0.82
524,16715,0.274,,LOSS,1.5,+300,0,-1.5,0.64
524,29767,0.264,,LOSS,1.5,+300,0,-1.5,0.8
524,18635,0.261,,LOSS,1.5,+300,0,-1.5,0.69
524,12946,0.261,,LOSS,1.5,+300,0,-1.5,0.6
524,9604,0.256,,LOSS,1.5,+300,0,-1.5,0.59
524,12359,0.255,,WIN,1.5,+300,6,4.5,0.86
524,21944,0.254,,WIN,1.5,+300,6,4.5,0.91
524,17723,0.252,,LOSS,1.5,+300,0,-1.5,0.33
524,11117,0.252,,LOSS,1.5,+300,0,-1.5,0.76
524,21237,0.249,,LOSS,1,+300,0,-1,0.55
524,14655,0.249,,LOSS,1,+300,0,-1,0.36
524,21995,0.249,,WIN,1,+300,4,3,0.47
524,28270,0.245,,WIN,1,+300,4,3,0.61
524,18424,0.245,,LOSS,1,+300,0,-1,0.62
524,17550,0.236,,LOSS,1,+300,0,-1,0.27
524,27774,0.234,,LOSS,1,+300,0,-1,0.5
524,16433,0.227,,LOSS,1,+300,0,-1,0.84
524,13126,0.22,,LOSS,1,+300,0,-1,0.59
524,17365,0.211,,LOSS,1,+300,0,-1,0.14
524,17606,0.204,,LOSS,1,+300,0,-1,0.1
524,20722,0.203,,LOSS,1,+300,0,-1,0.22
524,6252,0.203,,LOSS,1,+300,0,-1,0.45
525,26096,0.432,,LOSS,2,+300,0,-2,1.89
525,26651,0.421,,LOSS,2,+300,0,-2,1.85
525,7399,0.399,,LOSS,2,+300,0,-2,1.65
525,21995,0.375,,LOSS,2,+300,0,-2,1.08
525,25442,0.369,,LOSS,2,+300,0,-2,1.31
525,17536,0.341,,LOSS,1.5,+300,0,-1.5,0.97
525,13872,0.326,,LOSS,1.5,+300,0,-1.5,1.13
525,13965,0.325,,LOSS,1.5,+300,0,-1.5,0.92
525,16333,0.314,,LOSS,1.5,+300,0,-1.5,1.08
525,19483,0.312,,WIN,1.5,+300,6,4.5,1.09
525,27600,0.303,,LOSS,1.5,+300,0,-1.5,0.79
525,32055,0.29,,LOSS,1.5,+300,0,-1.5,0.67
525,16283,0.284,,LOSS,1.5,+300,0,-1.5,0.7
525,8480,0.279,,WIN,1.5,+300,6,4.5,0.72
525,25569,0.276,,WIN,1.5,+300,6,4.5,0.72
525,11276,0.264,,WIN,1.5,+300,6,4.5,0.5
525,15004,0.261,,LOSS,1.5,+300,0,-1.5,0.61
525,22760,0.257,,LOSS,1.5,+300,0,-1.5,0.71
525,27364,0.255,,LOSS,1.5,+300,0,-1.5,0.26
525,13508,0.251,,WIN,1.5,+300,6,4.5,0.53
525,12808,0.249,,WIN,1,+300,4,3,0.55
525,16715,0.238,,LOSS,1,+300,0,-1,0.8
525,25002,0.236,,LOSS,1,+300,0,-1,0.58
525,19396,0.236,,LOSS,1,+300,0,-1,0.49
525,21891,0.228,,WIN,1,+300,4,3,0.68
525,15470,0.228,,LOSS,1,+300,0,-1,0.38
525,27164,0.227,,LOSS,1,+300,0,-1,0.55
525,14655,0.226,,LOSS,1,+300,0,-1,0.22
525,21237,0.214,,LOSS,1,+300,0,-1,0.27
525,10943,0.213,,LOSS,1,+300,0,-1,0.57
525,21943,0.208,,WIN,1,+300,4,3,0.21
527,23465,0.466,,WIN,2,+300,8,6,1.67
527,17488,0.437,,LOSS,2,+300,0,-2,1.69
527,19428,0.404,,LOSS,2,+300,0,-2,1.28
527,18554,0.403,,LOSS,2,+300,0,-2,1.7
527,26651,0.393,,LOSS,2,+300,0,-2,1.63
527,14609,0.368,,LOSS,2,+300,0,-2,1.39
527,25094,0.348,,LOSS,1.5,+300,0,-1.5,1.04
527,14796,0.336,,LOSS,1.5,+300,0,-1.5,0.85
527,24766,0.322,,LOSS,1.5,+300,0,-1.5,0.95
527,23504,0.312,,LOSS,1.5,+300,0,-1.5,0.81
527,12294,0.305,,LOSS,1.5,+300,0,-1.5,0.79
527,19455,0.293,,LOSS,1.5,+300,0,-1.5,0.62
527,16283,0.293,,WIN,1.5,+300,6,4.5,0.92
527,16333,0.286,,LOSS,1.5,+300,0,-1.5,0.86
527,17576,0.273,,LOSS,1.5,+300,0,-1.5,0.85
527,12359,0.269,,LOSS,1.5,+300,0,-1.5,0.63
527,15470,0.256,,WIN,1.5,+300,6,4.5,0.54
527,11019,0.246,,LOSS,1,+300,0,-1,0.39
527,18474,0.244,,LOSS,1,+300,0,-1,0.3
527,8480,0.239,,LOSS,1,+300,0,-1,0.66
527,20730,0.239,,LOSS,1,+300,0,-1,0.38
527,23542,0.238,,WIN,1,+300,4,3,0.66
527,27194,0.234,,WIN,1,+300,4,3,0.58
527,23475,0.233,,WIN,1,+300,4,3,0.12
527,19477,0.231,,WIN,1,+300,4,3,0.52
527,17639,0.217,,LOSS,1,+300,0,-1,0.35
527,27164,0.208,,LOSS,1,+300,0,-1,0.43
527,15004,0.207,,LOSS,1,+300,0,-1,0.33
527,16433,0.207,,WIN,1,+300,4,3,0.53
528,19870,0.344,,WIN,1.5,+300,6,4.5,1.09
528,14704,0.323,,LOSS,1.5,+300,0,-1.5,1.35
528,15556,0.296,,LOSS,1.5,+300,0,-1.5,0.87
528,10104,0.295,,WIN,1.5,+300,6,4.5,1.19
528,20519,0.287,,LOSS,1.5,+300,0,-1.5,1.09
528,14181,0.275,,WIN,1.5,+300,6,4.5,1.08
528,23542,0.273,,LOSS,1.5,+300,0,-1.5,0.87
528,22833,0.264,,LOSS,1.5,+300,0,-1.5,0.63
528,22535,0.225,,LOSS,1,+300,0,-1,0.47
528,6252,0.224,,WIN,1,+300,4,3,0.06
528,16333,0.205,,LOSS,1,+300,0,-1,0.31
54,23604,0.379,,LOSS,2,+300,0,-2,1.49
54,14181,0.351,,WIN,2,+300,8,6,1.25
54,18634,0.351,,LOSS,2,+300,0,-2,1.27
54,14578,0.329,,LOSS,1.5,+300,0,-1.5,1.15
54,23014,0.322,,LOSS,1.5,+300,0,-1.5,0.7
54,17068,0.306,,LOSS,1.5,+300,0,-1.5,0.92
54,16283,0.292,,LOSS,1.5,+300,0,-1.5,0.54
54,17536,0.288,,LOSS,1.5,+300,0,-1.5,1
54,18103,0.281,,LOSS,1.5,+300,0,-1.5,0.58
54,13965,0.272,,LOSS,1.5,+300,0,-1.5,0.96
54,23482,0.27,,WIN,1.5,+300,6,4.5,0.42
54,17365,0.268,,WIN,1.5,+300,6,4.5,0.51
54,13126,0.265,,WIN,1.5,+300,6,4.5,0.48
54,6169,0.251,,LOSS,1.5,+300,0,-1.5,0.72
54,14459,0.25,,LOSS,1.5,+300,0,-1.5,0.43
54,28469,0.25,,LOSS,1.5,+300,0,-1.5,0.72
54,16394,0.248,,LOSS,1,+300,0,-1,0.66
54,21756,0.237,,LOSS,1,+300,0,-1,0.65
54,18761,0.226,,LOSS,1,+300,0,-1,0.4
54,17881,0.224,,WIN,1,+300,4,3,0.31
54,12423,0.221,,LOSS,1,+300,0,-1,0.61
54,12946,0.218,,LOSS,1,+300,0,-1,0.42
54,23475,0.216,,LOSS,1,+300,0,-1,0.34
54,25569,0.209,,LOSS,1,+300,0,-1,0.15
54,11657,0.206,,LOSS,1,+300,0,-1,0.14
54,10943,0.201,,LOSS,1,+300,0,-1,-0.07
541,18417,0.664,,LOSS,3,+300,0,-3,2.96
541,24968,0.383,,LOSS,2,+300,0,-2,1.21
541,24766,0.38,,WIN,2,+300,8,6,1.2
541,12808,0.368,,LOSS,2,+300,0,-2,1.7
541,21944,0.359,,LOSS,2,+300,0,-2,1.77
541,14139,0.356,,LOSS,2,+300,0,-2,1.45
541,17723,0.35,,LOSS,2,+300,0,-2,1.03
541,10104,0.337,,LOSS,1.5,+300,0,-1.5,1.2
541,16283,0.336,,LOSS,1.5,+300,0,-1.5,0.93
541,23475,0.331,,LOSS,1.5,+300,0,-1.5,1.19
541,6093,0.327,,LOSS,1.5,+300,0,-1.5,1.05
541,14704,0.325,,LOSS,1.5,+300,0,-1.5,1.12
541,13508,0.325,,LOSS,1.5,+300,0,-1.5,1.16
541,23602,0.324,,LOSS,1.5,+300,0,-1.5,0.98
541,18634,0.301,,WIN,1.5,+300,6,4.5,0.92
541,12423,0.28,,LOSS,1.5,+300,0,-1.5,0.71
541,17365,0.278,,LOSS,1.5,+300,0,-1.5,0.45
541,6430,0.278,,LOSS,1.5,+300,0,-1.5,0.61
541,14459,0.262,,WIN,1.5,+300,6,4.5,0.76
541,25442,0.257,,LOSS,1.5,+300,0,-1.5,0.96
541,14013,0.253,,WIN,1.5,+300,6,4.5,0.36
541,16394,0.224,,LOSS,1,+300,0,-1,0.62
541,17881,0.223,,LOSS,1,+300,0,-1,0.32
541,20730,0.222,,LOSS,1,+300,0,-1,0.35
541,18103,0.22,,WIN,1,+300,4,3,0.39
541,25569,0.218,,LOSS,1,+300,0,-1,0.3
541,5994,0.218,,LOSS,1,+300,0,-1,0.34
541,20770,0.203,,LOSS,1,+300,0,-1,0.3
541,14424,0.2,,WIN,1,+300,4,3,0.06
554,21995,0.342,,LOSS,1.5,+300,0,-1.5,1.23
554,21891,0.318,,LOSS,1.5,+300,0,-1.5,1.55
554,29433,0.302,,LOSS,1.5,+300,0,-1.5,0.77
554,10104,0.295,,WIN,1.5,+300,6,4.5,1.23
554,25157,0.287,,WIN,1.5,+300,6,4.5,1.08
554,17536,0.272,,LOSS,1.5,+300,0,-1.5,0.82
554,13126,0.266,,LOSS,1.5,+300,0,-1.5,0.66
554,13997,0.226,,LOSS,1,+300,0,-1,0.33
554,25213,0.223,,LOSS,1,+300,0,-1,0.43
554,27194,0.218,,LOSS,1,+300,0,-1,0.46
554,21688,0.202,,LOSS,1,+300,0,-1,0.07
6,17365,0.348,,WIN,1.5,+300,6,4.5,1.07
6,24766,0.32,,LOSS,1.5,+300,0,-1.5,1.11
6,21756,0.319,,LOSS,1.5,+300,0,-1.5,0.78
6,6093,0.314,,LOSS,1.5,+300,0,-1.5,0.76
6,12946,0.301,,WIN,1.5,+300,6,4.5,0.84
6,23482,0.296,,LOSS,1.5,+300,0,-1.5,1.08
6,17786,0.291,,LOSS,1.5,+300,0,-1.5,1.08
6,12425,0.291,,LOSS,1.5,+300,0,-1.5,0.65
6,6430,0.285,,LOSS,1.5,+300,0,-1.5,0.91
6,29433,0.273,,LOSS,1.5,+300,0,-1.5,0.64
6,15556,0.252,,LOSS,1.5,+300,0,-1.5,0.63
6,27364,0.246,,LOSS,1,+300,0,-1,0.48
6,17068,0.237,,LOSS,1,+300,0,-1,0.48
6,14636,0.234,,LOSS,1,+300,0,-1,0.66
6,18103,0.234,,WIN,1,+300,4,3,0.5
6,19428,0.231,,LOSS,1,+300,0,-1,0.56
6,24342,0.23,,LOSS,1,+300,0,-1,0.57
6,14698,0.229,,WIN,1,+300,4,3,0.4
6,8825,0.229,,LOSS,1,+300,0,-1,0.23
6,26660,0.225,,LOSS,1,+300,0,-1,0.61
6,14704,0.225,,LOSS,1,+300,0,-1,0.33
6,24481,0.225,,LOSS,1,+300,0,-1,0.61
6,16394,0.222,,LOSS,1,+300,0,-1,0.38
6,14815,0.219,,LOSS,1,+300,0,-1,0.29
6,15473,0.214,,LOSS,1,+300,0,-1,0.44
6,14706,0.21,,LOSS,1,+300,0,-1,0.34
6,5768,0.207,,LOSS,1,+300,0,-1,0.32
6,17576,0.204,,WIN,1,+300,4,3,0.13
6,6169,0.203,,WIN,1,+300,4,3,0.19
6,25157,0.202,,LOSS,1,+300,0,-1,0.39
6,16283,0.202,,LOSS,1,+300,0,-1,0.15
6,21943,0.2,,LOSS,1,+300,0,-1,0.17
60,10091,0.462,,WIN,2,+300,8,6,1.61
60,11676,0.442,,WIN,2,+300,8,6,2.11
60,14796,0.389,,WIN,2,+300,8,6,1.59
60,15575,0.386,,WIN,2,+300,8,6,1.23
60,15856,0.364,,WIN,2,+300,8,6,1.2
60,23323,0.358,,WIN,2,+300,8,6,0.97
60,6430,0.324,,LOSS,1.5,+300,0,-1.5,1.28
60,21554,0.313,,WIN,1.5,+300,6,4.5,1.04
60,8825,0.289,,LOSS,1.5,+300,0,-1.5,0.78
60,17488,0.288,,WIN,1.5,+300,6,4.5,0.64
60,13126,0.285,,LOSS,1.5,+300,0,-1.5,0.71
60,14578,0.278,,WIN,1.5,+300,6,4.5,1.03
60,18554,0.277,,LOSS,1.5,+300,0,-1.5,0.37
60,14139,0.253,,WIN,1.5,+300,6,4.5,0.37
60,17576,0.245,,LOSS,1,+300,0,-1,0.3
60,11276,0.223,,LOSS,1,+300,0,-1,0.51
60,13900,0.214,,WIN,1,+300,4,3,0.02
7,15470,0.381,,LOSS,2,+300,0,-2,1.48
7,22085,0.375,,WIN,2,+300,8,6,1.26
7,19870,0.374,,WIN,2,+300,8,6,1.4
7,17365,0.371,,WIN,2,+300,8,6,1.24
7,14139,0.361,,WIN,2,+300,8,6,0.79
7,14181,0.357,,LOSS,2,+300,0,-2,1.37
7,17780,0.349,,LOSS,1.5,+300,0,-1.5,1.25
7,21554,0.327,,LOSS,1.5,+300,0,-1.5,0.79
7,10419,0.314,,LOSS,1.5,+300,0,-1.5,1.16
7,13997,0.305,,WIN,1.5,+300,6,4.5,1.12
7,13562,0.304,,LOSS,1.5,+300,0,-1.5,0.58
7,11676,0.289,,LOSS,1.5,+300,0,-1.5,0.63
7,12423,0.281,,LOSS,1.5,+300,0,-1.5,0.55
7,17538,0.28,,WIN,1.5,+300,6,4.5,0.76
7,13965,0.264,,LOSS,1.5,+300,0,-1.5,0.4
7,18580,0.262,,LOSS,1.5,+300,0,-1.5,0.61
7,6093,0.259,,LOSS,1.5,+300,0,-1.5,0.48
7,6169,0.257,,LOSS,1.5,+300,0,-1.5,0.32
7,16394,0.257,,LOSS,1.5,+300,0,-1.5,0.53
7,17536,0.252,,LOSS,1.5,+300,0,-1.5,0.18
7,5665,0.245,,LOSS,1,+300,0,-1,0.47
7,21944,0.238,,LOSS,1,+300,0,-1,0.39
7,17646,0.229,,LOSS,1,+300,0,-1,0.24
7,25363,0.228,,LOSS,1,+300,0,-1,0.32
7,14636,0.217,,LOSS,1,+300,0,-1,0.58
7,13367,0.213,,LOSS,1,+300,0,-1,0.3
7,11657,0.213,,LOSS,1,+300,0,-1,0.33
7,19865,0.206,,LOSS,1,+300,0,-1,0.36
88,21995,0.37,,WIN,2,+300,8,6,1.21
88,27600,0.246,,LOSS,1,+300,0,-1,0.44
88,21880,0.236,,LOSS,1,+300,0,-1,0.57
88,27780,0.225,,WIN,1,+300,4,3,0.43
9,19895,0.48,,LOSS,2,+300,0,-2,1.67
9,15466,0.454,,WIN,2,+300,8,6,1.37
9,14578,0.376,,WIN,2,+300,8,6,1.67
9,14139,0.363,,LOSS,2,+300,0,-2,0.97
9,13562,0.361,,WIN,2,+300,8,6,1.42
9,13900,0.311,,LOSS,1.5,+300,0,-1.5,0.84
9,15470,0.271,,WIN,1.5,+300,6,4.5,1.01
9,7649,0.269,,LOSS,1.5,+300,0,-1.5,0.58
9,12946,0.254,,LOSS,1.5,+300,0,-1.5,0.64
9,23604,0.248,,LOSS,1,+300,0,-1,0.6
9,20770,0.237,,LOSS,1,+300,0,-1,0.48
9,17488,0.236,,WIN,1,+300,4,3,0.33
9,21944,0.235,,LOSS,1,+300,0,-1,0.14
9,5994,0.231,,LOSS,1,+300,0,-1,0.42
9,25157,0.227,,LOSS,1,+300,0,-1,0.15
9,26660,0.223,,LOSS,1,+300,0,-1,0.7
9,17536,0.214,,LOSS,1,+300,0,-1,0.31
9,8605,0.214,,LOSS,1,+300,0,-1,0.29
9,14926,0.213,,LOSS,1,+300,0,-1,0.5
9,10104,0.205,,LOSS,1,+300,0,-1,0.08
9,7961,0.204,,LOSS,1,+300,0,-1,0.22
