player_name,pct_drafted,dk_position,fpts,norm,sport,slate_id,contest_id,captured_ts
Eric Cole,26.65,G,14.8,eric cole,golf,golf-dk-2026-07-02-main,191850458,2026-07-05 16:47:49
Ben Griffin,26.13,G,49.05,ben griffin,golf,golf-dk-2026-07-02-main,191850458,2026-07-05 16:47:49
Jackson Koivun,21.53,G,23.25,jackson koivun,golf,golf-dk-2026-07-02-main,191850458,2026-07-05 16:47:49
Jacob Bridgeman,20.3,G,44.95,jacob bridgeman,golf,golf-dk-2026-07-02-main,191850458,2026-07-05 16:47:49
Blades Brown,19.14,G,40.5,blades brown,golf,golf-dk-2026-07-02-main,191850458,2026-07-05 16:47:49
Ryo Hisatsune,18.73,G,44.95,ryo hisatsune,golf,golf-dk-2026-07-02-main,191850458,2026-07-05 16:47:49
J.T. Poston,17.84,G,42.6,jt poston,golf,golf-dk-2026-07-02-main,191850458,2026-07-05 16:47:49
Chris Gotterup,17.26,G,53.25,chris gotterup,golf,golf-dk-2026-07-02-main,191850458,2026-07-05 16:47:49
Jordan Spieth,16.69,G,37.2,jordan spieth,golf,golf-dk-2026-07-02-main,191850458,2026-07-05 16:47:49
Pierceson Coody,15.87,G,40.5,pierceson coody,golf,golf-dk-2026-07-02-main,191850458,2026-07-05 16:47:49
Tom Kim,15.18,G,45.9,tom kim,golf,golf-dk-2026-07-02-main,191850458,2026-07-05 16:47:49
Doug Ghim,14.91,G,36.45,doug ghim,golf,golf-dk-2026-07-02-main,191850458,2026-07-05 16:47:49
Keith Mitchell,13.92,G,23.25,keith mitchell,golf,golf-dk-2026-07-02-main,191850458,2026-07-05 16:47:49
Daniel Berger,13.29,G,43.6,daniel berger,golf,golf-dk-2026-07-02-main,191850458,2026-07-05 16:47:49
Davis Thompson,12.12,G,37.4,davis thompson,golf,golf-dk-2026-07-02-main,191850458,2026-07-05 16:47:49
Max Homa,11.47,G,44.95,max homa,golf,golf-dk-2026-07-02-main,191850458,2026-07-05 16:47:49
Jackson Suber,11.45,G,43.6,jackson suber,golf,golf-dk-2026-07-02-main,191850458,2026-07-05 16:47:49
Michael Brennan,10.71,G,54.2,michael brennan,golf,golf-dk-2026-07-02-main,191850458,2026-07-05 16:47:49
Denny McCarthy,9.9,G,30.8,denny mccarthy,golf,golf-dk-2026-07-02-main,191850458,2026-07-05 16:47:49
Ben Kohles,9.65,G,53.45,ben kohles,golf,golf-dk-2026-07-02-main,191850458,2026-07-05 16:47:49
Matt Wallace,9.54,G,45.9,matt wallace,golf,golf-dk-2026-07-02-main,191850458,2026-07-05 16:47:49
Rickie Fowler,9.48,G,33.15,rickie fowler,golf,golf-dk-2026-07-02-main,191850458,2026-07-05 16:47:49
Keegan Bradley,9.33,G,40.05,keegan bradley,golf,golf-dk-2026-07-02-main,191850458,2026-07-05 16:47:49
Andrew Novak,9.25,G,27.75,andrew novak,golf,golf-dk-2026-07-02-main,191850458,2026-07-05 16:47:49
Sungjae Im,9.2,G,44.75,sungjae im,golf,golf-dk-2026-07-02-main,191850458,2026-07-05 16:47:49
Michael Thorbjornsen,9.16,G,41.65,michael thorbjornsen,golf,golf-dk-2026-07-02-main,191850458,2026-07-05 16:47:49
Sudarshan Yellamaraju,9.04,G,35.05,sudarshan yellamaraju,golf,golf-dk-2026-07-02-main,191850458,2026-07-05 16:47:49
John Keefer,8.98,G,33.95,john keefer,golf,golf-dk-2026-07-02-main,191850458,2026-07-05 16:47:49
Aldrich Potgieter,8.28,G,29.5,aldrich potgieter,golf,golf-dk-2026-07-02-main,191850458,2026-07-05 16:47:49
Taylor Pendrith,7.82,G,41.7,taylor pendrith,golf,golf-dk-2026-07-02-main,191850458,2026-07-05 16:47:49
Rico Hoey,7.46,G,43.6,rico hoey,golf,golf-dk-2026-07-02-main,191850458,2026-07-05 16:47:49
Michael Kim,7.03,G,25.6,michael kim,golf,golf-dk-2026-07-02-main,191850458,2026-07-05 16:47:49
Emiliano Grillo,6.9,G,34.1,emiliano grillo,golf,golf-dk-2026-07-02-main,191850458,2026-07-05 16:47:49
Tony Finau,6.77,G,39.4,tony finau,golf,golf-dk-2026-07-02-main,191850458,2026-07-05 16:47:49
Andrew Putnam,6.29,G,45.9,andrew putnam,golf,golf-dk-2026-07-02-main,191850458,2026-07-05 16:47:49
Max McGreevy,6.21,G,33.7,max mcgreevy,golf,golf-dk-2026-07-02-main,191850458,2026-07-05 16:47:49
Taylor Moore,6,G,35.05,taylor moore,golf,golf-dk-2026-07-02-main,191850458,2026-07-05 16:47:49
Hao-Tong Li,5.93,G,44.95,haotong li,golf,golf-dk-2026-07-02-main,191850458,2026-07-05 16:47:49
Max Greyserman,5.77,G,32,max greyserman,golf,golf-dk-2026-07-02-main,191850458,2026-07-05 16:47:49
Christiaan Bezuidenhout,5.68,G,42.6,christiaan bezuidenhout,golf,golf-dk-2026-07-02-main,191850458,2026-07-05 16:47:49
Beau Hossler,5.66,G,33.15,beau hossler,golf,golf-dk-2026-07-02-main,191850458,2026-07-05 16:47:49
William Mouw,5.31,G,50.15,william mouw,golf,golf-dk-2026-07-02-main,191850458,2026-07-05 16:47:49
Mac Meissner,5.18,G,46.85,mac meissner,golf,golf-dk-2026-07-02-main,191850458,2026-07-05 16:47:49
Austin Smotherman,4.89,G,54.2,austin smotherman,golf,golf-dk-2026-07-02-main,191850458,2026-07-05 16:47:49
Tom Hoge,4.57,G,25.4,tom hoge,golf,golf-dk-2026-07-02-main,191850458,2026-07-05 16:47:49
Carson Young,4.53,G,27.55,carson young,golf,golf-dk-2026-07-02-main,191850458,2026-07-05 16:47:49
Stephan Jaeger,4.47,G,57.7,stephan jaeger,golf,golf-dk-2026-07-02-main,191850458,2026-07-05 16:47:49
A.J. Ewart,3.88,G,44.95,aj ewart,golf,golf-dk-2026-07-02-main,191850458,2026-07-05 16:47:49
Seamus Power,3.86,G,12.7,seamus power,golf,golf-dk-2026-07-02-main,191850458,2026-07-05 16:47:49
Kevin Yu,3.52,G,51.15,kevin yu,golf,golf-dk-2026-07-02-main,191850458,2026-07-05 16:47:49
Zac Blair,3.1,G,67,zac blair,golf,golf-dk-2026-07-02-main,191850458,2026-07-05 16:47:49
Zachary Bauchou,3.08,G,40.3,zachary bauchou,golf,golf-dk-2026-07-02-main,191850458,2026-07-05 16:47:49
Austin Eckroat,2.98,G,28.9,austin eckroat,golf,golf-dk-2026-07-02-main,191850458,2026-07-05 16:47:49
Chan Kim,2.85,G,40.7,chan kim,golf,golf-dk-2026-07-02-main,191850458,2026-07-05 16:47:49
Lee Hodges,2.79,G,57.7,lee hodges,golf,golf-dk-2026-07-02-main,191850458,2026-07-05 16:47:49
Preston Stout,2.49,G,54.2,preston stout,golf,golf-dk-2026-07-02-main,191850458,2026-07-05 16:47:49
Kevin Roy,2.47,G,37.4,kevin roy,golf,golf-dk-2026-07-02-main,191850458,2026-07-05 16:47:49
Adrien Dumont De Chassart,2.45,G,26.55,adrien dumont de chassart,golf,golf-dk-2026-07-02-main,191850458,2026-07-05 16:47:49
Lucas Glover,2.39,G,71,lucas glover,golf,golf-dk-2026-07-02-main,191850458,2026-07-05 16:47:49
Patrick Rodgers,2.24,G,0,patrick rodgers,golf,golf-dk-2026-07-02-main,191850458,2026-07-05 16:47:49
Brian Campbell,2.2,G,34.1,brian campbell,golf,golf-dk-2026-07-02-main,191850458,2026-07-05 16:47:49
David Lipsky,2.18,G,45.9,david lipsky,golf,golf-dk-2026-07-02-main,191850458,2026-07-05 16:47:49
Mark Hubbard,2.18,G,27.5,mark hubbard,golf,golf-dk-2026-07-02-main,191850458,2026-07-05 16:47:49
Matthieu Pavon,2.14,G,26.55,matthieu pavon,golf,golf-dk-2026-07-02-main,191850458,2026-07-05 16:47:49
Mackenzie Hughes,2.12,G,25.6,mackenzie hughes,golf,golf-dk-2026-07-02-main,191850458,2026-07-05 16:47:49
Luke Clanton,1.87,G,44.3,luke clanton,golf,golf-dk-2026-07-02-main,191850458,2026-07-05 16:47:49
Garrick Higgo,1.8,G,29.85,garrick higgo,golf,golf-dk-2026-07-02-main,191850458,2026-07-05 16:47:49
Chandler Blanchet,1.53,G,35.05,chandler blanchet,golf,golf-dk-2026-07-02-main,191850458,2026-07-05 16:47:49
Patrick Fishburn,1.49,G,55.4,patrick fishburn,golf,golf-dk-2026-07-02-main,191850458,2026-07-05 16:47:49
Seung-Yul Noh,1.47,G,19,seungyul noh,golf,golf-dk-2026-07-02-main,191850458,2026-07-05 16:47:49
Erik Van Rooyen,1.4,G,33.15,erik van rooyen,golf,golf-dk-2026-07-02-main,191850458,2026-07-05 16:47:49
Neal Shipley,1.34,G,27.75,neal shipley,golf,golf-dk-2026-07-02-main,191850458,2026-07-05 16:47:49
Thorbjorn Olesen,1.3,G,15.95,thorbjorn olesen,golf,golf-dk-2026-07-02-main,191850458,2026-07-05 16:47:49
Keita Nakajima,1.26,G,34.1,keita nakajima,golf,golf-dk-2026-07-02-main,191850458,2026-07-05 16:47:49
Zach Johnson,1.24,G,58.7,zach johnson,golf,golf-dk-2026-07-02-main,191850458,2026-07-05 16:47:49
Steven Fisk,1.2,G,40.7,steven fisk,golf,golf-dk-2026-07-02-main,191850458,2026-07-05 16:47:49
Takumi Kanaya,1.17,G,33.15,takumi kanaya,golf,golf-dk-2026-07-02-main,191850458,2026-07-05 16:47:49
Nick Dunlap,1.13,G,44.95,nick dunlap,golf,golf-dk-2026-07-02-main,191850458,2026-07-05 16:47:49
Troy Merritt,0.94,G,50.15,troy merritt,golf,golf-dk-2026-07-02-main,191850458,2026-07-05 16:47:49
Adam Svensson,0.94,G,36.05,adam svensson,golf,golf-dk-2026-07-02-main,191850458,2026-07-05 16:47:49
Tyler Duncan,0.9,G,49.2,tyler duncan,golf,golf-dk-2026-07-02-main,191850458,2026-07-05 16:47:49
Hayden Springer,0.86,G,51.15,hayden springer,golf,golf-dk-2026-07-02-main,191850458,2026-07-05 16:47:49
Adam Hadwin,0.78,G,24.45,adam hadwin,golf,golf-dk-2026-07-02-main,191850458,2026-07-05 16:47:49
Joel Dahmen,0.75,G,50.15,joel dahmen,golf,golf-dk-2026-07-02-main,191850458,2026-07-05 16:47:49
Matt Kuchar,0.75,G,27.5,matt kuchar,golf,golf-dk-2026-07-02-main,191850458,2026-07-05 16:47:49
Zecheng Dou,0.73,G,49.95,zecheng dou,golf,golf-dk-2026-07-02-main,191850458,2026-07-05 16:47:49
Vince Whaley,0.55,G,19.05,vince whaley,golf,golf-dk-2026-07-02-main,191850458,2026-07-05 16:47:49
Luke List,0.54,G,20.2,luke list,golf,golf-dk-2026-07-02-main,191850458,2026-07-05 16:47:49
Jeremy Paul,0.52,G,26.55,jeremy paul,golf,golf-dk-2026-07-02-main,191850458,2026-07-05 16:47:49
Chad Ramey,0.52,G,29.5,chad ramey,golf,golf-dk-2026-07-02-main,191850458,2026-07-05 16:47:49
Davis Riley,0.5,G,60.45,davis riley,golf,golf-dk-2026-07-02-main,191850458,2026-07-05 16:47:49
Brice Garnett,0.48,G,24.65,brice garnett,golf,golf-dk-2026-07-02-main,191850458,2026-07-05 16:47:49
Kris Ventura,0.48,G,37.4,kris ventura,golf,golf-dk-2026-07-02-main,191850458,2026-07-05 16:47:49
Jimmy Stanger,0.42,G,29.7,jimmy stanger,golf,golf-dk-2026-07-02-main,191850458,2026-07-05 16:47:49
Trace Crowe,0.42,G,41.5,trace crowe,golf,golf-dk-2026-07-02-main,191850458,2026-07-05 16:47:49
Camilo Villegas,0.42,G,28.9,camilo villegas,golf,golf-dk-2026-07-02-main,191850458,2026-07-05 16:47:49
David Skinns,0.38,G,24.65,david skinns,golf,golf-dk-2026-07-02-main,191850458,2026-07-05 16:47:49
Dylan Wu,0.34,G,29.65,dylan wu,golf,golf-dk-2026-07-02-main,191850458,2026-07-05 16:47:49
Harry Higgs,0.34,G,47.8,harry higgs,golf,golf-dk-2026-07-02-main,191850458,2026-07-05 16:47:49
Kevin Streelman,0.32,G,36.25,kevin streelman,golf,golf-dk-2026-07-02-main,191850458,2026-07-05 16:47:49
Dylan Frittelli,0.32,G,35.05,dylan frittelli,golf,golf-dk-2026-07-02-main,191850458,2026-07-05 16:47:49
Brendon Todd,0.31,G,33.15,brendon todd,golf,golf-dk-2026-07-02-main,191850458,2026-07-05 16:47:49
Paul Peterson,0.29,G,27.5,paul peterson,golf,golf-dk-2026-07-02-main,191850458,2026-07-05 16:47:49
Lanto Griffin,0.29,G,47.85,lanto griffin,golf,golf-dk-2026-07-02-main,191850458,2026-07-05 16:47:49
Fabian Gomez,0.29,G,25.6,fabian gomez,golf,golf-dk-2026-07-02-main,191850458,2026-07-05 16:47:49
Webb Simpson,0.29,G,41.45,webb simpson,golf,golf-dk-2026-07-02-main,191850458,2026-07-05 16:47:49
Karl Vilips,0.25,G,27.55,karl vilips,golf,golf-dk-2026-07-02-main,191850458,2026-07-05 16:47:49
Cameron Champ,0.23,G,27.75,cameron champ,golf,golf-dk-2026-07-02-main,191850458,2026-07-05 16:47:49
Ryan Brehm,0.23,G,40.7,ryan brehm,golf,golf-dk-2026-07-02-main,191850458,2026-07-05 16:47:49
Chandler Phillips,0.21,G,37.4,chandler phillips,golf,golf-dk-2026-07-02-main,191850458,2026-07-05 16:47:49
Justin Lower,0.21,G,25.6,justin lower,golf,golf-dk-2026-07-02-main,191850458,2026-07-05 16:47:49
Alejandro Tosti,0.19,G,21.15,alejandro tosti,golf,golf-dk-2026-07-02-main,191850458,2026-07-05 16:47:49
Kensei Hirata,0.17,G,41.65,kensei hirata,golf,golf-dk-2026-07-02-main,191850458,2026-07-05 16:47:49
Danny Walker,0.17,G,7.1,danny walker,golf,golf-dk-2026-07-02-main,191850458,2026-07-05 16:47:49
Joe Highsmith,0.17,G,20.2,joe highsmith,golf,golf-dk-2026-07-02-main,191850458,2026-07-05 16:47:49
Peter Malnati,0.15,G,37.2,peter malnati,golf,golf-dk-2026-07-02-main,191850458,2026-07-05 16:47:49
Nick Hardy,0.15,G,20.2,nick hardy,golf,golf-dk-2026-07-02-main,191850458,2026-07-05 16:47:49
Rafael Campos,0.15,G,54.2,rafael campos,golf,golf-dk-2026-07-02-main,191850458,2026-07-05 16:47:49
Adam Schenk,0.13,G,28.9,adam schenk,golf,golf-dk-2026-07-02-main,191850458,2026-07-05 16:47:49
Hank Lebioda,0.13,G,33.95,hank lebioda,golf,golf-dk-2026-07-02-main,191850458,2026-07-05 16:47:49
Jeffrey Kang,0.11,G,30.8,jeffrey kang,golf,golf-dk-2026-07-02-main,191850458,2026-07-05 16:47:49
Ben Silverman,0.1,G,21.35,ben silverman,golf,golf-dk-2026-07-02-main,191850458,2026-07-05 16:47:49
Patton Kizzire,0.1,G,31.75,patton kizzire,golf,golf-dk-2026-07-02-main,191850458,2026-07-05 16:47:49
Pontus Nyholm,0.1,G,47.6,pontus nyholm,golf,golf-dk-2026-07-02-main,191850458,2026-07-05 16:47:49
Nicholas Lindheim,0.1,G,37.4,nicholas lindheim,golf,golf-dk-2026-07-02-main,191850458,2026-07-05 16:47:49
Noah Goodwin,0.08,G,42.65,noah goodwin,golf,golf-dk-2026-07-02-main,191850458,2026-07-05 16:47:49
Ryan Voois,0.08,G,40.7,ryan voois,golf,golf-dk-2026-07-02-main,191850458,2026-07-05 16:47:49
Augusto Nunez,0.06,G,23.25,augusto nunez,golf,golf-dk-2026-07-02-main,191850458,2026-07-05 16:47:49
Christo Lamprecht,0.06,G,8.15,christo lamprecht,golf,golf-dk-2026-07-02-main,191850458,2026-07-05 16:47:49
Marcelo Rozo,0.06,G,26.55,marcelo rozo,golf,golf-dk-2026-07-02-main,191850458,2026-07-05 16:47:49
Martin Laird,0.06,G,25.6,martin laird,golf,golf-dk-2026-07-02-main,191850458,2026-07-05 16:47:49
Ben Martin,0.06,G,26.55,ben martin,golf,golf-dk-2026-07-02-main,191850458,2026-07-05 16:47:49
Jonathan Byrd,0.04,G,36.45,jonathan byrd,golf,golf-dk-2026-07-02-main,191850458,2026-07-05 16:47:49
Michael Feagles,0.02,G,37.4,michael feagles,golf,golf-dk-2026-07-02-main,191850458,2026-07-05 16:47:49
John VanDerLaan,0.02,G,20.9,john vanderlaan,golf,golf-dk-2026-07-02-main,191850458,2026-07-05 16:47:49
Davis Chatfield,0.02,G,38.35,davis chatfield,golf,golf-dk-2026-07-02-main,191850458,2026-07-05 16:47:49
Robert Streb,0.02,G,29.85,robert streb,golf,golf-dk-2026-07-02-main,191850458,2026-07-05 16:47:49
Mason Howell,0.02,G,28.7,mason howell,golf,golf-dk-2026-07-02-main,191850458,2026-07-05 16:47:49
Will Gordon,0.02,G,36.3,will gordon,golf,golf-dk-2026-07-02-main,191850458,2026-07-05 16:47:49
Gordon Sargent,0.02,G,45.9,gordon sargent,golf,golf-dk-2026-07-02-main,191850458,2026-07-05 16:47:49
Darin Fisher,0.02,G,6.05,darin fisher,golf,golf-dk-2026-07-02-main,191850458,2026-07-05 16:47:49
