event_id,year,n,spearman,our_act,opt_act,sal_act,pct_opt,cash_line,cashed,du_roi,pctile,gpp_roi
10,2023,142,0.12724868037468,307,689,462.5,0.445573294629898,330.5,0,-1,0.363333333333333,-1
10,2025,142,0.245463834872541,523.5,701.5,438,0.746258018531718,422.75,1,0.8,0.951666666666667,2
100,2023,156,0.301202493055673,394,696,269,0.566091954022989,287.5,1,0.8,0.963333333333333,2
100,2024,156,0.339274509974072,296,561,166.5,0.527629233511586,245.5,1,0.8,0.823333333333333,0.2
100,2025,156,0.47971302575113,590.5,622.5,474.5,0.94859437751004,360,1,0.8,1,99
11,2023,143,0.312417785857042,386.5,690.5,305.5,0.559739319333816,382.25,1,0.8,0.523333333333333,-1
11,2024,143,0.194548593844242,508.5,735,488,0.691836734693878,377.5,1,0.8,0.961666666666667,2
11,2025,142,0.25331803568314,407.5,643,350.5,0.633748055987558,333.75,1,0.8,0.915833333333333,0.8
12,2023,142,0.271718926800999,420,672,421,0.625,386,1,0.8,0.690833333333333,-1
12,2024,69,0.0444793708504356,489,672.5,477,0.727137546468402,463.5,1,0.8,0.764166666666667,-1
12,2025,72,0.379691881869376,456.5,705,438,0.647517730496454,452,1,0.8,0.556666666666667,-1
13,2023,156,0.185568535365218,342.5,780,513,0.439102564102564,383.5,0,-1,0.290833333333333,-1
13,2024,154,0.26080098388484,193,796,242.5,0.242462311557789,387,0,-1,0.00166666666666667,-1
13,2025,154,0.299678936993059,473.5,745,299.5,0.635570469798658,362.5,1,0.8,0.926666666666667,0.8
14,2023,86,0.299907978382863,298,611,448,0.48772504091653,339,0,-1,0.24,-1
14,2024,89,0.206854126628548,345.5,513.5,360.5,0.672833495618306,307.5,1,0.8,0.7775,-1
14,2025,95,0.344636506211364,186,644,581,0.288819875776398,314,0,-1,0.02,-1
16,2023,39,0.414569943524762,627,836.5,639,0.749551703526599,633.5,0,-1,0.449166666666667,-1
16,2024,59,0.32265185379665,668.5,961.5,704,0.695267810712429,655.5,1,0.8,0.605833333333333,-1
16,2025,59,0.500212013483299,660.5,933.5,738.5,0.707552222817354,650.5,1,0.8,0.573333333333333,-1
19,2023,154,0.260107861298584,613.5,847.5,495,0.723893805309734,449,1,0.8,0.988333333333333,5
19,2024,152,0.0857541765763227,417,846,405,0.49290780141844,433.5,0,-1,0.425,-1
19,2025,154,0.318371199432784,479,897,488,0.534002229654404,417.25,1,0.8,0.7925,0.2
2,2023,155,0.358965433081515,554,856,0,0.647196261682243,522.5,1,0.8,0.7075,-1
2,2025,154,0.331225780133709,522.5,812,608.5,0.643472906403941,496.5,1,0.8,0.644166666666667,-1
20,2024,142,0.279728539964127,280.5,663,431,0.423076923076923,348.5,0,-1,0.1275,-1
20,2025,153,0.362237900612279,319,794,368.5,0.40176322418136,366.75,0,-1,0.235833333333333,-1
21,2023,120,0.14913243611919,357.5,620,381,0.576612903225807,284.75,1,0.8,0.900833333333333,0.8
21,2024,132,0.116642118857044,235,619.5,364,0.379338175948345,283.75,0,-1,0.194166666666667,-1
21,2025,134,0.255722539296616,230.5,690,0,0.334057971014493,315,0,-1,0.0716666666666667,-1
23,2023,119,0.492942535929991,337.5,579.5,0,0.582398619499569,320,1,0.8,0.6325,-1
23,2025,72,0.453478469942485,292,572,283,0.510489510489511,320.75,0,-1,0.280833333333333,-1
26,2023,156,0.454827942919634,265.5,606.5,237.5,0.437757625721352,319.75,0,-1,0.163333333333333,-1
26,2024,155,0.492052598274508,259,499.5,110.5,0.518518518518519,271.5,0,-1,0.3975,-1
26,2025,156,0.599725663217714,199,528,273,0.376893939393939,223.5,0,-1,0.300833333333333,-1
27,2023,70,0.142808395247205,489,660,494,0.740909090909091,460.5,1,0.8,0.745833333333333,-1
27,2025,69,0.149388746860949,450.5,828,519.5,0.544082125603865,436.25,1,0.8,0.649166666666667,-1
28,2023,50,0.0462044630277472,435,594.5,343,0.731707317073171,400,1,0.8,0.784166666666667,0.2
28,2024,50,-0.092996450641002,436,711,382.5,0.613220815752461,422,1,0.8,0.638333333333333,-1
28,2025,49,0.396631806737357,400.5,620,460,0.645967741935484,373.5,1,0.8,0.755,-1
3,2024,131,0.271942811585808,411.5,804,533.5,0.51181592039801,384.5,1,0.8,0.653333333333333,-1
3,2025,132,0.181863725412762,239.5,828,278,0.289251207729469,360,0,-1,0.0275,-1
30,2024,155,0.494711046467168,304,853.5,561,0.35618043350908,482.5,0,-1,0.0158333333333333,-1
30,2025,155,0.316138572353871,347,789,366.5,0.43979721166033,382.75,0,-1,0.314166666666667,-1
32,2023,148,0.476223611881078,417,692.5,329.5,0.60216606498195,387.25,1,0.8,0.661666666666667,-1
32,2024,156,0.437008562059588,401,697,0,0.57532281205165,347,1,0.8,0.775833333333333,-1
33,2023,155,0.234921563373307,326.5,550,303.5,0.593636363636364,244.25,1,0.8,0.9475,2
33,2024,156,0.43560366613397,328.5,709,339.5,0.463328631875882,377.25,0,-1,0.251666666666667,-1
33,2025,155,0.434304158659005,232,584.5,230.5,0.396920444824636,287.5,0,-1,0.1725,-1
34,2023,155,0.418431721454139,625,783,360,0.798212005108557,445.5,1,0.8,0.9925,19
34,2024,70,0.361648306915396,528.5,785,588.5,0.673248407643312,534.25,0,-1,0.453333333333333,-1
4,2023,156,0.41753937154459,329.5,595,457,0.553781512605042,333.25,0,-1,0.479166666666667,-1
41,2025,143,0.271063756282255,169,651,302,0.259600614439324,300,0,-1,0.0025,-1
457,2024,115,0.473918487236817,563,876,459,0.642694063926941,495.25,1,0.8,0.834166666666667,0.2
457,2025,112,0.128647827302088,483,899,646.5,0.537263626251391,512.75,0,-1,0.3575,-1
464,2024,143,0.203551421353209,464.5,837,377,0.554958183990442,356.25,1,0.8,0.964166666666667,2
47,2024,129,0.273138600566739,455.5,886.5,0,0.513818386914834,417.5,1,0.8,0.668333333333333,-1
475,2023,142,0.154978424036201,297,573.5,318.5,0.517872711421099,297,1,0.8,0.503333333333333,-1
475,2024,151,0.217733270874555,337.5,684,300,0.493421052631579,289.25,1,0.8,0.785833333333333,0.2
475,2025,152,0.328515036065079,250,618,464,0.40453074433657,318.5,0,-1,0.125,-1
480,2023,152,0.22071178678943,327,663,153,0.493212669683258,364.25,0,-1,0.2975,-1
480,2024,68,0.19313637538917,528.5,627,442.5,0.842902711323764,367,1,0.8,1,99
480,2025,71,0.0968107189162485,421,739.5,513.5,0.569303583502367,437.5,0,-1,0.336666666666667,-1
483,2023,112,0.529718383258154,492.5,801,432.5,0.614856429463171,336.75,1,0.8,0.980833333333333,5
483,2025,127,0.207860601183857,502,828,369,0.606280193236715,396.75,1,0.8,0.915,0.8
493,2024,150,0.233001951309246,400,717,457.5,0.557880055788006,365.5,1,0.8,0.673333333333333,-1
493,2025,145,0.326287477232668,290,824,489,0.351941747572816,494.75,0,-1,0.00166666666666667,-1
5,2023,154,0.337314517784129,390,721.5,483.5,0.540540540540541,384.75,1,0.8,0.545,-1
5,2024,79,0.0866505590586366,349.5,744,439.5,0.469758064516129,367.5,0,-1,0.316666666666667,-1
5,2025,80,0.0678093295550034,381,778,0,0.489717223650386,477.5,0,-1,0.0383333333333333,-1
518,2023,150,0.274556077179665,373,837.5,361.5,0.445373134328358,341.25,1,0.8,0.653333333333333,-1
518,2024,155,0.162419186642387,222,865.5,0,0.256499133448874,371.5,0,-1,0.0283333333333333,-1
518,2025,149,0.287423287223139,367,679,218.5,0.540500736377025,251,1,0.8,0.971666666666667,5
519,2024,60,0.556130269634467,453,694.5,549,0.652267818574514,480.5,0,-1,0.273333333333333,-1
522,2023,116,0.498891852966872,405,730,334,0.554794520547945,420.25,0,-1,0.421666666666667,-1
522,2024,130,0.322867020097006,339.5,840,508,0.404166666666667,346.5,0,-1,0.455,-1
522,2025,127,0.530402078108683,371.5,693,442.5,0.536075036075036,327.25,1,0.8,0.755833333333333,-1
524,2023,153,0.337266174930683,284,822.5,357.5,0.345288753799392,412.75,0,-1,0.0558333333333333,-1
524,2024,155,0.386892558034161,231.5,724,180,0.31975138121547,398.5,0,-1,0.0133333333333333,-1
525,2023,155,0.223358583835549,276,915,328,0.301639344262295,372.25,0,-1,0.0625,-1
525,2024,154,0.307253547943312,509,819,439.5,0.621489621489622,370,1,0.8,0.9725,5
525,2025,153,0.275177632890409,477,835.5,432.5,0.570915619389587,429,1,0.8,0.733333333333333,-1
528,2024,116,0.331531456215025,127.5,762,432,0.167322834645669,432.5,0,-1,0,-1
54,2025,129,0.221901029968697,253.5,803.5,339.5,0.315494710640946,368.75,0,-1,0.0625,-1
540,2023,144,0.517901065853995,461,734.5,455,0.627637848876787,438,1,0.8,0.615833333333333,-1
540,2024,130,0.371512714493677,319,714,304,0.446778711484594,372,0,-1,0.223333333333333,-1
540,2025,131,0.353643531593171,473.5,813,430,0.582410824108241,427.5,1,0.8,0.7525,-1
541,2023,154,0.197105847110098,156,657.5,267,0.237262357414449,340.25,0,-1,0.000833333333333333,-1
541,2024,155,0.293788475306766,421,834,452,0.504796163069544,400,1,0.8,0.6,-1
541,2025,155,0.510321248159568,399.5,671,425,0.595380029806259,366.5,1,0.8,0.709166666666667,-1
543,2023,154,0.34852050841247,638,693,477.5,0.920634920634921,378.5,1,0.8,1,99
544,2023,142,0.350525983363389,318.5,726.5,464,0.438403303509979,398,0,-1,0.131666666666667,-1
545,2023,128,0.36847003221935,493,739,468.5,0.667117726657645,429.5,1,0.8,0.7775,-1
546,2023,78,0.11114978084261,377.5,616,339,0.612824675324675,355.25,1,0.8,0.711666666666667,-1
547,2023,130,0.374587784921566,524.5,972,617.5,0.539609053497942,488,1,0.8,0.6375,-1
548,2023,130,0.482880362832699,440,795,609.5,0.553459119496855,502.75,0,-1,0.17,-1
549,2023,154,0.440086787831516,431.5,903,568.5,0.477851605758583,486.25,0,-1,0.250833333333333,-1
553,2024,128,0.232566196914086,328,879,519,0.373151308304892,327,1,0.8,0.510833333333333,-1
553,2025,126,0.353847496129263,470.5,726.5,0,0.64762560220234,310.5,1,0.8,0.989166666666667,5
554,2024,127,0.24847535752779,446,873,506.5,0.510882016036655,457,0,-1,0.445,-1
554,2025,123,0.193610390942449,167.5,859,505,0.194994179278231,404.5,0,-1,0.000833333333333333,-1
6,2023,143,0.300560460476501,384,804,383,0.477611940298507,394.75,0,-1,0.44,-1
6,2024,143,0.171875160686824,577.5,768,355.5,0.751953125,435.5,1,0.8,0.991666666666667,19
60,2023,30,-0.154976681377486,429.5,677.5,457.5,0.633948339483395,474.5,0,-1,0.095,-1
60,2024,30,0.292330045340473,678,758.5,492.5,0.893869479235333,542,1,0.8,0.999166666666667,99
60,2025,30,0.10390477314268,591.5,683.5,497.5,0.865398683247988,523,1,0.8,0.961666666666667,2
7,2023,129,0.235367877171005,493.5,600,251,0.8225,324.5,1,0.8,0.995833333333333,19
7,2024,70,0.285681790814954,317.5,748.5,487.5,0.424181696726787,405.5,0,-1,0.0916666666666667,-1
7,2025,72,0.0877284706536697,486,624.5,374,0.77822257806245,343,1,0.8,0.994166666666667,19
9,2024,69,0.137965066930446,409.5,611,400,0.670212765957447,350,1,0.8,0.890833333333333,0.8
9,2025,72,0.169502156159074,192.5,608.5,314.5,0.316351684470008,342.5,0,-1,0.005,-1
