edge_min,prob_min,ev_min,n_bets,n_wins,staked,pnl,roi,win_rate
0.05,0.2,0.2,429,77,429,26.43,6.16,17.9
0.1,0.2,0,342,60,342,17.99,5.26,17.5
0.1,0.2,0.05,342,60,342,17.99,5.26,17.5
0.1,0.2,0.1,342,60,342,17.99,5.26,17.5
0.05,0.16,0.2,481,82,481,25.13,5.22,17
0.055,0.2,0.2,423,75,423,21.73,5.14,17.7
0.045,0.2,0.2,434,77,434,21.43,4.94,17.7
0.1,0.2,0.15,340,58,340,15.43,4.54,17.1
0.1,0.2,0.2,340,58,340,15.43,4.54,17.1
0.01,0.2,0.2,437,77,437,18.43,4.22,17.6
0.015,0.2,0.2,437,77,437,18.43,4.22,17.6
0.02,0.2,0.2,437,77,437,18.43,4.22,17.6
0.025,0.2,0.2,437,77,437,18.43,4.22,17.6
0.03,0.2,0.2,437,77,437,18.43,4.22,17.6
0.035,0.2,0.2,437,77,437,18.43,4.22,17.6
0.04,0.2,0.2,437,77,437,18.43,4.22,17.6
0.045,0.16,0.2,486,82,486,20.13,4.14,16.9
0.055,0.16,0.2,469,79,469,19.33,4.12,16.8
0.05,0.2,0.15,445,79,445,17.11,3.84,17.8
0.06,0.2,0.2,410,71,410,14.78,3.6,17.3
0.055,0.2,0.15,437,77,437,14.41,3.3,17.6
0.065,0.2,0.2,400,69,400,13.18,3.3,17.2
0.05,0.16,0.15,497,84,497,15.81,3.18,16.9
0.06,0.16,0.2,454,75,454,14.38,3.17,16.5
0.01,0.13,0.2,563,89,563,15.83,2.81,15.8
0.015,0.13,0.2,563,89,563,15.83,2.81,15.8
0.02,0.13,0.2,563,89,563,15.83,2.81,15.8
0.025,0.13,0.2,563,89,563,15.83,2.81,15.8
0.05,0.19,0.2,450,78,450,12.53,2.78,17.3
0.095,0.2,0,356,62,356,9.87,2.77,17.4
0.095,0.2,0.05,356,62,356,9.87,2.77,17.4
0.095,0.2,0.1,356,62,356,9.87,2.77,17.4
0.07,0.2,0.2,393,67,393,10.73,2.73,17
0.05,0.2,0,459,83,459,12.41,2.7,18.1
0.05,0.2,0.05,459,83,459,12.41,2.7,18.1
0.04,0.16,0.2,493,82,493,13.13,2.66,16.6
0.05,0.2,0.1,457,82,457,11.91,2.61,17.9
0.1,0.19,0,351,60,351,8.99,2.56,17.1
0.1,0.19,0.05,351,60,351,8.99,2.56,17.1
0.1,0.19,0.1,351,60,351,8.99,2.56,17.1
0.07,0.2,0,403,71,403,10.21,2.53,17.6
0.07,0.2,0.05,403,71,403,10.21,2.53,17.6
0.07,0.2,0.1,403,71,403,10.21,2.53,17.6
0.055,0.16,0.15,483,81,483,12.01,2.49,16.8
0.05,0.15,0.2,494,82,494,12.13,2.46,16.6
0.055,0.2,0,450,81,450,10.71,2.38,18
0.055,0.2,0.05,450,81,450,10.71,2.38,18
0.095,0.2,0.15,353,60,353,8.31,2.35,17
0.055,0.2,0.1,448,80,448,10.21,2.28,17.9
0.09,0.2,0,366,64,366,8.17,2.23,17.5
0.09,0.2,0.05,366,64,366,8.17,2.23,17.5
0.09,0.2,0.1,366,64,366,8.17,2.23,17.5
0.03,0.13,0.2,557,88,557,12.33,2.21,15.8
0.05,0.16,0,511,88,511,11.11,2.17,17.2
0.05,0.16,0.05,511,88,511,11.11,2.17,17.2
0.05,0.16,0.1,509,87,509,10.61,2.08,17.1
0.05,0.18,0.2,461,79,461,9.43,2.05,17.1
0.085,0.2,0,373,66,373,7.66,2.05,17.7
0.085,0.2,0.05,373,66,373,7.66,2.05,17.7
0.085,0.2,0.1,373,66,373,7.66,2.05,17.7
0.065,0.2,0.15,408,70,408,7.86,1.93,17.2
0.095,0.2,0.2,352,59,352,6.63,1.88,16.8
0.07,0.2,0.15,399,68,399,7.41,1.86,17
0.035,0.16,0.2,497,82,497,9.13,1.84,16.5
0.1,0.19,0.15,349,58,349,6.43,1.84,16.6
0.1,0.19,0.2,349,58,349,6.43,1.84,16.6
0.05,0.17,0.2,472,80,472,8.63,1.83,16.9
0.09,0.2,0.15,363,62,363,6.61,1.82,17.1
0.045,0.2,0.15,454,79,454,8.11,1.79,17.4
0.05,0.14,0.2,509,83,509,9.13,1.79,16.3
0.065,0.16,0.2,441,72,441,7.88,1.79,16.3
0.06,0.2,0.15,420,72,420,7.46,1.78,17.1
0.075,0.2,0,394,69,394,6.71,1.7,17.5
0.075,0.2,0.05,394,69,394,6.71,1.7,17.5
0.075,0.2,0.1,394,69,394,6.71,1.7,17.5
0.085,0.2,0.2,365,62,365,6.18,1.69,17
0.055,0.16,0,496,85,496,8.31,1.68,17.1
0.055,0.16,0.05,496,85,496,8.31,1.68,17.1
0.045,0.19,0.2,455,78,455,7.53,1.65,17.1
0.01,0.16,0.2,498,82,498,8.13,1.63,16.5
0.015,0.16,0.2,498,82,498,8.13,1.63,16.5
0.02,0.16,0.2,498,82,498,8.13,1.63,16.5
0.025,0.16,0.2,498,82,498,8.13,1.63,16.5
0.03,0.16,0.2,498,82,498,8.13,1.63,16.5
0.075,0.2,0.2,385,65,385,6.23,1.62,16.9
0.065,0.2,0.1,416,73,416,6.66,1.6,17.5
0.055,0.16,0.1,494,84,494,7.81,1.58,17
0.08,0.2,0,383,67,383,6.06,1.58,17.5
0.08,0.2,0.05,383,67,383,6.06,1.58,17.5
0.08,0.2,0.1,383,67,383,6.06,1.58,17.5
0.06,0.16,0.15,464,76,464,7.06,1.52,16.4
0.08,0.2,0.2,374,63,374,5.58,1.49,16.8
0.045,0.15,0.2,499,82,499,7.13,1.43,16.4
0.065,0.2,0,417,73,417,5.66,1.36,17.5
0.065,0.2,0.05,417,73,417,5.66,1.36,17.5
0.09,0.2,0.2,362,61,362,4.93,1.36,16.9
0.045,0.16,0.15,506,84,506,6.81,1.35,16.6
0.085,0.2,0.15,369,63,369,4.86,1.32,17.1
0.055,0.15,0.2,482,79,482,6.33,1.31,16.4
0.055,0.14,0.2,494,80,494,6.33,1.28,16.2
0.07,0.16,0.2,434,70,434,5.43,1.25,16.1
0.06,0.2,0.1,429,75,429,5.26,1.23,17.5
0.1,0.18,0,356,60,356,3.99,1.12,16.9
0.1,0.18,0.05,356,60,356,3.99,1.12,16.9
0.1,0.18,0.1,356,60,356,3.99,1.12,16.9
0.07,0.16,0,444,74,444,4.91,1.11,16.7
0.07,0.16,0.05,444,74,444,4.91,1.11,16.7
0.07,0.16,0.1,444,74,444,4.91,1.11,16.7
0.055,0.19,0.2,440,75,440,4.73,1.08,17
0.06,0.16,0.1,473,79,473,4.86,1.03,16.7
0.075,0.2,0.15,390,66,390,3.91,1,16.9
0.06,0.2,0,430,75,430,4.26,0.99,17.4
0.06,0.2,0.05,430,75,430,4.26,0.99,17.4
0.045,0.18,0.2,466,79,466,4.43,0.95,17
0.06,0.14,0.2,476,76,476,4.38,0.92,16
0.04,0.2,0.15,458,79,458,4.11,0.9,17.2
0.08,0.2,0.15,379,64,379,3.26,0.86,16.9
0.06,0.16,0,474,79,474,3.86,0.81,16.7
0.06,0.16,0.05,474,79,474,3.86,0.81,16.7
0.045,0.14,0.2,514,83,514,4.13,0.8,16.1
0.01,0.19,0.2,459,78,459,3.53,0.77,17
0.015,0.19,0.2,459,78,459,3.53,0.77,17
0.02,0.19,0.2,459,78,459,3.53,0.77,17
0.025,0.19,0.2,459,78,459,3.53,0.77,17
0.03,0.19,0.2,459,78,459,3.53,0.77,17
0.035,0.19,0.2,459,78,459,3.53,0.77,17
0.04,0.19,0.2,459,78,459,3.53,0.77,17
0.045,0.17,0.2,477,80,477,3.63,0.76,16.8
0.02,0.2,0.05,516,95,516,3.68,0.71,18.4
0.05,0.19,0.15,466,80,466,3.21,0.69,17.2
0.065,0.16,0.15,449,73,449,2.56,0.57,16.3
0.05,0.15,0.15,510,84,510,2.81,0.55,16.5
0.045,0.2,0,475,85,475,2.5,0.53,17.9
0.045,0.2,0.05,475,85,475,2.5,0.53,17.9
0.06,0.15,0.2,466,75,466,2.38,0.51,16.1
0.07,0.16,0.15,440,71,440,2.11,0.48,16.1
0.055,0.17,0.2,461,77,461,1.83,0.4,16.7
0.1,0.18,0.15,354,58,354,1.43,0.4,16.4
0.1,0.18,0.2,354,58,354,1.43,0.4,16.4
0.01,0.2,0.1,498,89,498,1.96,0.39,17.9
0.015,0.2,0.1,498,89,498,1.96,0.39,17.9
0.02,0.2,0.1,498,89,498,1.96,0.39,17.9
0.055,0.18,0.2,451,76,451,1.63,0.36,16.9
0.02,0.2,0,520,96,520,1.68,0.32,18.5
0.065,0.16,0.1,457,76,457,1.36,0.3,16.6
0.045,0.2,0.1,471,83,471,1.36,0.29,17.6
0.01,0.15,0.2,513,83,513,1.43,0.28,16.2
0.015,0.15,0.2,513,83,513,1.43,0.28,16.2
0.02,0.15,0.2,513,83,513,1.43,0.28,16.2
0.025,0.15,0.2,513,83,513,1.43,0.28,16.2
0.03,0.15,0.2,513,83,513,1.43,0.28,16.2
0.095,0.19,0,365,62,365,0.87,0.24,17
0.095,0.19,0.05,365,62,365,0.87,0.24,17
0.095,0.19,0.1,365,62,365,0.87,0.24,17
0.045,0.16,0,527,90,527,1.2,0.23,17.1
0.045,0.16,0.05,527,90,527,1.2,0.23,17.1
0.015,0.2,0,533,100,533,0.94,0.18,18.8
0.065,0.16,0,458,76,458,0.36,0.08,16.6
0.065,0.16,0.05,458,76,458,0.36,0.08,16.6
0.015,0.2,0.05,524,96,524,0.33,0.06,18.3
0.04,0.15,0.2,506,82,506,0.13,0.03,16.2
0.01,0.2,0.15,462,79,462,0.11,0.02,17.1
0.015,0.2,0.15,462,79,462,0.11,0.02,17.1
0.02,0.2,0.15,462,79,462,0.11,0.02,17.1
0.025,0.2,0.15,462,79,462,0.11,0.02,17.1
0.03,0.2,0.15,462,79,462,0.11,0.02,17.1
0.035,0.2,0.15,462,79,462,0.11,0.02,17.1
0.05,0.18,0.15,477,81,477,0.11,0.02,17
0.045,0.16,0.1,523,88,523,0.06,0.01,16.8
0.05,0.14,0.15,525,85,525,-0.19,-0.04,16.2
0.09,0.16,0,389,65,389,-0.33,-0.08,16.7
0.09,0.16,0.05,389,65,389,-0.33,-0.08,16.7
0.09,0.16,0.1,389,65,389,-0.33,-0.08,16.7
0.01,0.18,0.2,471,79,471,-0.57,-0.12,16.8
0.015,0.18,0.2,471,79,471,-0.57,-0.12,16.8
0.02,0.18,0.2,471,79,471,-0.57,-0.12,16.8
0.025,0.18,0.2,471,79,471,-0.57,-0.12,16.8
0.03,0.18,0.2,471,79,471,-0.57,-0.12,16.8
0.035,0.18,0.2,471,79,471,-0.57,-0.12,16.8
0.04,0.18,0.2,471,79,471,-0.57,-0.12,16.8
0.01,0.2,0.05,525,96,525,-0.67,-0.13,18.3
0.05,0.17,0.15,488,82,488,-0.69,-0.14,16.8
0.05,0.13,0.2,531,84,531,-0.87,-0.16,15.8
0.055,0.14,0.15,508,82,508,-0.99,-0.19,16.1
0.095,0.19,0.15,362,60,362,-0.69,-0.19,16.6
0.055,0.15,0.15,496,81,496,-0.99,-0.2,16.3
0.09,0.19,0,375,64,375,-0.83,-0.22,17.1
0.09,0.19,0.05,375,64,375,-0.83,-0.22,17.1
0.09,0.19,0.1,375,64,375,-0.83,-0.22,17.1
0.04,0.16,0.15,514,84,514,-1.19,-0.23,16.3
0.04,0.2,0.1,478,84,478,-1.24,-0.26,17.6
0.035,0.13,0.2,553,86,553,-1.57,-0.28,15.6
0.1,0.17,0,361,60,361,-1.01,-0.28,16.6
0.1,0.17,0.05,361,60,361,-1.01,-0.28,16.6
0.1,0.17,0.1,361,60,361,-1.01,-0.28,16.6
0.05,0.19,0,480,84,480,-1.49,-0.31,17.5
0.05,0.19,0.05,480,84,480,-1.49,-0.31,17.5
0.05,0.15,0,524,88,524,-1.89,-0.36,16.8
0.05,0.15,0.05,524,88,524,-1.89,-0.36,16.8
0.01,0.16,0.1,566,96,566,-2.24,-0.4,17
0.015,0.16,0.1,566,96,566,-2.24,-0.4,17
0.05,0.19,0.1,478,83,478,-1.99,-0.42,17.4
0.04,0.2,0.05,484,86,484,-2.1,-0.43,17.8
0.05,0.15,0.1,522,87,522,-2.39,-0.46,16.7
0.065,0.15,0.2,451,72,451,-2.12,-0.47,16
0.025,0.2,0.1,497,88,497,-2.39,-0.48,17.7
0.04,0.17,0.2,483,80,483,-2.37,-0.49,16.6
0.09,0.16,0.15,386,63,386,-1.89,-0.49,16.3
0.06,0.19,0.2,427,71,427,-2.22,-0.52,16.6
0.055,0.19,0.15,454,77,454,-2.59,-0.57,17
0.06,0.14,0.15,486,77,486,-2.94,-0.6,15.8
0.04,0.2,0,485,86,485,-3.1,-0.64,17.7
0.09,0.19,0.15,372,62,372,-2.39,-0.64,16.7
0.095,0.19,0.2,361,59,361,-2.37,-0.66,16.3
0.025,0.2,0,512,93,512,-3.57,-0.7,18.2
0.025,0.2,0.05,510,92,510,-3.57,-0.7,18
0.035,0.17,0.2,484,80,484,-3.37,-0.7,16.5
0.06,0.17,0.2,446,73,446,-3.12,-0.7,16.4
0.035,0.15,0.2,510,82,510,-3.87,-0.76,16.1
0.07,0.15,0.2,443,70,443,-3.57,-0.81,15.8
0.1,0.16,0,363,60,363,-3.01,-0.83,16.5
0.1,0.16,0.05,363,60,363,-3.01,-0.83,16.5
0.1,0.16,0.1,363,60,363,-3.01,-0.83,16.5
0.03,0.2,0.1,494,87,494,-4.19,-0.85,17.6
0.01,0.14,0.2,531,84,531,-4.57,-0.86,15.8
0.015,0.14,0.2,531,84,531,-4.57,-0.86,15.8
0.02,0.14,0.2,531,84,531,-4.57,-0.86,15.8
0.025,0.14,0.2,531,84,531,-4.57,-0.86,15.8
0.03,0.14,0.2,531,84,531,-4.57,-0.86,15.8
0.085,0.19,0,384,66,384,-3.34,-0.87,17.2
0.085,0.19,0.05,384,66,384,-3.34,-0.87,17.2
0.085,0.19,0.1,384,66,384,-3.34,-0.87,17.2
0.02,0.13,0.05,656,108,656,-5.82,-0.89,16.5
0.025,0.12,0.2,584,89,584,-5.17,-0.89,15.2
0.01,0.17,0.2,485,80,485,-4.37,-0.9,16.5
0.015,0.17,0.2,485,80,485,-4.37,-0.9,16.5
0.02,0.17,0.2,485,80,485,-4.37,-0.9,16.5
0.025,0.17,0.2,485,80,485,-4.37,-0.9,16.5
0.03,0.17,0.2,485,80,485,-4.37,-0.9,16.5
0.055,0.14,0,521,86,521,-4.69,-0.9,16.5
0.055,0.14,0.05,521,86,521,-4.69,-0.9,16.5
0.07,0.15,0,453,74,453,-4.09,-0.9,16.3
0.07,0.15,0.05,453,74,453,-4.09,-0.9,16.3
0.07,0.15,0.1,453,74,453,-4.09,-0.9,16.3
0.05,0.14,0,539,89,539,-4.89,-0.91,16.5
0.05,0.14,0.05,539,89,539,-4.89,-0.91,16.5
0.055,0.15,0,509,85,509,-4.69,-0.92,16.7
0.055,0.15,0.05,509,85,509,-4.69,-0.92,16.7
0.065,0.19,0.2,417,69,417,-3.82,-0.92,16.5
0.04,0.14,0.2,523,83,523,-4.87,-0.93,15.9
0.05,0.18,0,491,85,491,-4.59,-0.93,17.3
0.05,0.18,0.05,491,85,491,-4.59,-0.93,17.3
0.09,0.16,0.2,385,62,385,-3.57,-0.93,16.1
0.02,0.16,0.05,583,101,583,-5.52,-0.95,17.3
0.06,0.18,0.2,437,72,437,-4.32,-0.99,16.5
0.1,0.17,0.15,359,58,359,-3.57,-0.99,16.2
0.1,0.17,0.2,359,58,359,-3.57,-0.99,16.2
0.03,0.2,0,505,91,505,-5.07,-1,18
0.05,0.14,0.1,537,88,537,-5.39,-1,16.4
0.055,0.14,0.1,519,85,519,-5.19,-1,16.4
0.03,0.2,0.05,503,90,503,-5.07,-1.01,17.9
0.055,0.15,0.1,507,84,507,-5.19,-1.02,16.6
0.05,0.18,0.1,489,84,489,-5.09,-1.04,17.2
0.06,0.14,0.1,495,80,495,-5.14,-1.04,16.2
0.06,0.15,0.15,476,76,476,-4.94,-1.04,16
0.05,0.17,0,502,86,502,-5.39,-1.07,17.1
0.05,0.17,0.05,502,86,502,-5.39,-1.07,17.1
0.045,0.13,0.2,536,84,536,-5.87,-1.1,15.7
0.09,0.19,0.2,371,61,371,-4.07,-1.1,16.4
0.035,0.2,0,497,89,497,-5.52,-1.11,17.9
0.035,0.2,0.05,495,88,495,-5.52,-1.12,17.8
0.095,0.18,0,370,62,370,-4.13,-1.12,16.8
0.095,0.18,0.05,370,62,370,-4.13,-1.12,16.8
0.095,0.18,0.1,370,62,370,-4.13,-1.12,16.8
0.04,0.13,0.2,547,85,547,-6.37,-1.16,15.5
0.055,0.17,0.15,475,79,475,-5.49,-1.16,16.6
0.02,0.13,0,660,109,660,-7.82,-1.18,16.5
0.02,0.13,0.1,638,102,638,-7.54,-1.18,16
0.05,0.17,0.1,500,85,500,-5.89,-1.18,17
0.045,0.15,0.15,519,84,519,-6.19,-1.19,16.2
0.01,0.2,0,543,101,543,-6.6,-1.21,18.6
0.085,0.16,0,400,67,400,-4.84,-1.21,16.8
0.085,0.16,0.05,400,67,400,-4.84,-1.21,16.8
0.085,0.16,0.1,400,67,400,-4.84,-1.21,16.8
0.01,0.12,0.2,586,89,586,-7.17,-1.22,15.2
0.015,0.12,0.2,586,89,586,-7.17,-1.22,15.2
0.02,0.12,0.2,586,89,586,-7.17,-1.22,15.2
0.04,0.16,0.1,534,89,534,-6.54,-1.22,16.7
0.045,0.19,0.15,475,80,475,-5.79,-1.22,16.8
0.055,0.18,0.15,465,78,465,-5.69,-1.22,16.8
0.06,0.14,0,496,80,496,-6.14,-1.24,16.1
0.06,0.14,0.05,496,80,496,-6.14,-1.24,16.1
0.02,0.16,0,587,102,587,-7.52,-1.28,17.4
0.02,0.16,0.1,565,95,565,-7.24,-1.28,16.8
0.085,0.19,0.2,376,62,376,-4.82,-1.28,16.5
0.015,0.13,0.1,645,103,645,-8.54,-1.32,16
0.075,0.16,0,432,71,432,-5.79,-1.34,16.4
0.075,0.16,0.05,432,71,432,-5.79,-1.34,16.4
0.075,0.16,0.1,432,71,432,-5.79,-1.34,16.4
0.055,0.19,0,467,81,467,-6.29,-1.35,17.3
0.055,0.19,0.05,467,81,467,-6.29,-1.35,17.3
0.015,0.16,0,606,107,606,-8.26,-1.36,17.7
0.035,0.2,0.1,488,85,488,-6.64,-1.36,17.4
0.03,0.13,0.15,584,90,584,-7.99,-1.37,15.4
0.04,0.16,0.05,540,91,540,-7.4,-1.37,16.9
0.025,0.13,0.15,594,91,594,-8.49,-1.43,15.3
0.055,0.19,0.1,465,80,465,-6.79,-1.46,17.2
0.06,0.15,0.1,485,79,485,-7.14,-1.47,16.3
0.01,0.13,0.1,646,103,646,-9.54,-1.48,15.9
0.075,0.16,0.2,423,67,423,-6.27,-1.48,15.8
0.015,0.16,0.05,597,103,597,-8.87,-1.49,17.3
0.03,0.12,0.2,578,88,578,-8.67,-1.5,15.2
0.07,0.15,0.15,449,71,449,-6.89,-1.53,15.8
0.07,0.19,0.2,410,67,410,-6.27,-1.53,16.3
0.09,0.18,0,380,64,380,-5.83,-1.53,16.8
0.09,0.18,0.05,380,64,380,-5.83,-1.53,16.8
0.09,0.18,0.1,380,64,380,-5.83,-1.53,16.8
0.1,0.16,0.15,361,58,361,-5.57,-1.54,16.1
0.1,0.16,0.2,361,58,361,-5.57,-1.54,16.1
0.04,0.16,0,541,91,541,-8.4,-1.55,16.8
0.095,0.18,0.15,367,60,367,-5.69,-1.55,16.3
0.085,0.16,0.2,392,63,392,-6.32,-1.61,16.1
0.065,0.15,0.15,459,73,459,-7.44,-1.62,15.9
0.07,0.19,0,420,71,420,-6.79,-1.62,16.9
0.07,0.19,0.05,420,71,420,-6.79,-1.62,16.9
0.07,0.19,0.1,420,71,420,-6.79,-1.62,16.9
0.085,0.19,0.15,380,63,380,-6.14,-1.62,16.6
0.06,0.15,0,486,79,486,-8.14,-1.67,16.3
0.06,0.15,0.05,486,79,486,-8.14,-1.67,16.3
0.045,0.14,0.15,534,85,534,-9.19,-1.72,15.9
0.08,0.19,0,396,67,396,-6.94,-1.75,16.9
0.08,0.19,0.05,396,67,396,-6.94,-1.75,16.9
0.08,0.19,0.1,396,67,396,-6.94,-1.75,16.9
0.035,0.16,0.15,522,84,522,-9.19,-1.76,16.1
0.045,0.18,0.15,486,81,486,-8.89,-1.83,16.7
0.065,0.15,0.1,467,76,467,-8.64,-1.85,16.3
0.09,0.15,0,396,65,396,-7.33,-1.85,16.4
0.09,0.15,0.05,396,65,396,-7.33,-1.85,16.4
0.09,0.15,0.1,396,65,396,-7.33,-1.85,16.4
0.05,0.13,0.15,547,86,547,-10.19,-1.86,15.7
0.035,0.14,0.2,528,83,528,-9.87,-1.87,15.7
0.055,0.17,0,488,83,488,-9.19,-1.88,17
0.055,0.17,0.05,488,83,488,-9.19,-1.88,17
0.025,0.13,0.1,630,100,630,-11.99,-1.9,15.9
0.1,0.15,0,367,60,367,-7.01,-1.91,16.3
0.1,0.15,0.05,367,60,367,-7.01,-1.91,16.3
0.1,0.15,0.1,367,60,367,-7.01,-1.91,16.3
0.08,0.19,0.2,387,63,387,-7.42,-1.92,16.3
0.085,0.16,0.15,396,64,396,-7.64,-1.93,16.2
0.045,0.17,0.15,497,82,497,-9.69,-1.95,16.5
0.055,0.18,0,478,82,478,-9.39,-1.96,17.2
0.055,0.18,0.05,478,82,478,-9.39,-1.96,17.2
0.09,0.18,0.15,377,62,377,-7.39,-1.96,16.4
0.01,0.16,0.05,600,103,600,-11.87,-1.98,17.2
0.055,0.17,0.1,486,82,486,-9.69,-1.99,16.9
0.03,0.13,0.1,616,98,616,-12.29,-2,15.9
0.075,0.16,0.15,428,68,428,-8.59,-2.01,15.9
0.095,0.18,0.2,366,59,366,-7.37,-2.01,16.1
0.025,0.13,0,645,105,645,-13.17,-2.04,16.3
0.025,0.13,0.05,643,104,643,-13.17,-2.05,16.2
0.065,0.15,0,468,76,468,-9.64,-2.06,16.2
0.065,0.15,0.05,468,76,468,-9.64,-2.06,16.2
0.055,0.18,0.1,476,81,476,-9.89,-2.08,17
0.055,0.13,0.2,511,80,511,-10.67,-2.09,15.7
0.03,0.13,0,627,102,627,-13.17,-2.1,16.3
0.03,0.13,0.05,625,101,625,-13.17,-2.11,16.2
0.015,0.13,0,685,114,685,-14.56,-2.12,16.6
0.065,0.19,0.15,425,70,425,-9.14,-2.15,16.5
0.06,0.13,0.2,491,76,491,-10.62,-2.16,15.5
0.06,0.19,0.15,437,72,437,-9.54,-2.18,16.5
0.045,0.15,0,540,90,540,-11.8,-2.19,16.7
0.045,0.15,0.05,540,90,540,-11.8,-2.19,16.7
0.015,0.13,0.05,676,110,676,-15.17,-2.24,16.3
0.01,0.13,0.15,599,91,599,-13.49,-2.25,15.2
0.015,0.13,0.15,599,91,599,-13.49,-2.25,15.2
0.02,0.13,0.15,599,91,599,-13.49,-2.25,15.2
0.04,0.19,0.15,480,80,480,-10.79,-2.25,16.7
0.09,0.15,0.15,393,63,393,-8.89,-2.26,16
0.075,0.19,0,410,69,410,-9.29,-2.27,16.8
0.075,0.19,0.05,410,69,410,-9.29,-2.27,16.8
0.075,0.19,0.1,410,69,410,-9.29,-2.27,16.8
0.06,0.17,0.15,456,74,456,-10.44,-2.29,16.2
0.045,0.19,0,496,86,496,-11.4,-2.3,17.3
0.045,0.19,0.05,496,86,496,-11.4,-2.3,17.3
0.07,0.19,0.15,416,68,416,-9.59,-2.31,16.3
0.03,0.16,0.15,525,84,525,-12.19,-2.32,16
0.07,0.14,0.2,450,70,450,-10.57,-2.35,15.6
0.05,0.12,0.2,543,84,543,-12.87,-2.37,15.5
0.065,0.19,0.1,433,73,433,-10.34,-2.39,16.9
0.085,0.18,0,390,66,390,-9.34,-2.39,16.9
0.085,0.18,0.05,390,66,390,-9.34,-2.39,16.9
0.085,0.18,0.1,390,66,390,-9.34,-2.39,16.9
0.045,0.15,0.1,536,88,536,-12.94,-2.41,16.4
0.07,0.14,0,460,74,460,-11.09,-2.41,16.1
0.07,0.14,0.05,460,74,460,-11.09,-2.41,16.1
0.07,0.14,0.1,460,74,460,-11.09,-2.41,16.1
0.09,0.18,0.2,376,61,376,-9.07,-2.41,16.2
0.065,0.14,0.2,460,72,460,-11.12,-2.42,15.7
0.075,0.19,0.2,401,65,401,-9.77,-2.44,16.2
0.02,0.19,0.05,540,96,540,-13.22,-2.45,17.8
0.065,0.17,0.2,434,70,434,-10.62,-2.45,16.1
0.08,0.19,0.15,392,64,392,-9.74,-2.48,16.3
0.045,0.19,0.1,492,84,492,-12.54,-2.55,17.1
0.06,0.18,0.15,447,73,447,-11.64,-2.6,16.3
0.065,0.19,0,434,73,434,-11.34,-2.61,16.8
0.065,0.19,0.05,434,73,434,-11.34,-2.61,16.8
0.01,0.18,0.1,535,92,535,-14.04,-2.62,17.2
0.015,0.18,0.1,535,92,535,-14.04,-2.62,17.2
0.1,0.15,0.15,365,58,365,-9.57,-2.62,15.9
0.1,0.15,0.2,365,58,365,-9.57,-2.62,15.9
0.06,0.19,0.1,446,75,446,-11.74,-2.63,16.8
0.05,0.13,0,561,90,561,-14.89,-2.65,16
0.05,0.13,0.05,561,90,561,-14.89,-2.65,16
0.035,0.16,0,557,94,557,-14.82,-2.66,16.9
0.035,0.16,0.05,555,93,555,-14.82,-2.67,16.8
0.045,0.14,0,555,91,555,-14.8,-2.67,16.4
0.045,0.14,0.05,555,91,555,-14.8,-2.67,16.4
0.01,0.16,0.15,527,84,527,-14.19,-2.69,15.9
0.015,0.16,0.15,527,84,527,-14.19,-2.69,15.9
0.02,0.15,0.05,602,102,602,-16.22,-2.69,16.9
0.02,0.16,0.15,527,84,527,-14.19,-2.69,15.9
0.025,0.16,0.15,527,84,527,-14.19,-2.69,15.9
0.04,0.15,0.15,527,84,527,-14.19,-2.69,15.9
0.095,0.17,0,376,62,376,-10.13,-2.69,16.5
0.095,0.17,0.05,376,62,376,-10.13,-2.69,16.5
0.095,0.17,0.1,376,62,376,-10.13,-2.69,16.5
0.09,0.15,0.2,392,62,392,-10.57,-2.7,15.8
0.1,0.14,0,370,60,370,-10.01,-2.71,16.2
0.1,0.14,0.05,370,60,370,-10.01,-2.71,16.2
0.1,0.14,0.1,370,60,370,-10.01,-2.71,16.2
0.06,0.17,0.1,465,77,465,-12.64,-2.72,16.6
0.05,0.13,0.1,559,89,559,-15.39,-2.75,15.9
0.02,0.19,0,544,97,544,-15.22,-2.8,17.8
0.085,0.18,0.2,382,62,382,-10.82,-2.83,16.2
0.06,0.19,0,447,75,447,-12.74,-2.85,16.8
0.06,0.19,0.05,447,75,447,-12.74,-2.85,16.8
0.01,0.19,0.1,522,90,522,-14.94,-2.86,17.2
0.015,0.19,0,557,101,557,-15.96,-2.86,18.1
0.015,0.19,0.1,522,90,522,-14.94,-2.86,17.2
0.02,0.19,0.1,522,90,522,-14.94,-2.86,17.2
0.045,0.18,0,507,87,507,-14.5,-2.86,17.2
0.045,0.18,0.05,507,87,507,-14.5,-2.86,17.2
0.01,0.15,0.1,589,97,589,-16.94,-2.88,16.5
0.01,0.16,0,618,108,618,-17.8,-2.88,17.5
0.015,0.15,0.1,589,97,589,-16.94,-2.88,16.5
0.045,0.14,0.1,551,89,551,-15.94,-2.89,16.2
0.035,0.16,0.1,548,90,548,-15.94,-2.91,16.4
0.085,0.15,0,407,67,407,-11.84,-2.91,16.5
0.085,0.15,0.05,407,67,407,-11.84,-2.91,16.5
0.085,0.15,0.1,407,67,407,-11.84,-2.91,16.5
0.06,0.17,0,466,77,466,-13.64,-2.93,16.5
0.06,0.17,0.05,466,77,466,-13.64,-2.93,16.5
0.045,0.17,0,518,88,518,-15.3,-2.95,17
0.045,0.17,0.05,518,88,518,-15.3,-2.95,17
0.03,0.16,0.1,557,92,557,-16.49,-2.96,16.5
0.015,0.18,0,572,103,572,-17.06,-2.98,18
0.075,0.19,0.15,406,66,406,-12.09,-2.98,16.3
0.08,0.16,0,416,68,416,-12.44,-2.99,16.3
0.08,0.16,0.05,416,68,416,-12.44,-2.99,16.3
0.08,0.16,0.1,416,68,416,-12.44,-2.99,16.3
0.02,0.15,0,606,103,606,-18.22,-3.01,17
0.065,0.18,0.2,426,69,426,-12.82,-3.01,16.2
0.015,0.19,0.05,548,97,548,-16.57,-3.02,17.7
0.04,0.18,0.15,492,81,492,-14.89,-3.03,16.5
0.06,0.18,0.1,456,76,456,-13.84,-3.04,16.7
0.07,0.14,0.15,456,71,456,-13.89,-3.05,15.6
0.03,0.16,0,568,96,568,-17.37,-3.06,16.9
0.035,0.19,0.15,484,80,484,-14.79,-3.06,16.5
0.07,0.17,0.2,427,68,427,-13.07,-3.06,15.9
0.09,0.17,0,386,64,386,-11.83,-3.06,16.6
0.09,0.17,0.05,386,64,386,-11.83,-3.06,16.6
0.09,0.17,0.1,386,64,386,-11.83,-3.06,16.6
0.02,0.15,0.1,584,96,584,-17.94,-3.07,16.4
0.03,0.16,0.05,566,95,566,-17.37,-3.07,16.8
0.09,0.14,0,401,65,401,-12.33,-3.07,16.2
0.09,0.14,0.05,401,65,401,-12.33,-3.07,16.2
0.09,0.14,0.1,401,65,401,-12.33,-3.07,16.2
0.045,0.18,0.1,503,85,503,-15.64,-3.11,16.9
0.07,0.17,0,437,72,437,-13.59,-3.11,16.5
0.07,0.17,0.05,437,72,437,-13.59,-3.11,16.5
0.07,0.17,0.1,437,72,437,-13.59,-3.11,16.5
0.095,0.17,0.15,373,60,373,-11.69,-3.13,16.1
0.015,0.18,0.05,563,99,563,-17.67,-3.14,17.6
0.02,0.18,0.05,552,97,552,-17.32,-3.14,17.6
0.025,0.16,0.1,563,93,563,-17.69,-3.14,16.5
0.085,0.18,0.15,386,63,386,-12.14,-3.15,16.3
0.08,0.16,0.2,407,64,407,-12.92,-3.17,15.7
0.01,0.19,0.05,549,97,549,-17.57,-3.2,17.7
0.045,0.17,0.1,514,86,514,-16.44,-3.2,16.7
0.095,0.16,0,378,62,378,-12.13,-3.21,16.4
0.095,0.16,0.05,378,62,378,-12.13,-3.21,16.4
0.095,0.16,0.1,378,62,378,-12.13,-3.21,16.4
0.04,0.19,0.1,500,85,500,-16.14,-3.23,17
0.01,0.17,0.1,549,93,549,-17.84,-3.25,16.9
0.015,0.17,0.1,549,93,549,-17.84,-3.25,16.9
0.06,0.18,0,457,76,457,-14.84,-3.25,16.6
0.06,0.18,0.05,457,76,457,-14.84,-3.25,16.6
0.01,0.19,0.15,485,80,485,-15.79,-3.26,16.5
0.015,0.19,0.15,485,80,485,-15.79,-3.26,16.5
0.02,0.19,0.15,485,80,485,-15.79,-3.26,16.5
0.025,0.16,0,578,98,578,-18.87,-3.26,17
0.025,0.19,0.15,485,80,485,-15.79,-3.26,16.5
0.03,0.19,0.15,485,80,485,-15.79,-3.26,16.5
0.025,0.16,0.05,576,97,576,-18.87,-3.28,16.8
0.01,0.18,0.05,564,99,564,-18.67,-3.31,17.6
0.04,0.17,0.15,504,82,504,-16.69,-3.31,16.3
0.085,0.15,0.2,399,63,399,-13.32,-3.34,15.8
0.075,0.15,0,441,71,441,-14.79,-3.35,16.1
0.075,0.15,0.05,441,71,441,-14.79,-3.35,16.1
0.075,0.15,0.1,441,71,441,-14.79,-3.35,16.1
0.04,0.19,0.05,506,87,506,-17,-3.36,17.2
0.01,0.13,0.05,684,110,684,-23.17,-3.39,16.1
0.1,0.14,0.15,368,58,368,-12.57,-3.42,15.8
0.1,0.14,0.2,368,58,368,-12.57,-3.42,15.8
0.035,0.12,0.2,571,86,571,-19.57,-3.43,15.1
0.055,0.13,0.15,525,82,525,-17.99,-3.43,15.6
0.035,0.13,0.15,578,88,578,-19.89,-3.44,15.2
0.045,0.13,0.15,556,86,556,-19.19,-3.45,15.5
0.02,0.18,0,556,98,556,-19.32,-3.47,17.6
0.09,0.14,0.15,398,63,398,-13.89,-3.49,15.8
0.03,0.15,0.15,540,85,540,-18.89,-3.5,15.7
0.09,0.17,0.15,383,62,383,-13.39,-3.5,16.2
0.065,0.14,0.15,468,73,468,-16.44,-3.51,15.6
0.04,0.14,0.15,544,85,544,-19.19,-3.53,15.6
0.075,0.15,0.2,432,67,432,-15.27,-3.53,15.5
0.04,0.19,0,507,87,507,-18,-3.55,17.2
0.02,0.18,0.1,534,91,534,-19.04,-3.57,17
0.04,0.15,0.1,547,89,547,-19.54,-3.57,16.3
0.06,0.13,0.15,501,77,501,-17.94,-3.58,15.4
0.095,0.17,0.2,372,59,372,-13.37,-3.59,15.9
0.045,0.12,0.2,550,84,550,-19.87,-3.61,15.3
0.065,0.17,0.15,442,71,442,-15.94,-3.61,16.1
0.085,0.15,0.15,403,64,403,-14.64,-3.63,15.9
0.04,0.13,0.15,568,87,568,-20.69,-3.64,15.3
0.07,0.18,0.2,419,67,419,-15.27,-3.64,16
0.015,0.15,0,629,108,629,-22.96,-3.65,17.2
0.095,0.16,0.15,375,60,375,-13.69,-3.65,16
0.07,0.18,0,429,71,429,-15.79,-3.68,16.6
0.07,0.18,0.05,429,71,429,-15.79,-3.68,16.6
0.07,0.18,0.1,429,71,429,-15.79,-3.68,16.6
0.04,0.15,0.05,553,91,553,-20.4,-3.69,16.5
0.025,0.19,0.1,521,89,521,-19.29,-3.7,17.1
0.08,0.16,0.15,412,65,412,-15.24,-3.7,15.8
0.08,0.18,0,404,67,404,-14.94,-3.7,16.6
0.08,0.18,0.05,404,67,404,-14.94,-3.7,16.6
0.08,0.18,0.1,404,67,404,-14.94,-3.7,16.6
0.065,0.14,0.1,476,76,476,-17.64,-3.71,16
0.015,0.17,0,587,104,587,-21.86,-3.72,17.7
0.02,0.17,0.05,566,98,566,-21.12,-3.73,17.3
0.02,0.14,0.05,621,103,621,-23.22,-3.74,16.6
0.1,0.13,0,374,60,374,-14.01,-3.75,16
0.1,0.13,0.05,374,60,374,-14.01,-3.75,16
0.1,0.13,0.1,374,60,374,-14.01,-3.75,16
0.07,0.17,0.15,433,69,433,-16.39,-3.79,15.9
0.015,0.15,0.05,620,104,620,-23.57,-3.8,16.8
0.04,0.12,0.2,562,85,562,-21.37,-3.8,15.1
0.035,0.18,0.15,496,81,496,-18.89,-3.81,16.3
0.065,0.17,0.1,450,74,450,-17.14,-3.81,16.4
0.025,0.19,0,536,94,536,-20.47,-3.82,17.5
0.025,0.19,0.05,534,93,534,-20.47,-3.83,17.4
0.04,0.15,0,554,91,554,-21.4,-3.86,16.4
0.085,0.17,0,396,66,396,-15.34,-3.87,16.7
0.085,0.17,0.05,396,66,396,-15.34,-3.87,16.7
0.085,0.17,0.1,396,66,396,-15.34,-3.87,16.7
0.015,0.17,0.05,578,100,578,-22.47,-3.89,17.3
0.03,0.19,0.1,517,88,517,-20.09,-3.89,17
0.08,0.18,0.2,395,63,395,-15.42,-3.9,15.9
0.065,0.14,0,477,76,477,-18.64,-3.91,15.9
0.065,0.14,0.05,477,76,477,-18.64,-3.91,15.9
0.06,0.12,0.2,500,76,500,-19.62,-3.92,15.2
0.09,0.14,0.2,397,62,397,-15.57,-3.92,15.6
0.035,0.19,0,519,90,519,-20.42,-3.93,17.3
0.035,0.19,0.05,517,89,517,-20.42,-3.95,17.2
0.04,0.18,0.1,512,86,512,-20.24,-3.95,16.8
0.06,0.13,0.1,510,80,510,-20.14,-3.95,15.7
0.09,0.17,0.2,382,61,382,-15.07,-3.95,16
0.03,0.19,0,528,92,528,-20.97,-3.97,17.4
0.05,0.12,0.15,559,86,559,-22.19,-3.97,15.4
0.055,0.12,0.2,521,80,521,-20.67,-3.97,15.4
0.03,0.19,0.05,526,91,526,-20.97,-3.99,17.3
0.01,0.18,0.15,497,81,497,-19.89,-4,16.3
0.015,0.18,0.15,497,81,497,-19.89,-4,16.3
0.02,0.18,0.15,497,81,497,-19.89,-4,16.3
0.025,0.18,0.15,497,81,497,-19.89,-4,16.3
0.03,0.18,0.15,497,81,497,-19.89,-4,16.3
0.065,0.17,0,451,74,451,-18.14,-4.02,16.4
0.065,0.17,0.05,451,74,451,-18.14,-4.02,16.4
0.025,0.15,0.15,543,85,543,-21.89,-4.03,15.7
0.055,0.13,0,538,86,538,-21.69,-4.03,16
0.055,0.13,0.05,538,86,538,-21.69,-4.03,16
0.075,0.15,0.15,437,68,437,-17.59,-4.03,15.6
0.02,0.14,0,625,104,625,-25.22,-4.04,16.6
0.01,0.17,0.05,579,100,579,-23.47,-4.05,17.3
0.03,0.15,0.1,572,93,572,-23.19,-4.05,16.3
0.02,0.17,0,570,99,570,-23.12,-4.06,17.4
0.04,0.18,0.05,518,88,518,-21.1,-4.07,17
0.01,0.14,0.1,609,98,609,-24.94,-4.1,16.1
0.015,0.14,0.1,609,98,609,-24.94,-4.1,16.1
0.095,0.16,0.2,374,59,374,-15.37,-4.11,15.8
0.03,0.15,0,583,97,583,-24.07,-4.13,16.6
0.01,0.13,0,702,115,702,-29.1,-4.14,16.4
0.01,0.19,0,567,102,567,-23.5,-4.14,18
0.02,0.14,0.1,603,97,603,-24.94,-4.14,16.1
0.03,0.15,0.05,581,96,581,-24.07,-4.14,16.5
0.055,0.13,0.1,536,85,536,-22.19,-4.14,15.9
0.06,0.13,0,511,80,511,-21.14,-4.14,15.7
0.06,0.13,0.05,511,80,511,-21.14,-4.14,15.7
0.075,0.18,0,418,69,418,-17.29,-4.14,16.5
0.075,0.18,0.05,418,69,418,-17.29,-4.14,16.5
0.075,0.18,0.1,418,69,418,-17.29,-4.14,16.5
0.035,0.15,0.15,535,84,535,-22.19,-4.15,15.7
0.035,0.13,0,613,98,613,-25.52,-4.16,16
0.02,0.17,0.1,548,92,548,-22.84,-4.17,16.8
0.035,0.13,0.05,611,97,611,-25.52,-4.18,15.9
0.065,0.18,0.15,434,70,434,-18.14,-4.18,16.1
0.04,0.17,0.1,524,87,524,-22.04,-4.21,16.6
0.035,0.19,0.1,510,86,510,-21.54,-4.22,16.9
0.01,0.18,0,582,104,582,-24.6,-4.23,17.9
0.035,0.17,0.15,509,82,509,-21.69,-4.26,16.1
0.04,0.18,0,519,88,519,-22.1,-4.26,17
0.045,0.13,0,577,92,577,-24.8,-4.3,15.9
0.045,0.13,0.05,577,92,577,-24.8,-4.3,15.9
0.04,0.17,0.05,530,89,530,-22.9,-4.32,16.8
0.085,0.14,0,413,67,413,-17.84,-4.32,16.2
0.085,0.14,0.05,413,67,413,-17.84,-4.32,16.2
0.085,0.14,0.1,413,67,413,-17.84,-4.32,16.2
0.075,0.18,0.2,409,65,409,-17.77,-4.34,15.9
0.085,0.17,0.2,388,62,388,-16.82,-4.34,16
0.04,0.14,0.1,564,90,564,-24.54,-4.35,16
0.07,0.18,0.15,425,68,425,-18.59,-4.37,16
0.01,0.15,0.15,545,85,545,-23.89,-4.38,15.6
0.015,0.15,0.15,545,85,545,-23.89,-4.38,15.6
0.02,0.15,0.15,545,85,545,-23.89,-4.38,15.6
0.065,0.18,0.1,442,73,442,-19.34,-4.38,16.5
0.02,0.12,0.05,680,108,680,-29.82,-4.39,15.9
0.025,0.15,0.1,579,94,579,-25.39,-4.39,16.2
0.025,0.18,0.1,533,90,533,-23.39,-4.39,16.9
0.035,0.13,0.1,604,94,604,-26.64,-4.41,15.6
0.04,0.13,0.1,588,92,588,-26.04,-4.43,15.6
0.08,0.18,0.15,400,64,400,-17.74,-4.43,16
0.1,0.13,0.15,372,58,372,-16.57,-4.45,15.6
0.1,0.13,0.2,372,58,372,-16.57,-4.45,15.6
0.03,0.14,0.15,558,86,558,-24.89,-4.46,15.4
0.04,0.14,0.05,570,92,570,-25.4,-4.46,16.1
0.025,0.15,0,594,99,594,-26.57,-4.47,16.7
0.07,0.13,0.2,460,70,460,-20.57,-4.47,15.2
0.095,0.15,0,383,62,383,-17.13,-4.47,16.2
0.095,0.15,0.05,383,62,383,-17.13,-4.47,16.2
0.095,0.15,0.1,383,62,383,-17.13,-4.47,16.2
0.025,0.18,0,548,95,548,-24.57,-4.48,17.3
0.025,0.15,0.05,592,98,592,-26.57,-4.49,16.6
0.07,0.13,0,470,74,470,-21.09,-4.49,15.7
0.07,0.13,0.05,470,74,470,-21.09,-4.49,15.7
0.07,0.13,0.1,470,74,470,-21.09,-4.49,15.7
0.025,0.18,0.05,546,94,546,-24.57,-4.5,17.2
0.04,0.17,0,531,89,531,-23.9,-4.5,16.8
0.09,0.13,0,407,65,407,-18.33,-4.5,16
0.09,0.13,0.05,407,65,407,-18.33,-4.5,16
0.09,0.13,0.1,407,65,407,-18.33,-4.5,16
0.1,0.12,0,377,60,377,-17.01,-4.51,15.9
0.1,0.12,0.05,377,60,377,-17.01,-4.51,15.9
0.1,0.12,0.1,377,60,377,-17.01,-4.51,15.9
0.04,0.13,0.05,594,94,594,-26.9,-4.53,15.8
0.045,0.13,0.1,573,90,573,-25.94,-4.53,15.7
0.03,0.18,0.1,529,89,529,-24.19,-4.57,16.8
0.065,0.18,0,443,73,443,-20.34,-4.59,16.5
0.065,0.18,0.05,443,73,443,-20.34,-4.59,16.5
0.035,0.18,0,531,91,531,-24.52,-4.62,17.1
0.04,0.14,0,571,92,571,-26.4,-4.62,16.1
0.085,0.17,0.15,392,63,392,-18.14,-4.63,16.1
0.01,0.17,0.15,511,82,511,-23.69,-4.64,16
0.015,0.17,0.15,511,82,511,-23.69,-4.64,16
0.02,0.17,0.15,511,82,511,-23.69,-4.64,16
0.025,0.17,0.15,511,82,511,-23.69,-4.64,16
0.03,0.17,0.15,511,82,511,-23.69,-4.64,16
0.03,0.18,0,540,93,540,-25.07,-4.64,17.2
0.035,0.18,0.05,529,90,529,-24.52,-4.64,17
0.02,0.12,0,684,109,684,-31.82,-4.65,15.9
0.03,0.18,0.05,538,92,538,-25.07,-4.66,17.1
0.04,0.13,0,595,94,595,-27.9,-4.69,15.8
0.05,0.12,0,573,90,573,-26.89,-4.69,15.7
0.05,0.12,0.05,573,90,573,-26.89,-4.69,15.7
0.065,0.13,0.2,471,72,471,-22.12,-4.7,15.3
0.01,0.15,0.05,626,104,626,-29.57,-4.72,16.6
0.02,0.12,0.1,662,102,662,-31.54,-4.76,15.4
0.1,0.11,0,378,60,378,-18.01,-4.76,15.9
0.1,0.11,0.05,378,60,378,-18.01,-4.76,15.9
0.1,0.11,0.1,378,60,378,-18.01,-4.76,15.9
0.015,0.14,0,649,109,649,-30.96,-4.77,16.8
0.085,0.14,0.2,405,63,405,-19.32,-4.77,15.6
0.03,0.12,0.15,605,90,605,-28.99,-4.79,14.9
0.025,0.12,0.15,615,91,615,-29.49,-4.8,14.8
0.05,0.12,0.1,571,89,571,-27.39,-4.8,15.6
0.08,0.15,0,424,68,424,-20.44,-4.82,16
0.08,0.15,0.05,424,68,424,-20.44,-4.82,16
0.08,0.15,0.1,424,68,424,-20.44,-4.82,16
0.075,0.18,0.15,414,66,414,-20.09,-4.85,15.9
0.075,0.14,0,448,71,448,-21.79,-4.86,15.8
0.075,0.14,0.05,448,71,448,-21.79,-4.86,15.8
0.075,0.14,0.1,448,71,448,-21.79,-4.86,15.8
0.035,0.15,0,570,94,570,-27.82,-4.88,16.5
0.035,0.15,0.05,568,93,568,-27.82,-4.9,16.4
0.035,0.18,0.1,522,87,522,-25.64,-4.91,16.7
0.01,0.17,0,597,105,597,-29.4,-4.92,17.6
0.09,0.13,0.15,404,63,404,-19.89,-4.92,15.6
0.095,0.15,0.15,380,60,380,-18.69,-4.92,15.8
0.015,0.14,0.05,640,105,640,-31.57,-4.93,16.4
0.03,0.14,0.1,590,94,590,-29.19,-4.95,15.9
0.025,0.17,0.1,547,91,547,-27.19,-4.97,16.6
0.05,0.11,0.2,558,84,558,-27.87,-4.99,15.1
0.03,0.14,0,601,98,601,-30.07,-5,16.3
0.015,0.12,0.1,670,103,670,-33.54,-5.01,15.4
0.03,0.14,0.05,599,97,599,-30.07,-5.02,16.2
0.035,0.17,0,544,92,544,-27.32,-5.02,16.9
0.1,0.03,0,379,60,379,-19.01,-5.02,15.8
0.1,0.03,0.05,379,60,379,-19.01,-5.02,15.8
0.1,0.03,0.1,379,60,379,-19.01,-5.02,15.8
0.1,0.04,0,379,60,379,-19.01,-5.02,15.8
0.1,0.04,0.05,379,60,379,-19.01,-5.02,15.8
0.1,0.04,0.1,379,60,379,-19.01,-5.02,15.8
0.1,0.05,0,379,60,379,-19.01,-5.02,15.8
0.1,0.05,0.05,379,60,379,-19.01,-5.02,15.8
0.1,0.05,0.1,379,60,379,-19.01,-5.02,15.8
0.1,0.06,0,379,60,379,-19.01,-5.02,15.8
0.1,0.06,0.05,379,60,379,-19.01,-5.02,15.8
0.1,0.06,0.1,379,60,379,-19.01,-5.02,15.8
0.1,0.07,0,379,60,379,-19.01,-5.02,15.8
0.1,0.07,0.05,379,60,379,-19.01,-5.02,15.8
0.1,0.07,0.1,379,60,379,-19.01,-5.02,15.8
0.1,0.08,0,379,60,379,-19.01,-5.02,15.8
0.1,0.08,0.05,379,60,379,-19.01,-5.02,15.8
0.1,0.08,0.1,379,60,379,-19.01,-5.02,15.8
0.1,0.09,0,379,60,379,-19.01,-5.02,15.8
0.1,0.09,0.05,379,60,379,-19.01,-5.02,15.8
0.1,0.09,0.1,379,60,379,-19.01,-5.02,15.8
0.1,0.1,0,379,60,379,-19.01,-5.02,15.8
0.1,0.1,0.05,379,60,379,-19.01,-5.02,15.8
0.1,0.1,0.1,379,60,379,-19.01,-5.02,15.8
0.035,0.17,0.05,542,91,542,-27.32,-5.04,16.8
0.08,0.15,0.2,415,64,415,-20.92,-5.04,15.4
0.025,0.17,0,562,96,562,-28.37,-5.05,17.1
0.085,0.14,0.15,409,64,409,-20.64,-5.05,15.6
0.025,0.12,0.1,651,100,651,-32.99,-5.07,15.4
0.025,0.17,0.05,560,95,560,-28.37,-5.07,17
0.075,0.14,0.2,439,67,439,-22.27,-5.07,15.3
0.035,0.14,0.15,553,85,553,-28.19,-5.1,15.4
0.025,0.11,0.2,610,89,610,-31.17,-5.11,14.6
0.08,0.17,0,410,67,410,-20.94,-5.11,16.3
0.08,0.17,0.05,410,67,410,-20.94,-5.11,16.3
0.08,0.17,0.1,410,67,410,-20.94,-5.11,16.3
0.025,0.12,0,666,105,666,-34.17,-5.13,15.8
0.07,0.13,0.15,466,71,466,-23.89,-5.13,15.2
0.025,0.14,0.15,562,86,562,-28.89,-5.14,15.3
0.025,0.12,0.05,664,104,664,-34.17,-5.15,15.7
0.03,0.17,0.1,543,90,543,-27.99,-5.15,16.6
0.035,0.15,0.1,561,90,561,-28.94,-5.16,16
0.09,0.12,0,410,65,410,-21.33,-5.2,15.9
0.09,0.12,0.05,410,65,410,-21.33,-5.2,15.9
0.09,0.12,0.1,410,65,410,-21.33,-5.2,15.9
0.03,0.17,0,554,94,554,-28.87,-5.21,17
0.1,0.12,0.15,375,58,375,-19.57,-5.22,15.5
0.1,0.12,0.2,375,58,375,-19.57,-5.22,15.5
0.03,0.12,0.1,637,98,637,-33.29,-5.23,15.4
0.03,0.17,0.05,552,93,552,-28.87,-5.23,16.8
0.055,0.12,0.15,535,82,535,-27.99,-5.23,15.3
0.03,0.12,0,648,102,648,-34.17,-5.27,15.7
0.06,0.12,0.15,510,77,510,-26.94,-5.28,15.1
0.03,0.12,0.05,646,101,646,-34.17,-5.29,15.6
0.035,0.17,0.1,535,88,535,-28.44,-5.32,16.4
0.08,0.17,0.2,401,63,401,-21.42,-5.34,15.7
0.09,0.13,0.2,403,62,403,-21.57,-5.35,15.4
0.095,0.15,0.2,379,59,379,-20.37,-5.37,15.6
0.01,0.11,0.2,612,89,612,-33.17,-5.42,14.5
0.015,0.11,0.2,612,89,612,-33.17,-5.42,14.5
0.02,0.11,0.2,612,89,612,-33.17,-5.42,14.5
0.025,0.14,0.1,598,95,598,-32.39,-5.42,15.9
0.01,0.12,0.1,673,103,673,-36.54,-5.43,15.3
0.03,0.11,0.2,602,88,602,-32.67,-5.43,14.6
0.1,0.11,0.15,376,58,376,-20.57,-5.47,15.4
0.1,0.11,0.2,376,58,376,-20.57,-5.47,15.4
0.01,0.14,0.15,564,86,564,-30.89,-5.48,15.2
0.015,0.14,0.15,564,86,564,-30.89,-5.48,15.2
0.02,0.14,0.15,564,86,564,-30.89,-5.48,15.2
0.025,0.14,0,613,100,613,-33.57,-5.48,16.3
0.025,0.14,0.05,611,99,611,-33.57,-5.49,16.2
0.01,0.15,0,644,109,644,-35.5,-5.51,16.9
0.08,0.15,0.15,420,65,420,-23.24,-5.53,15.5
0.075,0.14,0.15,444,68,444,-24.59,-5.54,15.3
0.015,0.12,0,710,114,710,-39.56,-5.57,16.1
0.06,0.12,0.1,519,80,519,-29.14,-5.61,15.4
0.09,0.12,0.15,407,63,407,-22.89,-5.62,15.5
0.07,0.12,0,476,74,476,-27.09,-5.69,15.5
0.07,0.12,0.05,476,74,476,-27.09,-5.69,15.5
0.07,0.12,0.1,476,74,476,-27.09,-5.69,15.5
0.085,0.13,0,419,67,419,-23.84,-5.69,16
0.085,0.13,0.05,419,67,419,-23.84,-5.69,16
0.085,0.13,0.1,419,67,419,-23.84,-5.69,16
0.07,0.12,0.2,466,70,466,-26.57,-5.7,15
0.095,0.14,0,388,62,388,-22.13,-5.7,16
0.095,0.14,0.05,388,62,388,-22.13,-5.7,16
0.095,0.14,0.1,388,62,388,-22.13,-5.7,16
0.075,0.17,0,425,69,425,-24.29,-5.72,16.2
0.075,0.17,0.05,425,69,425,-24.29,-5.72,16.2
0.075,0.17,0.1,425,69,425,-24.29,-5.72,16.2
0.1,0.03,0.15,377,58,377,-21.57,-5.72,15.4
0.1,0.03,0.2,377,58,377,-21.57,-5.72,15.4
0.1,0.04,0.15,377,58,377,-21.57,-5.72,15.4
0.1,0.04,0.2,377,58,377,-21.57,-5.72,15.4
0.1,0.05,0.15,377,58,377,-21.57,-5.72,15.4
0.1,0.05,0.2,377,58,377,-21.57,-5.72,15.4
0.1,0.06,0.15,377,58,377,-21.57,-5.72,15.4
0.1,0.06,0.2,377,58,377,-21.57,-5.72,15.4
0.1,0.07,0.15,377,58,377,-21.57,-5.72,15.4
0.1,0.07,0.2,377,58,377,-21.57,-5.72,15.4
0.1,0.08,0.15,377,58,377,-21.57,-5.72,15.4
0.1,0.08,0.2,377,58,377,-21.57,-5.72,15.4
0.1,0.09,0.15,377,58,377,-21.57,-5.72,15.4
0.1,0.09,0.2,377,58,377,-21.57,-5.72,15.4
0.1,0.1,0.15,377,58,377,-21.57,-5.72,15.4
0.1,0.1,0.2,377,58,377,-21.57,-5.72,15.4
0.015,0.12,0.05,701,110,701,-40.17,-5.73,15.7
0.065,0.13,0.15,479,73,479,-27.44,-5.73,15.2
0.035,0.14,0,588,95,588,-33.82,-5.75,16.2
0.035,0.14,0.05,586,94,586,-33.82,-5.77,16
0.055,0.12,0,548,86,548,-31.69,-5.78,15.7
0.055,0.12,0.05,548,86,548,-31.69,-5.78,15.7
0.06,0.12,0,520,80,520,-30.14,-5.8,15.4
0.06,0.12,0.05,520,80,520,-30.14,-5.8,15.4
0.01,0.14,0.05,646,105,646,-37.57,-5.82,16.3
0.045,0.12,0.15,570,86,570,-33.19,-5.82,15.1
0.08,0.17,0.15,406,64,406,-23.74,-5.85,15.8
0.065,0.13,0.1,487,76,487,-28.64,-5.88,15.6
0.09,0.11,0,413,65,413,-24.33,-5.89,15.7
0.09,0.11,0.05,413,65,413,-24.33,-5.89,15.7
0.09,0.11,0.1,413,65,413,-24.33,-5.89,15.7
0.055,0.12,0.1,546,85,546,-32.19,-5.9,15.6
0.065,0.12,0.2,477,72,477,-28.12,-5.9,15.1
0.075,0.17,0.2,416,65,416,-24.77,-5.95,15.6
0.06,0.11,0.2,511,76,511,-30.62,-5.99,14.9
0.01,0.12,0.15,623,91,623,-37.49,-6.02,14.6
0.015,0.12,0.15,623,91,623,-37.49,-6.02,14.6
0.02,0.12,0.15,623,91,623,-37.49,-6.02,14.6
0.035,0.14,0.1,579,91,579,-34.94,-6.03,15.7
0.09,0.12,0.2,406,62,406,-24.57,-6.05,15.3
0.065,0.13,0,488,76,488,-29.64,-6.07,15.6
0.065,0.13,0.05,488,76,488,-29.64,-6.07,15.6
0.04,0.12,0.15,583,87,583,-35.69,-6.12,14.9
0.095,0.14,0.15,385,60,385,-23.69,-6.15,15.6
0.085,0.13,0.2,411,63,411,-25.32,-6.16,15.3
0.055,0.11,0.2,534,80,534,-33.67,-6.31,15
0.09,0.11,0.15,410,63,410,-25.89,-6.31,15.4
0.07,0.12,0.15,472,71,472,-29.89,-6.33,15
0.09,0.03,0,415,65,415,-26.33,-6.34,15.7
0.09,0.03,0.05,415,65,415,-26.33,-6.34,15.7
0.09,0.03,0.1,415,65,415,-26.33,-6.34,15.7
0.09,0.04,0,415,65,415,-26.33,-6.34,15.7
0.09,0.04,0.05,415,65,415,-26.33,-6.34,15.7
0.09,0.04,0.1,415,65,415,-26.33,-6.34,15.7
0.09,0.05,0,415,65,415,-26.33,-6.34,15.7
0.09,0.05,0.05,415,65,415,-26.33,-6.34,15.7
0.09,0.05,0.1,415,65,415,-26.33,-6.34,15.7
0.09,0.06,0,415,65,415,-26.33,-6.34,15.7
0.09,0.06,0.05,415,65,415,-26.33,-6.34,15.7
0.09,0.06,0.1,415,65,415,-26.33,-6.34,15.7
0.09,0.07,0,415,65,415,-26.33,-6.34,15.7
0.09,0.07,0.05,415,65,415,-26.33,-6.34,15.7
0.09,0.07,0.1,415,65,415,-26.33,-6.34,15.7
0.09,0.08,0,415,65,415,-26.33,-6.34,15.7
0.09,0.08,0.05,415,65,415,-26.33,-6.34,15.7
0.09,0.08,0.1,415,65,415,-26.33,-6.34,15.7
0.09,0.09,0,415,65,415,-26.33,-6.34,15.7
0.09,0.09,0.05,415,65,415,-26.33,-6.34,15.7
0.09,0.09,0.1,415,65,415,-26.33,-6.34,15.7
0.09,0.1,0,415,65,415,-26.33,-6.34,15.7
0.09,0.1,0.05,415,65,415,-26.33,-6.34,15.7
0.09,0.1,0.1,415,65,415,-26.33,-6.34,15.7
0.035,0.12,0.15,596,88,596,-37.89,-6.36,14.8
0.085,0.12,0,422,67,422,-26.84,-6.36,15.9
0.085,0.12,0.05,422,67,422,-26.84,-6.36,15.9
0.085,0.12,0.1,422,67,422,-26.84,-6.36,15.9
0.08,0.14,0,431,68,431,-27.44,-6.37,15.8
0.08,0.14,0.05,431,68,431,-27.44,-6.37,15.8
0.08,0.14,0.1,431,68,431,-27.44,-6.37,15.8
0.085,0.13,0.15,415,64,415,-26.64,-6.42,15.4
0.075,0.17,0.15,421,66,421,-27.09,-6.43,15.7
0.05,0.11,0.15,574,86,574,-37.19,-6.48,15
0.01,0.1,0.2,632,90,632,-41.17,-6.51,14.2
0.015,0.1,0.2,632,90,632,-41.17,-6.51,14.2
0.02,0.1,0.2,632,90,632,-41.17,-6.51,14.2
0.075,0.13,0,456,71,456,-29.79,-6.53,15.6
0.075,0.13,0.05,456,71,456,-29.79,-6.53,15.6
0.075,0.13,0.1,456,71,456,-29.79,-6.53,15.6
0.01,0.14,0,664,110,664,-43.5,-6.55,16.6
0.045,0.12,0,591,92,591,-38.8,-6.57,15.6
0.045,0.12,0.05,591,92,591,-38.8,-6.57,15.6
0.095,0.14,0.2,384,59,384,-25.37,-6.61,15.4
0.08,0.14,0.2,422,64,422,-27.92,-6.62,15.2
0.045,0.11,0.2,568,84,568,-37.87,-6.67,14.8
0.09,0.11,0.2,409,62,409,-27.57,-6.74,15.2
0.075,0.13,0.2,447,67,447,-30.27,-6.77,15
0.09,0.03,0.15,412,63,412,-27.89,-6.77,15.3
0.09,0.04,0.15,412,63,412,-27.89,-6.77,15.3
0.09,0.05,0.15,412,63,412,-27.89,-6.77,15.3
0.09,0.06,0.15,412,63,412,-27.89,-6.77,15.3
0.09,0.07,0.15,412,63,412,-27.89,-6.77,15.3
0.09,0.08,0.15,412,63,412,-27.89,-6.77,15.3
0.09,0.09,0.15,412,63,412,-27.89,-6.77,15.3
0.09,0.1,0.15,412,63,412,-27.89,-6.77,15.3
0.045,0.12,0.1,587,90,587,-39.94,-6.8,15.3
0.04,0.12,0.1,603,92,603,-41.04,-6.81,15.3
0.05,0.1,0.2,569,84,569,-38.87,-6.83,14.8
0.085,0.12,0.2,414,63,414,-28.32,-6.84,15.2
0.04,0.12,0.05,609,94,609,-41.9,-6.88,15.4
0.065,0.12,0.15,485,73,485,-33.44,-6.89,15.1
0.035,0.12,0,631,98,631,-43.52,-6.9,15.5
0.095,0.13,0,393,62,393,-27.13,-6.9,15.8
0.095,0.13,0.05,393,62,393,-27.13,-6.9,15.8
0.095,0.13,0.1,393,62,393,-27.13,-6.9,15.8
0.035,0.12,0.05,629,97,629,-43.52,-6.92,15.4
0.04,0.11,0.2,581,85,581,-40.37,-6.95,14.6
0.035,0.11,0.2,593,86,593,-41.57,-7.01,14.5
0.04,0.12,0,610,94,610,-42.9,-7.03,15.4
0.065,0.12,0.1,493,76,493,-34.64,-7.03,15.4
0.06,0.1,0.2,517,76,517,-36.62,-7.08,14.7
0.08,0.14,0.15,427,65,427,-30.24,-7.08,15.2
0.085,0.12,0.15,418,64,418,-29.64,-7.09,15.3
0.05,0.11,0,588,90,588,-41.89,-7.12,15.3
0.05,0.11,0.05,588,90,588,-41.89,-7.12,15.3
0.035,0.12,0.1,622,94,622,-44.64,-7.18,15.1
0.09,0.03,0.2,411,62,411,-29.57,-7.19,15.1
0.09,0.04,0.2,411,62,411,-29.57,-7.19,15.1
0.09,0.05,0.2,411,62,411,-29.57,-7.19,15.1
0.09,0.06,0.2,411,62,411,-29.57,-7.19,15.1
0.09,0.07,0.2,411,62,411,-29.57,-7.19,15.1
0.09,0.08,0.2,411,62,411,-29.57,-7.19,15.1
0.09,0.09,0.2,411,62,411,-29.57,-7.19,15.1
0.09,0.1,0.2,411,62,411,-29.57,-7.19,15.1
0.065,0.12,0,494,76,494,-35.64,-7.21,15.4
0.065,0.12,0.05,494,76,494,-35.64,-7.21,15.4
0.075,0.13,0.15,452,68,452,-32.59,-7.21,15
0.05,0.11,0.1,586,89,586,-42.39,-7.23,15.2
0.07,0.11,0,484,74,484,-35.09,-7.25,15.3
0.07,0.11,0.05,484,74,484,-35.09,-7.25,15.3
0.07,0.11,0.1,484,74,484,-35.09,-7.25,15.3
0.06,0.11,0.15,521,77,521,-37.94,-7.28,14.8
0.07,0.11,0.2,474,70,474,-34.57,-7.29,14.8
0.01,0.12,0.05,713,110,713,-52.17,-7.32,15.4
0.075,0.12,0,460,71,460,-33.79,-7.35,15.4
0.075,0.12,0.05,460,71,460,-33.79,-7.35,15.4
0.075,0.12,0.1,460,71,460,-33.79,-7.35,15.4
0.095,0.13,0.15,390,60,390,-28.69,-7.36,15.4
0.085,0.11,0,427,67,427,-31.84,-7.46,15.7
0.085,0.11,0.05,427,67,427,-31.84,-7.46,15.7
0.085,0.11,0.1,427,67,427,-31.84,-7.46,15.7
0.055,0.11,0.15,548,82,548,-40.99,-7.48,15
0.06,0.11,0.1,530,80,530,-40.14,-7.57,15.1
0.075,0.12,0.2,451,67,451,-34.27,-7.6,14.9
0.095,0.12,0,396,62,396,-30.13,-7.61,15.7
0.095,0.12,0.05,396,62,396,-30.13,-7.61,15.7
0.095,0.12,0.1,396,62,396,-30.13,-7.61,15.7
0.065,0.11,0.2,486,72,486,-37.12,-7.64,14.8
0.055,0.1,0.2,542,80,542,-41.67,-7.69,14.8
0.06,0.11,0,531,80,531,-41.14,-7.75,15.1
0.06,0.11,0.05,531,80,531,-41.14,-7.75,15.1
0.05,0.08,0.2,575,84,575,-44.87,-7.8,14.6
0.05,0.09,0.2,575,84,575,-44.87,-7.8,14.6
0.06,0.08,0.2,521,76,521,-40.62,-7.8,14.6
0.06,0.09,0.2,521,76,521,-40.62,-7.8,14.6
0.095,0.13,0.2,389,59,389,-30.37,-7.81,15.2
0.025,0.1,0.2,628,89,628,-49.17,-7.83,14.2
0.03,0.1,0.2,618,88,618,-48.67,-7.88,14.2
0.07,0.11,0.15,480,71,480,-37.89,-7.89,14.8
0.02,0.11,0.05,706,108,706,-55.82,-7.91,15.3
0.01,0.12,0,731,115,731,-58.1,-7.95,15.7
0.085,0.11,0.2,419,63,419,-33.32,-7.95,15
0.055,0.11,0,561,86,561,-44.69,-7.97,15.3
0.055,0.11,0.05,561,86,561,-44.69,-7.97,15.3
0.06,0.03,0.2,522,76,522,-41.62,-7.97,14.6
0.06,0.04,0.2,522,76,522,-41.62,-7.97,14.6
0.06,0.05,0.2,522,76,522,-41.62,-7.97,14.6
0.06,0.06,0.2,522,76,522,-41.62,-7.97,14.6
0.06,0.07,0.2,522,76,522,-41.62,-7.97,14.6
0.075,0.12,0.15,456,68,456,-36.59,-8.02,14.9
0.095,0.12,0.15,393,60,393,-31.69,-8.06,15.3
0.08,0.13,0,439,68,439,-35.44,-8.07,15.5
0.08,0.13,0.05,439,68,439,-35.44,-8.07,15.5
0.08,0.13,0.1,439,68,439,-35.44,-8.07,15.5
0.095,0.11,0,398,62,398,-32.13,-8.07,15.6
0.095,0.11,0.05,398,62,398,-32.13,-8.07,15.6
0.095,0.11,0.1,398,62,398,-32.13,-8.07,15.6
0.055,0.11,0.1,559,85,559,-45.19,-8.08,15.2
0.085,0.1,0,430,67,430,-34.84,-8.1,15.6
0.085,0.1,0.05,430,67,430,-34.84,-8.1,15.6
0.085,0.1,0.1,430,67,430,-34.84,-8.1,15.6
0.02,0.11,0,710,109,710,-57.82,-8.14,15.4
0.085,0.11,0.15,423,64,423,-34.64,-8.19,15.1
0.07,0.1,0,489,74,489,-40.09,-8.2,15.1
0.07,0.1,0.05,489,74,489,-40.09,-8.2,15.1
0.07,0.1,0.1,489,74,489,-40.09,-8.2,15.1
0.05,0.1,0.15,585,86,585,-48.19,-8.24,14.7
0.01,0.09,0.2,644,90,644,-53.17,-8.26,14
0.015,0.09,0.2,644,90,644,-53.17,-8.26,14
0.02,0.09,0.2,644,90,644,-53.17,-8.26,14
0.07,0.1,0.2,479,70,479,-39.57,-8.26,14.6
0.085,0.03,0,431,67,431,-35.84,-8.32,15.5
0.085,0.03,0.05,431,67,431,-35.84,-8.32,15.5
0.085,0.03,0.1,431,67,431,-35.84,-8.32,15.5
0.085,0.04,0,431,67,431,-35.84,-8.32,15.5
0.085,0.04,0.05,431,67,431,-35.84,-8.32,15.5
0.085,0.04,0.1,431,67,431,-35.84,-8.32,15.5
0.085,0.05,0,431,67,431,-35.84,-8.32,15.5
0.085,0.05,0.05,431,67,431,-35.84,-8.32,15.5
0.085,0.05,0.1,431,67,431,-35.84,-8.32,15.5
0.085,0.06,0,431,67,431,-35.84,-8.32,15.5
0.085,0.06,0.05,431,67,431,-35.84,-8.32,15.5
0.085,0.06,0.1,431,67,431,-35.84,-8.32,15.5
0.085,0.07,0,431,67,431,-35.84,-8.32,15.5
0.085,0.07,0.05,431,67,431,-35.84,-8.32,15.5
0.085,0.07,0.1,431,67,431,-35.84,-8.32,15.5
0.085,0.08,0,431,67,431,-35.84,-8.32,15.5
0.085,0.08,0.05,431,67,431,-35.84,-8.32,15.5
0.085,0.08,0.1,431,67,431,-35.84,-8.32,15.5
0.085,0.09,0,431,67,431,-35.84,-8.32,15.5
0.085,0.09,0.05,431,67,431,-35.84,-8.32,15.5
0.085,0.09,0.1,431,67,431,-35.84,-8.32,15.5
0.06,0.1,0.15,527,77,527,-43.94,-8.34,14.6
0.08,0.13,0.2,430,64,430,-35.92,-8.35,14.9
0.02,0.11,0.1,688,102,688,-57.54,-8.36,14.8
0.03,0.11,0.15,629,90,629,-52.99,-8.42,14.3
0.045,0.1,0.2,579,84,579,-48.87,-8.44,14.5
0.095,0.12,0.2,392,59,392,-33.37,-8.51,15.1
0.055,0.08,0.2,547,80,547,-46.67,-8.53,14.6
0.055,0.09,0.2,547,80,547,-46.67,-8.53,14.6
0.095,0.03,0,400,62,400,-34.13,-8.53,15.5
0.095,0.03,0.05,400,62,400,-34.13,-8.53,15.5
0.095,0.03,0.1,400,62,400,-34.13,-8.53,15.5
0.095,0.04,0,400,62,400,-34.13,-8.53,15.5
0.095,0.04,0.05,400,62,400,-34.13,-8.53,15.5
0.095,0.04,0.1,400,62,400,-34.13,-8.53,15.5
0.095,0.05,0,400,62,400,-34.13,-8.53,15.5
0.095,0.05,0.05,400,62,400,-34.13,-8.53,15.5
0.095,0.05,0.1,400,62,400,-34.13,-8.53,15.5
0.095,0.06,0,400,62,400,-34.13,-8.53,15.5
0.095,0.06,0.05,400,62,400,-34.13,-8.53,15.5
0.095,0.06,0.1,400,62,400,-34.13,-8.53,15.5
0.095,0.07,0,400,62,400,-34.13,-8.53,15.5
0.095,0.07,0.05,400,62,400,-34.13,-8.53,15.5
0.095,0.07,0.1,400,62,400,-34.13,-8.53,15.5
0.095,0.08,0,400,62,400,-34.13,-8.53,15.5
0.095,0.08,0.05,400,62,400,-34.13,-8.53,15.5
0.095,0.08,0.1,400,62,400,-34.13,-8.53,15.5
0.095,0.09,0,400,62,400,-34.13,-8.53,15.5
0.095,0.09,0.05,400,62,400,-34.13,-8.53,15.5
0.095,0.09,0.1,400,62,400,-34.13,-8.53,15.5
0.095,0.1,0,400,62,400,-34.13,-8.53,15.5
0.095,0.1,0.05,400,62,400,-34.13,-8.53,15.5
0.095,0.1,0.1,400,62,400,-34.13,-8.53,15.5
0.095,0.11,0.15,395,60,395,-33.69,-8.53,15.2
0.075,0.11,0,466,71,466,-39.79,-8.54,15.2
0.075,0.11,0.05,466,71,466,-39.79,-8.54,15.2
0.075,0.11,0.1,466,71,466,-39.79,-8.54,15.2
0.065,0.11,0.15,494,73,494,-42.44,-8.59,14.8
0.05,0.06,0.2,580,84,580,-49.87,-8.6,14.5
0.05,0.07,0.2,580,84,580,-49.87,-8.6,14.5
0.06,0.1,0.1,536,80,536,-46.14,-8.61,14.9
0.085,0.1,0.2,422,63,422,-36.32,-8.61,14.9
0.025,0.11,0.15,641,91,641,-55.49,-8.66,14.2
0.03,0.11,0,672,102,672,-58.17,-8.66,15.2
0.03,0.11,0.1,661,98,661,-57.29,-8.67,14.8
0.03,0.11,0.05,670,101,670,-58.17,-8.68,15.1
0.065,0.11,0.1,502,76,502,-43.64,-8.69,15.1
0.025,0.11,0,692,105,692,-60.17,-8.7,15.2
0.025,0.11,0.1,677,100,677,-58.99,-8.71,14.8
0.045,0.11,0.15,588,86,588,-51.19,-8.71,14.6
0.025,0.11,0.05,690,104,690,-60.17,-8.72,15.1
0.065,0.1,0.2,492,72,492,-43.12,-8.76,14.6
0.07,0.03,0,492,74,492,-43.09,-8.76,15
0.07,0.03,0.05,492,74,492,-43.09,-8.76,15
0.07,0.03,0.1,492,74,492,-43.09,-8.76,15
0.07,0.04,0,492,74,492,-43.09,-8.76,15
0.07,0.04,0.05,492,74,492,-43.09,-8.76,15
0.07,0.04,0.1,492,74,492,-43.09,-8.76,15
0.07,0.05,0,492,74,492,-43.09,-8.76,15
0.07,0.05,0.05,492,74,492,-43.09,-8.76,15
0.07,0.05,0.1,492,74,492,-43.09,-8.76,15
0.07,0.06,0,492,74,492,-43.09,-8.76,15
0.07,0.06,0.05,492,74,492,-43.09,-8.76,15
0.07,0.06,0.1,492,74,492,-43.09,-8.76,15
0.07,0.07,0,492,74,492,-43.09,-8.76,15
0.07,0.07,0.05,492,74,492,-43.09,-8.76,15
0.07,0.07,0.1,492,74,492,-43.09,-8.76,15
0.07,0.08,0,492,74,492,-43.09,-8.76,15
0.07,0.08,0.05,492,74,492,-43.09,-8.76,15
0.07,0.08,0.1,492,74,492,-43.09,-8.76,15
0.07,0.09,0,492,74,492,-43.09,-8.76,15
0.07,0.09,0.05,492,74,492,-43.09,-8.76,15
0.07,0.09,0.1,492,74,492,-43.09,-8.76,15
0.06,0.1,0,537,80,537,-47.14,-8.78,14.9
0.06,0.1,0.05,537,80,537,-47.14,-8.78,14.9
0.02,0.1,0.05,726,109,726,-63.82,-8.79,15
0.08,0.13,0.15,435,65,435,-38.24,-8.79,14.9
0.055,0.1,0.15,556,82,556,-48.99,-8.81,14.7
0.075,0.11,0.2,457,67,457,-40.27,-8.81,14.7
0.01,0.08,0.2,648,90,648,-57.17,-8.82,13.9
0.015,0.08,0.2,648,90,648,-57.17,-8.82,13.9
0.02,0.08,0.2,648,90,648,-57.17,-8.82,13.9
0.085,0.03,0.2,423,63,423,-37.32,-8.82,14.9
0.085,0.04,0.2,423,63,423,-37.32,-8.82,14.9
0.085,0.05,0.2,423,63,423,-37.32,-8.82,14.9
0.085,0.06,0.2,423,63,423,-37.32,-8.82,14.9
0.085,0.07,0.2,423,63,423,-37.32,-8.82,14.9
0.085,0.08,0.2,423,63,423,-37.32,-8.82,14.9
0.085,0.09,0.2,423,63,423,-37.32,-8.82,14.9
0.05,0.1,0,599,90,599,-52.89,-8.83,15
0.05,0.1,0.05,599,90,599,-52.89,-8.83,15
0.07,0.03,0.2,482,70,482,-42.57,-8.83,14.5
0.07,0.04,0.2,482,70,482,-42.57,-8.83,14.5
0.07,0.05,0.2,482,70,482,-42.57,-8.83,14.5
0.07,0.06,0.2,482,70,482,-42.57,-8.83,14.5
0.07,0.07,0.2,482,70,482,-42.57,-8.83,14.5
0.07,0.08,0.2,482,70,482,-42.57,-8.83,14.5
0.07,0.09,0.2,482,70,482,-42.57,-8.83,14.5
0.07,0.1,0.15,485,71,485,-42.89,-8.84,14.6
0.085,0.1,0.15,426,64,426,-37.64,-8.84,15
0.055,0.03,0.2,549,80,549,-48.67,-8.87,14.6
0.055,0.04,0.2,549,80,549,-48.67,-8.87,14.6
0.055,0.05,0.2,549,80,549,-48.67,-8.87,14.6
0.055,0.06,0.2,549,80,549,-48.67,-8.87,14.6
0.055,0.07,0.2,549,80,549,-48.67,-8.87,14.6
0.065,0.11,0,503,76,503,-44.64,-8.87,15.1
0.065,0.11,0.05,503,76,503,-44.64,-8.87,15.1
0.08,0.12,0,443,68,443,-39.44,-8.9,15.3
0.08,0.12,0.05,443,68,443,-39.44,-8.9,15.3
0.08,0.12,0.1,443,68,443,-39.44,-8.9,15.3
0.05,0.03,0.2,582,84,582,-51.87,-8.91,14.4
0.05,0.04,0.2,582,84,582,-51.87,-8.91,14.4
0.05,0.05,0.2,582,84,582,-51.87,-8.91,14.4
0.05,0.1,0.1,597,89,597,-53.39,-8.94,14.9
0.04,0.1,0.2,594,85,594,-53.37,-8.98,14.3
0.095,0.11,0.2,394,59,394,-35.37,-8.98,15
0.095,0.03,0.15,397,60,397,-35.69,-8.99,15.1
0.095,0.04,0.15,397,60,397,-35.69,-8.99,15.1
0.095,0.05,0.15,397,60,397,-35.69,-8.99,15.1
0.095,0.06,0.15,397,60,397,-35.69,-8.99,15.1
0.095,0.07,0.15,397,60,397,-35.69,-8.99,15.1
0.095,0.08,0.15,397,60,397,-35.69,-8.99,15.1
0.095,0.09,0.15,397,60,397,-35.69,-8.99,15.1
0.095,0.1,0.15,397,60,397,-35.69,-8.99,15.1
0.02,0.1,0,730,110,730,-65.82,-9.02,15.1
0.06,0.08,0.15,531,77,531,-47.94,-9.03,14.5
0.06,0.09,0.15,531,77,531,-47.94,-9.03,14.5
0.085,0.03,0.15,427,64,427,-38.64,-9.05,15
0.085,0.04,0.15,427,64,427,-38.64,-9.05,15
0.085,0.05,0.15,427,64,427,-38.64,-9.05,15
0.085,0.06,0.15,427,64,427,-38.64,-9.05,15
0.085,0.07,0.15,427,64,427,-38.64,-9.05,15
0.085,0.08,0.15,427,64,427,-38.64,-9.05,15
0.085,0.09,0.15,427,64,427,-38.64,-9.05,15
0.015,0.11,0.1,700,103,700,-63.54,-9.08,14.7
0.04,0.11,0.15,602,87,602,-54.69,-9.08,14.5
0.035,0.1,0.2,607,86,607,-55.57,-9.15,14.2
0.05,0.08,0.15,591,86,591,-54.19,-9.17,14.6
0.05,0.09,0.15,591,86,591,-54.19,-9.17,14.6
0.03,0.09,0.2,627,88,627,-57.67,-9.2,14
0.06,0.03,0.15,532,77,532,-48.94,-9.2,14.5
0.06,0.04,0.15,532,77,532,-48.94,-9.2,14.5
0.06,0.05,0.15,532,77,532,-48.94,-9.2,14.5
0.06,0.06,0.15,532,77,532,-48.94,-9.2,14.5
0.06,0.07,0.15,532,77,532,-48.94,-9.2,14.5
0.08,0.12,0.2,434,64,434,-39.92,-9.2,14.7
0.075,0.11,0.15,462,68,462,-42.59,-9.22,14.7
0.02,0.1,0.1,708,103,708,-65.54,-9.26,14.5
0.055,0.1,0,569,86,569,-52.69,-9.26,15.1
0.055,0.1,0.05,569,86,569,-52.69,-9.26,15.1
0.06,0.08,0.1,540,80,540,-50.14,-9.29,14.8
0.06,0.09,0.1,540,80,540,-50.14,-9.29,14.8
0.075,0.1,0,470,71,470,-43.79,-9.32,15.1
0.075,0.1,0.05,470,71,470,-43.79,-9.32,15.1
0.075,0.1,0.1,470,71,470,-43.79,-9.32,15.1
0.045,0.11,0,609,92,609,-56.8,-9.33,15.1
0.045,0.11,0.05,609,92,609,-56.8,-9.33,15.1
0.045,0.08,0.2,585,84,585,-54.87,-9.38,14.4
0.045,0.09,0.2,585,84,585,-54.87,-9.38,14.4
0.055,0.1,0.1,567,85,567,-53.19,-9.38,15
0.015,0.11,0,740,114,740,-69.56,-9.4,15.4
0.07,0.03,0.15,488,71,488,-45.89,-9.4,14.5
0.07,0.04,0.15,488,71,488,-45.89,-9.4,14.5
0.07,0.05,0.15,488,71,488,-45.89,-9.4,14.5
0.07,0.06,0.15,488,71,488,-45.89,-9.4,14.5
0.07,0.07,0.15,488,71,488,-45.89,-9.4,14.5
0.07,0.08,0.15,488,71,488,-45.89,-9.4,14.5
0.07,0.09,0.15,488,71,488,-45.89,-9.4,14.5
0.095,0.03,0.2,396,59,396,-37.37,-9.44,14.9
0.095,0.04,0.2,396,59,396,-37.37,-9.44,14.9
0.095,0.05,0.2,396,59,396,-37.37,-9.44,14.9
0.095,0.06,0.2,396,59,396,-37.37,-9.44,14.9
0.095,0.07,0.2,396,59,396,-37.37,-9.44,14.9
0.095,0.08,0.2,396,59,396,-37.37,-9.44,14.9
0.095,0.09,0.2,396,59,396,-37.37,-9.44,14.9
0.095,0.1,0.2,396,59,396,-37.37,-9.44,14.9
0.06,0.03,0.1,541,80,541,-51.14,-9.45,14.8
0.06,0.04,0.1,541,80,541,-51.14,-9.45,14.8
0.06,0.05,0.1,541,80,541,-51.14,-9.45,14.8
0.06,0.06,0.1,541,80,541,-51.14,-9.45,14.8
0.06,0.07,0.1,541,80,541,-51.14,-9.45,14.8
0.06,0.08,0,541,80,541,-51.14,-9.45,14.8
0.06,0.08,0.05,541,80,541,-51.14,-9.45,14.8
0.06,0.09,0,541,80,541,-51.14,-9.45,14.8
0.06,0.09,0.05,541,80,541,-51.14,-9.45,14.8
0.065,0.03,0.2,496,72,496,-47.12,-9.5,14.5
0.065,0.04,0.2,496,72,496,-47.12,-9.5,14.5
0.065,0.05,0.2,496,72,496,-47.12,-9.5,14.5
0.065,0.06,0.2,496,72,496,-47.12,-9.5,14.5
0.065,0.07,0.2,496,72,496,-47.12,-9.5,14.5
0.065,0.08,0.2,496,72,496,-47.12,-9.5,14.5
0.065,0.09,0.2,496,72,496,-47.12,-9.5,14.5
0.025,0.09,0.2,640,89,640,-61.17,-9.56,13.9
0.045,0.11,0.1,605,90,605,-57.94,-9.58,14.9
0.01,0.11,0.1,704,103,704,-67.54,-9.59,14.6
0.015,0.11,0.05,731,110,731,-70.17,-9.6,15
0.075,0.1,0.2,461,67,461,-44.27,-9.6,14.5
0.055,0.08,0.15,561,82,561,-53.99,-9.62,14.6
0.055,0.09,0.15,561,82,561,-53.99,-9.62,14.6
0.06,0.03,0,542,80,542,-52.14,-9.62,14.8
0.06,0.03,0.05,542,80,542,-52.14,-9.62,14.8
0.06,0.04,0,542,80,542,-52.14,-9.62,14.8
0.06,0.04,0.05,542,80,542,-52.14,-9.62,14.8
0.06,0.05,0,542,80,542,-52.14,-9.62,14.8
0.06,0.05,0.05,542,80,542,-52.14,-9.62,14.8
0.06,0.06,0,542,80,542,-52.14,-9.62,14.8
0.06,0.06,0.05,542,80,542,-52.14,-9.62,14.8
0.06,0.07,0,542,80,542,-52.14,-9.62,14.8
0.06,0.07,0.05,542,80,542,-52.14,-9.62,14.8
0.08,0.12,0.15,439,65,439,-42.24,-9.62,14.8
0.04,0.11,0.1,622,92,622,-60.04,-9.65,14.8
0.035,0.11,0.15,618,88,618,-59.89,-9.69,14.2
0.065,0.1,0.15,500,73,500,-48.44,-9.69,14.6
0.04,0.11,0.05,628,94,628,-60.9,-9.7,15
0.075,0.03,0,472,71,472,-45.79,-9.7,15
0.075,0.03,0.05,472,71,472,-45.79,-9.7,15
0.075,0.03,0.1,472,71,472,-45.79,-9.7,15
0.075,0.04,0,472,71,472,-45.79,-9.7,15
0.075,0.04,0.05,472,71,472,-45.79,-9.7,15
0.075,0.04,0.1,472,71,472,-45.79,-9.7,15
0.075,0.05,0,472,71,472,-45.79,-9.7,15
0.075,0.05,0.05,472,71,472,-45.79,-9.7,15
0.075,0.05,0.1,472,71,472,-45.79,-9.7,15
0.075,0.06,0,472,71,472,-45.79,-9.7,15
0.075,0.06,0.05,472,71,472,-45.79,-9.7,15
0.075,0.06,0.1,472,71,472,-45.79,-9.7,15
0.075,0.07,0,472,71,472,-45.79,-9.7,15
0.075,0.07,0.05,472,71,472,-45.79,-9.7,15
0.075,0.07,0.1,472,71,472,-45.79,-9.7,15
0.075,0.08,0,472,71,472,-45.79,-9.7,15
0.075,0.08,0.05,472,71,472,-45.79,-9.7,15
0.075,0.08,0.1,472,71,472,-45.79,-9.7,15
0.075,0.09,0,472,71,472,-45.79,-9.7,15
0.075,0.09,0.05,472,71,472,-45.79,-9.7,15
0.075,0.09,0.1,472,71,472,-45.79,-9.7,15
0.05,0.08,0,605,90,605,-58.89,-9.73,14.9
0.05,0.08,0.05,605,90,605,-58.89,-9.73,14.9
0.05,0.09,0,605,90,605,-58.89,-9.73,14.9
0.05,0.09,0.05,605,90,605,-58.89,-9.73,14.9
0.03,0.08,0.2,631,88,631,-61.67,-9.77,13.9
0.065,0.1,0.1,508,76,508,-49.64,-9.77,15
0.02,0.11,0.15,649,91,649,-63.49,-9.78,14
0.01,0.06,0.2,674,91,674,-66.17,-9.82,13.5
0.01,0.07,0.2,674,91,674,-66.17,-9.82,13.5
0.04,0.11,0,629,94,629,-61.9,-9.84,14.9
0.05,0.08,0.1,603,89,603,-59.39,-9.85,14.8
0.05,0.09,0.1,603,89,603,-59.39,-9.85,14.8
0.08,0.11,0,448,68,448,-44.44,-9.92,15.2
0.08,0.11,0.05,448,68,448,-44.44,-9.92,15.2
0.08,0.11,0.1,448,68,448,-44.44,-9.92,15.2
0.05,0.06,0.15,596,86,596,-59.19,-9.93,14.4
0.05,0.07,0.15,596,86,596,-59.19,-9.93,14.4
0.015,0.1,0.1,720,104,720,-71.54,-9.94,14.4
0.055,0.03,0.15,563,82,563,-55.99,-9.94,14.6
0.055,0.04,0.15,563,82,563,-55.99,-9.94,14.6
0.055,0.05,0.15,563,82,563,-55.99,-9.94,14.6
0.055,0.06,0.15,563,82,563,-55.99,-9.94,14.6
0.055,0.07,0.15,563,82,563,-55.99,-9.94,14.6
0.065,0.1,0,509,76,509,-50.64,-9.95,14.9
0.065,0.1,0.05,509,76,509,-50.64,-9.95,14.9
0.075,0.03,0.2,463,67,463,-46.27,-9.99,14.5
0.075,0.04,0.2,463,67,463,-46.27,-9.99,14.5
0.075,0.05,0.2,463,67,463,-46.27,-9.99,14.5
0.075,0.06,0.2,463,67,463,-46.27,-9.99,14.5
0.075,0.07,0.2,463,67,463,-46.27,-9.99,14.5
0.075,0.08,0.2,463,67,463,-46.27,-9.99,14.5
0.075,0.09,0.2,463,67,463,-46.27,-9.99,14.5
0.075,0.1,0.15,466,68,466,-46.59,-10,14.6
0.035,0.11,0,653,98,653,-65.52,-10.03,15
0.055,0.08,0,574,86,574,-57.69,-10.05,15
0.055,0.08,0.05,574,86,574,-57.69,-10.05,15
0.055,0.09,0,574,86,574,-57.69,-10.05,15
0.055,0.09,0.05,574,86,574,-57.69,-10.05,15
0.035,0.11,0.05,651,97,651,-65.52,-10.06,14.9
0.025,0.08,0.2,644,89,644,-65.17,-10.12,13.8
0.055,0.08,0.1,572,85,572,-58.19,-10.17,14.9
0.055,0.09,0.1,572,85,572,-58.19,-10.17,14.9
0.04,0.09,0.2,602,85,602,-61.37,-10.19,14.1
0.01,0.11,0.15,652,91,652,-66.49,-10.2,14
0.015,0.1,0,760,115,760,-77.56,-10.2,15.1
0.015,0.11,0.15,652,91,652,-66.49,-10.2,14
0.05,0.03,0.15,598,86,598,-61.19,-10.23,14.4
0.05,0.04,0.15,598,86,598,-61.19,-10.23,14.4
0.05,0.05,0.15,598,86,598,-61.19,-10.23,14.4
0.08,0.11,0.2,439,64,439,-44.92,-10.23,14.6
0.02,0.09,0.05,738,109,738,-75.82,-10.27,14.8
0.035,0.09,0.2,615,86,615,-63.57,-10.34,14
0.035,0.11,0.1,644,94,644,-66.64,-10.35,14.6
0.055,0.03,0,576,86,576,-59.69,-10.36,14.9
0.055,0.03,0.05,576,86,576,-59.69,-10.36,14.9
0.055,0.04,0,576,86,576,-59.69,-10.36,14.9
0.055,0.04,0.05,576,86,576,-59.69,-10.36,14.9
0.055,0.05,0,576,86,576,-59.69,-10.36,14.9
0.055,0.05,0.05,576,86,576,-59.69,-10.36,14.9
0.055,0.06,0,576,86,576,-59.69,-10.36,14.9
0.055,0.06,0.05,576,86,576,-59.69,-10.36,14.9
0.055,0.07,0,576,86,576,-59.69,-10.36,14.9
0.055,0.07,0.05,576,86,576,-59.69,-10.36,14.9
0.045,0.1,0.15,599,86,599,-62.19,-10.38,14.4
0.075,0.03,0.15,468,68,468,-48.59,-10.38,14.5
0.075,0.04,0.15,468,68,468,-48.59,-10.38,14.5
0.075,0.05,0.15,468,68,468,-48.59,-10.38,14.5
0.075,0.06,0.15,468,68,468,-48.59,-10.38,14.5
0.075,0.07,0.15,468,68,468,-48.59,-10.38,14.5
0.075,0.08,0.15,468,68,468,-48.59,-10.38,14.5
0.075,0.09,0.15,468,68,468,-48.59,-10.38,14.5
0.065,0.03,0.15,504,73,504,-52.44,-10.4,14.5
0.065,0.04,0.15,504,73,504,-52.44,-10.4,14.5
0.065,0.05,0.15,504,73,504,-52.44,-10.4,14.5
0.065,0.06,0.15,504,73,504,-52.44,-10.4,14.5
0.065,0.07,0.15,504,73,504,-52.44,-10.4,14.5
0.065,0.08,0.15,504,73,504,-52.44,-10.4,14.5
0.065,0.09,0.15,504,73,504,-52.44,-10.4,14.5
0.015,0.1,0.05,751,111,751,-78.17,-10.41,14.8
0.05,0.06,0,610,90,610,-63.89,-10.47,14.8
0.05,0.06,0.05,610,90,610,-63.89,-10.47,14.8
0.05,0.07,0,610,90,610,-63.89,-10.47,14.8
0.05,0.07,0.05,610,90,610,-63.89,-10.47,14.8
0.065,0.03,0.1,512,76,512,-53.64,-10.48,14.8
0.065,0.04,0.1,512,76,512,-53.64,-10.48,14.8
0.065,0.05,0.1,512,76,512,-53.64,-10.48,14.8
0.065,0.06,0.1,512,76,512,-53.64,-10.48,14.8
0.065,0.07,0.1,512,76,512,-53.64,-10.48,14.8
0.065,0.08,0.1,512,76,512,-53.64,-10.48,14.8
0.065,0.09,0.1,512,76,512,-53.64,-10.48,14.8
0.02,0.09,0,742,110,742,-77.82,-10.49,14.8
0.04,0.08,0.2,604,85,604,-63.37,-10.49,14.1
0.055,0.03,0.1,574,85,574,-60.19,-10.49,14.8
0.055,0.04,0.1,574,85,574,-60.19,-10.49,14.8
0.055,0.05,0.1,574,85,574,-60.19,-10.49,14.8
0.055,0.06,0.1,574,85,574,-60.19,-10.49,14.8
0.055,0.07,0.1,574,85,574,-60.19,-10.49,14.8
0.08,0.1,0,451,68,451,-47.44,-10.52,15.1
0.08,0.1,0.05,451,68,451,-47.44,-10.52,15.1
0.08,0.1,0.1,451,68,451,-47.44,-10.52,15.1
0.05,0.06,0.1,608,89,608,-64.39,-10.59,14.6
0.05,0.07,0.1,608,89,608,-64.39,-10.59,14.6
0.045,0.06,0.2,593,84,593,-62.87,-10.6,14.2
0.045,0.07,0.2,593,84,593,-62.87,-10.6,14.2
0.01,0.05,0.2,680,91,680,-72.17,-10.61,13.4
0.08,0.11,0.15,444,65,444,-47.24,-10.64,14.6
0.065,0.03,0,513,76,513,-54.64,-10.65,14.8
0.065,0.03,0.05,513,76,513,-54.64,-10.65,14.8
0.065,0.04,0,513,76,513,-54.64,-10.65,14.8
0.065,0.04,0.05,513,76,513,-54.64,-10.65,14.8
0.065,0.05,0,513,76,513,-54.64,-10.65,14.8
0.065,0.05,0.05,513,76,513,-54.64,-10.65,14.8
0.065,0.06,0,513,76,513,-54.64,-10.65,14.8
0.065,0.06,0.05,513,76,513,-54.64,-10.65,14.8
0.065,0.07,0,513,76,513,-54.64,-10.65,14.8
0.065,0.07,0.05,513,76,513,-54.64,-10.65,14.8
0.065,0.08,0,513,76,513,-54.64,-10.65,14.8
0.065,0.08,0.05,513,76,513,-54.64,-10.65,14.8
0.065,0.09,0,513,76,513,-54.64,-10.65,14.8
0.065,0.09,0.05,513,76,513,-54.64,-10.65,14.8
0.01,0.1,0.1,726,104,726,-77.54,-10.68,14.3
0.02,0.1,0.15,669,92,669,-71.49,-10.69,13.8
0.03,0.1,0.15,645,90,645,-68.99,-10.7,14
0.02,0.08,0.05,742,109,742,-79.82,-10.76,14.7
0.02,0.09,0.1,720,103,720,-77.54,-10.77,14.3
0.05,0.03,0,612,90,612,-65.89,-10.77,14.7
0.05,0.03,0.05,612,90,612,-65.89,-10.77,14.7
0.05,0.04,0,612,90,612,-65.89,-10.77,14.7
0.05,0.04,0.05,612,90,612,-65.89,-10.77,14.7
0.05,0.05,0,612,90,612,-65.89,-10.77,14.7
0.05,0.05,0.05,612,90,612,-65.89,-10.77,14.7
0.03,0.1,0,688,102,688,-74.17,-10.78,14.8
0.03,0.1,0.05,686,101,686,-74.17,-10.81,14.7
0.03,0.1,0.1,677,98,677,-73.29,-10.83,14.5
0.08,0.1,0.2,442,64,442,-47.92,-10.84,14.5
0.05,0.03,0.1,610,89,610,-66.39,-10.88,14.6
0.05,0.04,0.1,610,89,610,-66.39,-10.88,14.6
0.05,0.05,0.1,610,89,610,-66.39,-10.88,14.6
0.045,0.03,0.2,595,84,595,-64.87,-10.9,14.1
0.045,0.04,0.2,595,84,595,-64.87,-10.9,14.1
0.045,0.05,0.2,595,84,595,-64.87,-10.9,14.1
0.08,0.03,0,453,68,453,-49.44,-10.91,15
0.08,0.03,0.05,453,68,453,-49.44,-10.91,15
0.08,0.03,0.1,453,68,453,-49.44,-10.91,15
0.08,0.04,0,453,68,453,-49.44,-10.91,15
0.08,0.04,0.05,453,68,453,-49.44,-10.91,15
0.08,0.04,0.1,453,68,453,-49.44,-10.91,15
0.08,0.05,0,453,68,453,-49.44,-10.91,15
0.08,0.05,0.05,453,68,453,-49.44,-10.91,15
0.08,0.05,0.1,453,68,453,-49.44,-10.91,15
0.08,0.06,0,453,68,453,-49.44,-10.91,15
0.08,0.06,0.05,453,68,453,-49.44,-10.91,15
0.08,0.06,0.1,453,68,453,-49.44,-10.91,15
0.08,0.07,0,453,68,453,-49.44,-10.91,15
0.08,0.07,0.05,453,68,453,-49.44,-10.91,15
0.08,0.07,0.1,453,68,453,-49.44,-10.91,15
0.08,0.08,0,453,68,453,-49.44,-10.91,15
0.08,0.08,0.05,453,68,453,-49.44,-10.91,15
0.08,0.08,0.1,453,68,453,-49.44,-10.91,15
0.08,0.09,0,453,68,453,-49.44,-10.91,15
0.08,0.09,0.05,453,68,453,-49.44,-10.91,15
0.08,0.09,0.1,453,68,453,-49.44,-10.91,15
0.035,0.08,0.2,619,86,619,-67.57,-10.92,13.9
0.045,0.1,0,620,92,620,-67.8,-10.94,14.8
0.045,0.1,0.05,620,92,620,-67.8,-10.94,14.8
0.02,0.08,0,746,110,746,-81.82,-10.97,14.7
0.025,0.1,0,710,105,710,-78.17,-11.01,14.8
0.04,0.1,0.15,615,87,615,-67.69,-11.01,14.1
0.025,0.1,0.05,708,104,708,-78.17,-11.04,14.7
0.01,0.1,0.15,672,92,672,-74.49,-11.08,13.7
0.015,0.1,0.15,672,92,672,-74.49,-11.08,13.7
0.025,0.1,0.1,695,100,695,-76.99,-11.08,14.4
0.025,0.1,0.15,659,91,659,-73.49,-11.15,13.8
0.01,0.11,0.05,744,110,744,-83.17,-11.18,14.8
0.045,0.1,0.1,616,90,616,-68.94,-11.19,14.6
0.08,0.03,0.2,444,64,444,-49.92,-11.24,14.4
0.08,0.04,0.2,444,64,444,-49.92,-11.24,14.4
0.08,0.05,0.2,444,64,444,-49.92,-11.24,14.4
0.08,0.06,0.2,444,64,444,-49.92,-11.24,14.4
0.08,0.07,0.2,444,64,444,-49.92,-11.24,14.4
0.08,0.08,0.2,444,64,444,-49.92,-11.24,14.4
0.08,0.09,0.2,444,64,444,-49.92,-11.24,14.4
0.08,0.1,0.15,447,65,447,-50.24,-11.24,14.5
0.02,0.08,0.1,724,103,724,-81.54,-11.26,14.2
0.045,0.08,0.15,605,86,605,-68.19,-11.27,14.2
0.045,0.09,0.15,605,86,605,-68.19,-11.27,14.2
0.04,0.1,0.1,635,92,635,-73.04,-11.5,14.5
0.015,0.09,0.1,733,104,733,-84.54,-11.53,14.2
0.04,0.1,0.05,641,94,641,-73.9,-11.53,14.7
0.08,0.03,0.15,449,65,449,-52.24,-11.63,14.5
0.08,0.04,0.15,449,65,449,-52.24,-11.63,14.5
0.08,0.05,0.15,449,65,449,-52.24,-11.63,14.5
0.08,0.06,0.15,449,65,449,-52.24,-11.63,14.5
0.08,0.07,0.15,449,65,449,-52.24,-11.63,14.5
0.08,0.08,0.15,449,65,449,-52.24,-11.63,14.5
0.08,0.09,0.15,449,65,449,-52.24,-11.63,14.5
0.04,0.1,0,642,94,642,-74.9,-11.67,14.6
0.01,0.11,0,762,115,762,-89.1,-11.69,15.1
0.035,0.1,0.15,632,88,632,-73.89,-11.69,13.9
0.015,0.09,0,773,115,773,-90.56,-11.71,14.9
0.045,0.08,0,626,92,626,-73.8,-11.79,14.7
0.045,0.08,0.05,626,92,626,-73.8,-11.79,14.7
0.045,0.09,0,626,92,626,-73.8,-11.79,14.7
0.045,0.09,0.05,626,92,626,-73.8,-11.79,14.7
0.02,0.06,0.2,670,90,670,-79.17,-11.82,13.4
0.02,0.07,0.2,670,90,670,-79.17,-11.82,13.4
0.035,0.1,0,667,98,667,-79.52,-11.92,14.7
0.015,0.09,0.05,764,111,764,-91.17,-11.93,14.5
0.03,0.09,0,697,102,697,-83.17,-11.93,14.6
0.03,0.09,0.15,654,90,654,-77.99,-11.93,13.8
0.035,0.1,0.05,665,97,665,-79.52,-11.96,14.6
0.03,0.09,0.05,695,101,695,-83.17,-11.97,14.5
0.03,0.09,0.1,686,98,686,-82.29,-12,14.3
0.015,0.08,0.1,737,104,737,-88.54,-12.01,14.1
0.045,0.08,0.1,622,90,622,-74.94,-12.05,14.5
0.045,0.09,0.1,622,90,622,-74.94,-12.05,14.5
0.015,0.06,0.2,672,90,672,-81.17,-12.08,13.4
0.015,0.07,0.2,672,90,672,-81.17,-12.08,13.4
0.04,0.09,0.15,623,87,623,-75.69,-12.15,14
0.01,0.1,0.05,766,111,766,-93.17,-12.16,14.5
0.015,0.08,0,777,115,777,-94.56,-12.17,14.8
0.02,0.09,0.15,681,92,681,-83.49,-12.26,13.5
0.035,0.1,0.1,658,94,658,-80.64,-12.26,14.3
0.02,0.05,0.2,674,90,674,-83.17,-12.34,13.4
0.04,0.06,0.2,617,85,617,-76.37,-12.38,13.8
0.04,0.07,0.2,617,85,617,-76.37,-12.38,13.8
0.015,0.08,0.05,768,111,768,-95.17,-12.39,14.5
0.04,0.08,0.15,625,87,625,-77.69,-12.43,13.9
0.045,0.06,0.15,613,86,613,-76.19,-12.43,14
0.045,0.07,0.15,613,86,613,-76.19,-12.43,14
0.03,0.08,0,701,102,701,-87.17,-12.44,14.6
0.03,0.08,0.15,658,90,658,-81.99,-12.46,13.7
0.03,0.08,0.05,699,101,699,-87.17,-12.47,14.4
0.01,0.09,0.1,741,104,741,-92.54,-12.49,14
0.025,0.09,0,722,105,722,-90.17,-12.49,14.5
0.03,0.08,0.1,690,98,690,-86.29,-12.51,14.2
0.025,0.09,0.05,720,104,720,-90.17,-12.52,14.4
0.03,0.06,0.2,651,88,651,-81.67,-12.55,13.5
0.03,0.07,0.2,651,88,651,-81.67,-12.55,13.5
0.025,0.09,0.1,707,100,707,-88.99,-12.59,14.1
0.04,0.09,0.1,643,92,643,-81.04,-12.6,14.3
0.04,0.09,0.05,649,94,649,-81.9,-12.62,14.5
0.01,0.1,0,784,116,784,-99.1,-12.64,14.8
0.04,0.05,0.2,619,85,619,-78.37,-12.66,13.7
0.045,0.03,0.15,615,86,615,-78.19,-12.71,14
0.045,0.04,0.15,615,86,615,-78.19,-12.71,14
0.045,0.05,0.15,615,86,615,-78.19,-12.71,14
0.015,0.05,0.2,677,90,677,-86.17,-12.73,13.3
0.025,0.09,0.15,671,91,671,-85.49,-12.74,13.6
0.04,0.09,0,650,94,650,-82.9,-12.75,14.5
0.015,0.09,0.15,685,92,685,-87.49,-12.77,13.4
0.02,0.08,0.15,685,92,685,-87.49,-12.77,13.4
0.035,0.09,0.15,640,88,640,-81.89,-12.8,13.8
0.04,0.08,0.1,645,92,645,-83.04,-12.87,14.3
0.04,0.08,0.05,651,94,651,-83.9,-12.89,14.4
0.01,0.09,0.15,686,92,686,-88.49,-12.9,13.4
0.045,0.06,0,634,92,634,-81.8,-12.9,14.5
0.045,0.06,0.05,634,92,634,-81.8,-12.9,14.5
0.045,0.07,0,634,92,634,-81.8,-12.9,14.5
0.045,0.07,0.05,634,92,634,-81.8,-12.9,14.5
0.01,0.08,0.1,745,104,745,-96.54,-12.96,14
0.025,0.08,0,726,105,726,-94.17,-12.97,14.5
0.035,0.09,0,675,98,675,-87.52,-12.97,14.5
0.035,0.09,0.05,673,97,673,-87.52,-13,14.4
0.025,0.08,0.05,724,104,724,-94.17,-13.01,14.4
0.04,0.08,0,652,94,652,-84.9,-13.02,14.4
0.025,0.08,0.1,711,100,711,-92.99,-13.08,14.1
0.03,0.05,0.2,655,88,655,-85.67,-13.08,13.4
0.025,0.06,0.2,666,89,666,-87.17,-13.09,13.4
0.025,0.07,0.2,666,89,666,-87.17,-13.09,13.4
0.045,0.06,0.1,630,90,630,-82.94,-13.17,14.3
0.045,0.07,0.1,630,90,630,-82.94,-13.17,14.3
0.045,0.03,0,636,92,636,-83.8,-13.18,14.5
0.045,0.03,0.05,636,92,636,-83.8,-13.18,14.5
0.045,0.04,0,636,92,636,-83.8,-13.18,14.5
0.045,0.04,0.05,636,92,636,-83.8,-13.18,14.5
0.045,0.05,0,636,92,636,-83.8,-13.18,14.5
0.045,0.05,0.05,636,92,636,-83.8,-13.18,14.5
0.025,0.08,0.15,675,91,675,-89.49,-13.26,13.5
0.015,0.08,0.15,689,92,689,-91.49,-13.28,13.4
0.035,0.06,0.2,636,86,636,-84.57,-13.3,13.5
0.035,0.07,0.2,636,86,636,-84.57,-13.3,13.5
0.035,0.09,0.1,666,94,666,-88.64,-13.31,14.1
0.02,0.06,0.05,764,109,764,-101.82,-13.33,14.3
0.02,0.07,0.05,764,109,764,-101.82,-13.33,14.3
0.035,0.08,0.15,644,88,644,-85.89,-13.34,13.7
0.01,0.08,0.15,690,92,690,-92.49,-13.4,13.3
0.045,0.03,0.1,632,90,632,-84.94,-13.44,14.2
0.045,0.04,0.1,632,90,632,-84.94,-13.44,14.2
0.045,0.05,0.1,632,90,632,-84.94,-13.44,14.2
0.035,0.08,0,679,98,679,-91.52,-13.48,14.4
0.02,0.06,0,768,110,768,-103.82,-13.52,14.3
0.02,0.07,0,768,110,768,-103.82,-13.52,14.3
0.035,0.08,0.05,677,97,677,-91.52,-13.52,14.3
0.035,0.05,0.2,638,86,638,-86.57,-13.57,13.5
0.025,0.05,0.2,670,89,670,-91.17,-13.61,13.3
0.01,0.03,0.2,704,91,704,-96.17,-13.66,12.9
0.01,0.04,0.2,704,91,704,-96.17,-13.66,12.9
0.02,0.05,0.05,768,109,768,-105.82,-13.78,14.2
0.01,0.06,0.1,772,105,772,-106.54,-13.8,13.6
0.01,0.07,0.1,772,105,772,-106.54,-13.8,13.6
0.035,0.08,0.1,670,94,670,-92.64,-13.83,14
0.01,0.09,0.05,781,111,781,-108.17,-13.85,14.2
0.02,0.06,0.1,746,103,746,-103.54,-13.88,13.8
0.02,0.07,0.1,746,103,746,-103.54,-13.88,13.8
0.02,0.05,0,772,110,772,-107.82,-13.97,14.2
0.04,0.06,0.15,638,87,638,-90.69,-14.21,13.6
0.04,0.07,0.15,638,87,638,-90.69,-14.21,13.6
0.01,0.09,0,799,116,799,-114.1,-14.28,14.5
0.01,0.06,0.15,717,93,717,-102.49,-14.29,13
0.01,0.07,0.15,717,93,717,-102.49,-14.29,13
0.01,0.08,0.05,785,111,785,-112.17,-14.29,14.1
0.02,0.05,0.1,750,103,750,-107.54,-14.34,13.7
0.01,0.05,0.1,778,105,778,-112.54,-14.47,13.5
0.04,0.05,0.15,640,87,640,-92.69,-14.48,13.6
0.04,0.06,0.05,664,94,664,-96.9,-14.59,14.2
0.04,0.07,0.05,664,94,664,-96.9,-14.59,14.2
0.04,0.06,0.1,658,92,658,-96.04,-14.6,14
0.04,0.07,0.1,658,92,658,-96.04,-14.6,14
0.01,0.08,0,803,116,803,-118.1,-14.71,14.4
0.04,0.06,0,665,94,665,-97.9,-14.72,14.1
0.04,0.07,0,665,94,665,-97.9,-14.72,14.1
0.015,0.06,0.1,761,104,761,-112.54,-14.79,13.7
0.015,0.07,0.1,761,104,761,-112.54,-14.79,13.7
0.015,0.06,0,801,115,801,-118.56,-14.8,14.4
0.015,0.07,0,801,115,801,-118.56,-14.8,14.4
0.04,0.05,0.05,666,94,666,-98.9,-14.85,14.1
0.04,0.05,0.1,660,92,660,-98.04,-14.85,13.9
0.03,0.06,0,721,102,721,-107.17,-14.86,14.1
0.03,0.07,0,721,102,721,-107.17,-14.86,14.1
0.03,0.06,0.05,719,101,719,-107.17,-14.91,14
0.03,0.07,0.05,719,101,719,-107.17,-14.91,14
0.03,0.06,0.1,710,98,710,-106.29,-14.97,13.8
0.03,0.07,0.1,710,98,710,-106.29,-14.97,13.8
0.04,0.05,0,667,94,667,-99.9,-14.98,14.1
0.01,0.05,0.15,723,93,723,-108.49,-15.01,12.9
0.03,0.06,0.15,678,90,678,-101.99,-15.04,13.3
0.03,0.07,0.15,678,90,678,-101.99,-15.04,13.3
0.01,0.06,0.05,812,112,812,-122.17,-15.05,13.8
0.01,0.07,0.05,812,112,812,-122.17,-15.05,13.8
0.015,0.06,0.05,792,111,792,-119.17,-15.05,14
0.015,0.07,0.05,792,111,792,-119.17,-15.05,14
0.02,0.03,0.2,696,90,696,-105.17,-15.11,12.9
0.02,0.04,0.2,696,90,696,-105.17,-15.11,12.9
0.04,0.03,0.2,638,85,638,-97.37,-15.26,13.3
0.04,0.04,0.2,638,85,638,-97.37,-15.26,13.3
0.015,0.05,0,806,115,806,-123.56,-15.33,14.3
0.03,0.05,0,725,102,725,-111.17,-15.33,14.1
0.015,0.05,0.1,766,104,766,-117.54,-15.34,13.6
0.03,0.05,0.05,723,101,723,-111.17,-15.38,14
0.01,0.06,0,830,117,830,-128.1,-15.43,14.1
0.01,0.07,0,830,117,830,-128.1,-15.43,14.1
0.03,0.05,0.1,714,98,714,-110.29,-15.45,13.7
0.02,0.06,0.15,707,92,707,-109.49,-15.49,13
0.02,0.07,0.15,707,92,707,-109.49,-15.49,13
0.025,0.06,0,748,105,748,-116.17,-15.53,14
0.025,0.07,0,748,105,748,-116.17,-15.53,14
0.03,0.05,0.15,682,90,682,-105.99,-15.54,13.2
0.025,0.06,0.05,746,104,746,-116.17,-15.57,13.9
0.025,0.07,0.05,746,104,746,-116.17,-15.57,13.9
0.035,0.06,0.15,661,88,661,-102.89,-15.57,13.3
0.035,0.07,0.15,661,88,661,-102.89,-15.57,13.3
0.015,0.05,0.05,797,111,797,-124.17,-15.58,13.9
0.035,0.06,0,696,98,696,-108.52,-15.59,14.1
0.035,0.07,0,696,98,696,-108.52,-15.59,14.1
0.015,0.03,0.2,700,90,700,-109.17,-15.6,12.9
0.015,0.04,0.2,700,90,700,-109.17,-15.6,12.9
0.035,0.06,0.05,694,97,694,-108.52,-15.64,14
0.035,0.07,0.05,694,97,694,-108.52,-15.64,14
0.03,0.03,0.2,675,88,675,-105.67,-15.65,13
0.03,0.04,0.2,675,88,675,-105.67,-15.65,13
0.01,0.05,0.05,818,112,818,-128.17,-15.67,13.7
0.025,0.06,0.1,733,100,733,-114.99,-15.69,13.6
0.025,0.07,0.1,733,100,733,-114.99,-15.69,13.6
0.035,0.05,0.15,663,88,663,-104.89,-15.82,13.3
0.035,0.05,0,698,98,698,-110.52,-15.83,14
0.035,0.05,0.05,696,97,696,-110.52,-15.88,13.9
0.02,0.05,0.15,711,92,711,-113.49,-15.96,12.9
0.035,0.06,0.1,687,94,687,-109.64,-15.96,13.7
0.035,0.07,0.1,687,94,687,-109.64,-15.96,13.7
0.025,0.05,0,752,105,752,-120.17,-15.98,14
0.025,0.06,0.15,697,91,697,-111.49,-16,13.1
0.025,0.07,0.15,697,91,697,-111.49,-16,13.1
0.025,0.05,0.05,750,104,750,-120.17,-16.02,13.9
0.01,0.05,0,836,117,836,-134.1,-16.04,14
0.025,0.03,0.2,690,89,690,-111.17,-16.11,12.9
0.025,0.04,0.2,690,89,690,-111.17,-16.11,12.9
0.025,0.05,0.1,737,100,737,-118.99,-16.15,13.6
0.02,0.03,0.05,790,109,790,-127.82,-16.18,13.8
0.02,0.04,0.05,790,109,790,-127.82,-16.18,13.8
0.015,0.06,0.15,713,92,713,-115.49,-16.2,12.9
0.015,0.07,0.15,713,92,713,-115.49,-16.2,12.9
0.035,0.03,0.2,658,86,658,-106.57,-16.2,13.1
0.035,0.04,0.2,658,86,658,-106.57,-16.2,13.1
0.035,0.05,0.1,689,94,689,-111.64,-16.2,13.6
0.02,0.03,0,794,110,794,-129.82,-16.35,13.9
0.02,0.04,0,794,110,794,-129.82,-16.35,13.9
0.025,0.05,0.15,701,91,701,-115.49,-16.48,13
0.015,0.05,0.15,718,92,718,-120.49,-16.78,12.8
0.02,0.03,0.1,772,103,772,-129.54,-16.78,13.3
0.02,0.04,0.1,772,103,772,-129.54,-16.78,13.3
0.04,0.03,0.15,659,87,659,-111.69,-16.95,13.2
0.04,0.04,0.15,659,87,659,-111.69,-16.95,13.2
0.01,0.03,0.1,802,105,802,-136.54,-17.02,13.1
0.01,0.04,0.1,802,105,802,-136.54,-17.02,13.1
0.04,0.03,0.05,685,94,685,-117.9,-17.21,13.7
0.04,0.04,0.05,685,94,685,-117.9,-17.21,13.7
0.04,0.03,0.1,679,92,679,-117.04,-17.24,13.5
0.04,0.04,0.1,679,92,679,-117.04,-17.24,13.5
0.04,0.03,0,686,94,686,-118.9,-17.33,13.7
0.04,0.04,0,686,94,686,-118.9,-17.33,13.7
0.03,0.03,0,745,102,745,-131.17,-17.61,13.7
0.03,0.04,0,745,102,745,-131.17,-17.61,13.7
0.03,0.03,0.05,743,101,743,-131.17,-17.65,13.6
0.03,0.04,0.05,743,101,743,-131.17,-17.65,13.6
0.015,0.03,0,829,115,829,-146.56,-17.68,13.9
0.015,0.04,0,829,115,829,-146.56,-17.68,13.9
0.01,0.03,0.15,747,93,747,-132.49,-17.74,12.4
0.01,0.04,0.15,747,93,747,-132.49,-17.74,12.4
0.03,0.03,0.1,734,98,734,-130.29,-17.75,13.4
0.03,0.04,0.1,734,98,734,-130.29,-17.75,13.4
0.015,0.03,0.1,789,104,789,-140.54,-17.81,13.2
0.015,0.04,0.1,789,104,789,-140.54,-17.81,13.2
0.015,0.03,0.05,820,111,820,-147.17,-17.95,13.5
0.015,0.04,0.05,820,111,820,-147.17,-17.95,13.5
0.03,0.03,0.15,702,90,702,-125.99,-17.95,12.8
0.03,0.04,0.15,702,90,702,-125.99,-17.95,12.8
0.01,0.03,0.05,842,112,842,-152.17,-18.07,13.3
0.01,0.04,0.05,842,112,842,-152.17,-18.07,13.3
0.025,0.03,0,772,105,772,-140.17,-18.16,13.6
0.025,0.04,0,772,105,772,-140.17,-18.16,13.6
0.035,0.03,0,718,98,718,-130.52,-18.18,13.6
0.035,0.04,0,718,98,718,-130.52,-18.18,13.6
0.025,0.03,0.05,770,104,770,-140.17,-18.2,13.5
0.025,0.04,0.05,770,104,770,-140.17,-18.2,13.5
0.035,0.03,0.05,716,97,716,-130.52,-18.23,13.5
0.035,0.04,0.05,716,97,716,-130.52,-18.23,13.5
0.035,0.03,0.15,683,88,683,-124.89,-18.29,12.9
0.035,0.04,0.15,683,88,683,-124.89,-18.29,12.9
0.025,0.03,0.1,757,100,757,-138.99,-18.36,13.2
0.025,0.04,0.1,757,100,757,-138.99,-18.36,13.2
0.01,0.03,0,860,117,860,-158.1,-18.38,13.6
0.01,0.04,0,860,117,860,-158.1,-18.38,13.6
0.02,0.03,0.15,733,92,733,-135.49,-18.48,12.6
0.02,0.04,0.15,733,92,733,-135.49,-18.48,12.6
0.035,0.03,0.1,709,94,709,-131.64,-18.57,13.3
0.035,0.04,0.1,709,94,709,-131.64,-18.57,13.3
0.025,0.03,0.15,721,91,721,-135.49,-18.79,12.6
0.025,0.04,0.15,721,91,721,-135.49,-18.79,12.6
0.015,0.03,0.15,741,92,741,-143.49,-19.36,12.4
0.015,0.04,0.15,741,92,741,-143.49,-19.36,12.4
