course_name,event_id,year,event_name,n,am_tee,pm_tee,am_score,pm_score,r1_date,gap_score,lat,lon,am_wind,pm_wind,am_gust,pm_gust,wind_gap,gust_gap
ACCORDIA GOLF Narashino Country Club,527,2024,ZOZO CHAMPIONSHIP,78,9.20833333333333,10.4,69.3611111111111,68.9285714285714,2024-10-24,-0.432539682539684,35.776,140.151,9.53333333333333,9.31666666666667,19.0166666666667,19.0166666666667,-0.216666666666667,0
Accordia Golf Narashino CC,527,2021,ZOZO CHAMPIONSHIP,78,8.95833333333333,10.15,70.4166666666667,70.2380952380953,2021-10-21,-0.178571428571431,35.776,140.151,2.05,2.31666666666667,8.26666666666667,8.7,0.266666666666667,0.433333333333334
Accordia Golf Narashino Country Club,527,2022,ZOZO CHAMPIONSHIP,78,9.29166666666667,10.4833333333333,70.7222222222222,70.2619047619048,2022-10-13,-0.460317460317469,35.776,140.151,8.61666666666667,9.13333333333333,16.65,16.85,0.516666666666666,0.200000000000003
Arnold Palmer's Bay Hill Club & Lodge,9,2023,Arnold Palmer Invitational presented by Mastercard,120,7.86666666666667,12.7,72.3,72.0666666666667,2023-03-02,-0.233333333333334,28.456,-81.508,5.86666666666667,7.73333333333333,11.6333333333333,18.2,1.86666666666667,6.56666666666667
Arnold Palmer's Bay Hill Club & Lodge,9,2024,Arnold Palmer Invitational presented by Mastercard,69,9.08333333333333,12.1666666666667,70.7272727272727,72.2222222222222,2024-03-07,1.49494949494949,28.456,-81.508,3.3,2.65,10,9.23333333333333,-0.65,-0.766666666666668
Arnold Palmer's Bay Hill Club & Lodge,9,2025,Arnold Palmer Invitational presented by Mastercard,72,9.16666666666667,12.3333333333333,75.6111111111111,73.6388888888889,2025-03-06,-1.97222222222223,28.456,-81.508,12.7166666666667,11.8333333333333,26.2166666666667,25.6666666666667,-0.883333333333333,-0.550000000000001
Augusta National Golf Club,14,2022,The Masters,90,9.78333333333333,13.0833333333333,74.4186046511628,73.2978723404255,2022-04-07,-1.12073231073727,33.500558,-82.0225816,11.55,15.8833333333333,22.15,29.5,4.33333333333333,7.35
Augusta National Golf Club,14,2023,Masters Tournament,86,9.4,12.6,72.7209302325582,71.953488372093,2023-04-06,-0.767441860465127,33.500558,-82.0225816,5.61666666666667,4.96666666666667,13.3333333333333,12.8166666666667,-0.65,-0.516666666666668
Augusta National Golf Club,14,2024,Masters Tournament,89,11.9,15.1,72.6136363636364,74.2222222222222,2024-04-11,1.60858585858587,33.500558,-82.0225816,18.75,18.7833333333333,38.2833333333333,37.95,0.0333333333333314,-0.333333333333329
Augusta National Golf Club,14,2025,Masters Tournament,95,9.23333333333333,12.275,73.6170212765958,73.5625,2025-04-10,-0.0545212765957501,33.500558,-82.0225816,4.68333333333333,7.5,13.2166666666667,18.35,2.81666666666667,5.13333333333334
Bay Hill Club & Lodge,9,2021,Arnold Palmer Invitational presented by Mastercard,123,7.825,12.4,73.3,73.031746031746,2021-03-04,-0.268253968253958,28.456,-81.508,8.06666666666667,7.86666666666667,16.8666666666667,18.5666666666667,-0.199999999999999,1.7
Bay Hill Club & Lodge,9,2022,Arnold Palmer Invitational presented by Mastercard,120,7.99166666666667,12.4916666666667,72.1,72.4833333333333,2022-03-03,0.38333333333334,28.456,-81.508,2.2,3.11666666666667,7.63333333333333,10.8166666666667,0.916666666666666,3.18333333333333
Black Desert Resort,554,2024,Black Desert Championship,131,8.66666666666667,13.4583333333333,68.1692307692308,69.6969696969697,2024-10-10,1.52773892773894,37.23,-113.29,3.61666666666667,6.6,10.6666666666667,15.95,2.98333333333333,5.28333333333333
Black Desert Resort,554,2025,Bank of Utah Championship,131,8.74166666666667,13.75,69.6,70.830985915493,2025-10-23,1.23098591549297,37.23,-113.29,5.13333333333333,7.88333333333333,14.4666666666667,20.0166666666667,2.75,5.55
Castle Pines Golf Club,28,2024,BMW Championship,50,8.33333333333333,10.5833333333333,71.5,72.3846153846154,2024-08-22,0.884615384615387,39.4490851,-104.9029587,5.4,5.08333333333333,15.85,17.2166666666667,-0.316666666666667,1.36666666666667
Caves Valley Golf Club,28,2021,BMW Championship,69,10.6666666666667,13.1333333333333,69.5757575757576,68.8888888888889,2021-08-26,-0.686868686868692,39.4464308,-76.7385259,2.53333333333333,3.85,10.75,12.9666666666667,1.31666666666667,2.21666666666667
Caves Valley Golf Club,28,2025,BMW Championship,49,10.45,12.8166666666667,71.0434782608696,70.4230769230769,2025-08-14,-0.620401337792643,39.4464308,-76.7385259,3.08333333333333,3.3,12.2333333333333,12.0166666666667,0.216666666666666,-0.216666666666667
Colonial Country Club,21,2021,Charles Schwab Challenge,121,8.08333333333333,12.7333333333333,71.1206896551724,70.7460317460318,2021-05-27,-0.374657909140666,32.7192029,-97.3719937,15.3833333333333,17.2833333333333,26.5166666666667,30.6666666666667,1.9,4.15
Colonial Country Club,21,2022,Charles Schwab Challenge,120,8.15833333333333,12.6583333333333,70.8666666666667,70.7,2022-05-26,-0.166666666666657,32.7192029,-97.3719937,8.16666666666667,12.35,14.8666666666667,21.8833333333333,4.18333333333333,7.01666666666667
Colonial Country Club,21,2023,Charles Schwab Challenge,120,8.15833333333333,12.825,69.95,70.6833333333333,2023-05-25,0.733333333333334,32.7192029,-97.3719937,4.85,8.51666666666667,12.0833333333333,17.7666666666667,3.66666666666667,5.68333333333333
Colonial Country Club,21,2024,Charles Schwab Challenge,132,7.91666666666667,12.75,70.5151515151515,71.4242424242424,2024-05-23,0.909090909090907,32.7192029,-97.3719937,12.35,14.2,21.7666666666667,26.8666666666667,1.85,5.1
Colonial Country Club,21,2025,Charles Schwab Challenge,134,7.91666666666667,12.75,70.1363636363637,70.5441176470588,2025-05-22,0.407754010695186,32.7192029,-97.3719937,6.18333333333333,8.18333333333333,16.5166666666667,23.8166666666667,2,7.3
Country Club of Jackson,54,2021,Sanderson Farms Championship,144,8.09166666666667,13.0083333333333,70.3611111111111,70.8472222222222,2021-09-30,0.486111111111114,32.396,-90.11,6.11666666666667,7.26666666666667,15.1833333333333,18.4,1.15,3.21666666666667
Dunes Golf and Beach Club,553,2025,ONEflight Myrtle Beach Classic,132,7.75,12.4166666666667,69.8333333333333,70.1969696969697,2025-05-08,0.363636363636374,33.768,-78.77,4.81666666666667,9.25,11.8,23.2333333333333,4.43333333333333,11.4333333333333
Dye's Valley Course,88,2023,PGA TOUR Q-School presented by Korn Ferry,164,8.68333333333333,9.9,72.0140845070423,72.0322580645161,2023-12-14,0.0181735574738724,30.197,-81.392,18.9,18.8333333333333,38.4,39,-0.0666666666666664,0.600000000000001
Dye's Valley Course,88,2024,PGA TOUR Q-School presented by Korn Ferry,170,9,10.1666666666667,72.0714285714286,72.453488372093,2024-12-12,0.38205980066445,30.197,-81.392,10.2,10.35,20.8833333333333,21.9,0.15,1.01666666666667
El Camaleon Golf Club,457,2021,World Wide Technology Championship at Mayakoba,132,7.83333333333333,12.5,68.7878787878788,69.7727272727273,2021-11-04,0.984848484848484,20.69,-87.038,2.81666666666667,2.05,9.96666666666667,9.01666666666667,-0.766666666666667,-0.950000000000001
El Camaleón Golf Course at Mayakoba,457,2022,World Wide Technology Championship at Mayakoba,132,7.83333333333333,12.5,69.3333333333333,69.0909090909091,2022-11-03,-0.242424242424235,20.69,-87.038,6.81666666666667,8.25,16.0666666666667,21.2833333333333,1.43333333333333,5.21666666666667
El Cardonal at Diamante,457,2024,World Wide Technology Championship,120,7.325,11.9083333333333,72.3166666666667,72.4833333333333,2024-11-07,0.166666666666671,22.954,-109.999,14,15.9166666666667,24.4166666666667,28.9333333333333,1.91666666666667,4.51666666666667
El Cardonal at Diamante,457,2025,World Wide Technology Championship,120,7.325,11.9083333333333,68.7666666666667,70.3666666666667,2025-11-06,1.59999999999999,22.954,-109.999,6.2,7.4,15.35,18.2666666666667,1.2,2.91666666666667
Grand Reserve Country Club,483,2021,Puerto Rico Open,132,7.91666666666667,12.6666666666667,71.8181818181818,71.5909090909091,2021-02-25,-0.22727272727272,18.387,-65.63,13.8166666666667,12.7333333333333,28.45,28.2,-1.08333333333333,-0.25
Grand Reserve Golf Club,483,2022,Puerto Rico Open,120,7.99166666666667,12.4916666666667,72.25,72.5333333333333,2022-03-03,0.283333333333331,18.387,-65.63,9.56666666666667,7.93333333333333,19.7,19.7333333333333,-1.63333333333333,0.033333333333335
Grand Reserve Golf Club,483,2023,Puerto Rico Open,120,7.99166666666667,12.4916666666667,71.7333333333333,71.8166666666667,2023-03-02,0.0833333333333286,18.387,-65.63,8.06666666666667,9.18333333333333,17,20.3833333333333,1.11666666666667,3.38333333333333
Grand Reserve Golf Club,483,2024,Puerto Rico Open,132,7.75,12.5,70.5454545454546,70.1515151515152,2024-03-07,-0.393939393939391,18.387,-65.63,9.96666666666667,9.91666666666667,20.95,22.6833333333333,-0.0499999999999989,1.73333333333333
Grand Reserve Golf Club,483,2025,Puerto Rico Open,132,7.66666666666667,12.4166666666667,69.1969696969697,69.1515151515152,2025-03-06,-0.0454545454545468,18.387,-65.63,5.08333333333333,8.25,12.4,20.1333333333333,3.16666666666667,7.73333333333333
Harbour Town Golf Links,12,2021,RBC Heritage,134,7.91666666666667,12.75,70.3076923076923,71.0869565217391,2021-04-15,0.779264214046819,32.1307456,-80.8107889,9.05,14.75,15.7,25.7333333333333,5.7,10.0333333333333
Harbour Town Golf Links,12,2022,RBC Heritage,131,7.99166666666667,12.5666666666667,70.0833333333333,70.6056338028169,2022-04-14,0.522300469483568,32.1307456,-80.8107889,12.2333333333333,14.7833333333333,19.85,27.1166666666667,2.55,7.26666666666667
Harbour Town Golf Links,12,2023,RBC Heritage,142,7.91666666666667,13.1,70.9295774647887,70.3802816901409,2023-04-13,-0.549295774647888,32.1307456,-80.8107889,11.6,12.0333333333333,18.6,22.2833333333333,0.433333333333334,3.68333333333333
Harbour Town Golf Links,12,2024,RBC Heritage,69,9.58333333333333,12.6666666666667,69.6666666666667,69.0833333333333,2024-04-18,-0.583333333333343,32.1307456,-80.8107889,3.9,7.16666666666667,12.05,18.7,3.26666666666667,6.65
Harbour Town Golf Links,12,2025,RBC Heritage,72,9.5,12.6666666666667,68.1388888888889,70.4444444444444,2025-04-17,2.30555555555556,32.1307456,-80.8107889,4.68333333333333,8.26666666666667,13.1833333333333,19.2666666666667,3.58333333333333,6.08333333333333
Hurstbourne Country Club,518,2025,ISCO Championship,156,7.85,13.2666666666667,70.3205128205128,71.9871794871795,2025-07-10,1.66666666666667,38.2398101,-85.59123,2.13333333333333,3,7.88333333333333,10.2833333333333,0.866666666666667,2.4
Innisbrook Resort (Copperhead Course),475,2023,Valspar Championship,144,8.71666666666667,13.55,72.2222222222222,72.5555555555556,2023-03-16,0.333333333333329,28.1149291,-82.7510341,10.8166666666667,7.28333333333333,20.5666666666667,18.4333333333333,-3.53333333333333,-2.13333333333333
Innisbrook Resort (Copperhead Course),475,2024,Valspar Championship,152,8.725,13.8916666666667,70.9868421052632,71.1578947368421,2024-03-21,0.171052631578945,28.1149291,-82.7510341,5.75,3.81666666666667,13.55,13.5,-1.93333333333333,-0.0500000000000007
Innisbrook Resort (Copperhead Course),475,2025,Valspar Championship,152,8.68333333333333,13.85,72.6,72.5064935064935,2025-03-20,-0.0935064935064815,28.1149291,-82.7510341,10.95,14.7,21.5833333333333,31.95,3.75,10.3666666666667
Innisbrook Resort (Copperhead),475,2021,Valspar Championship,156,8.01666666666667,13.1833333333333,71.2179487179487,71.0512820512821,2021-04-29,-0.166666666666657,28.1149291,-82.7510341,8.21666666666667,9.81666666666667,17.5,21.2333333333333,1.6,3.73333333333333
Innisbrook Resort (Copperhead),475,2022,Valspar Championship,144,8.675,13.5083333333333,69.7916666666667,70.0277777777778,2022-03-17,0.2361111111111,28.1149291,-82.7510341,2.8,5.11666666666667,8.78333333333333,13.65,2.31666666666667,4.86666666666667
Keene Trace Golf Club,518,2021,Barbasol Championship,131,8.575,13.6666666666667,70.1166666666667,69.2957746478873,2021-07-15,-0.820892018779333,37.918,-84.573,6.16666666666667,6.18333333333333,17.1,19.8,0.0166666666666666,2.7
Keene Trace Golf Club,518,2022,Barbasol Championship,155,7.75833333333333,13.2666666666667,69.5555555555556,70.1325301204819,2022-07-07,0.576974564926374,37.918,-84.573,1.58333333333333,3.15,6.81666666666667,11.7,1.56666666666667,4.88333333333333
Keene Trace Golf Club (Champion Trace),518,2024,ISCO Championship,156,7.85,13.2666666666667,69.4487179487179,69.3846153846154,2024-07-11,-0.064102564102555,37.918,-84.573,2.71666666666667,2.76666666666667,8.16666666666667,10.6,0.0499999999999998,2.43333333333333
Keene Trace Golf Club (Champions Course),518,2023,Barbasol Championship,155,7.85,13.2666666666667,70.6233766233766,70.9102564102564,2023-07-13,0.28687978687978,37.918,-84.573,7.3,7.4,18.2166666666667,21.2333333333333,0.0999999999999996,3.01666666666667
La Quinta Country Club,2,2022,The American Express,156,9.08333333333333,10.1666666666667,69.9583333333333,70.0119047619048,2022-01-20,0.0535714285714306,33.6898791,-116.3041035,9.21666666666667,9.8,17.0833333333333,18.55,0.583333333333334,1.46666666666667
La Quinta Country Club,2,2023,The American Express,156,9.05,10.275,69.3421052631579,69.25,2023-01-19,-0.0921052631578902,33.6898791,-116.3041035,3.7,4.4,8.93333333333333,10.3833333333333,0.7,1.45
Liberty National Golf Club,27,2021,THE NORTHERN TRUST,123,8.06666666666667,12.9166666666667,71.3389830508475,71.234375,2021-08-19,-0.10460805084746,40.6940702,-74.0740923,13.4833333333333,14.4166666666667,24.55,26.3833333333333,0.933333333333332,1.83333333333333
Memorial Park Golf Course,20,2021,Hewlett Packard Enterprise Houston Open,132,10.0833333333333,14.8333333333333,70.2272727272727,70.2878787878788,2021-11-11,0.0606060606060481,29.7712695,-95.4370656,7.98333333333333,9.46666666666667,15.45,18.0833333333333,1.48333333333333,2.63333333333333
Memorial Park Golf Course,20,2022,Cadence Bank Houston Open,132,7.58333333333333,12.3333333333333,71.030303030303,70.1212121212121,2022-11-10,-0.909090909090907,29.7712695,-95.4370656,5.83333333333333,4.81666666666667,10.9333333333333,11.5666666666667,-1.01666666666667,0.633333333333333
Memorial Park Golf Course,20,2024,Texas Children's Houston Open,144,8.34166666666667,13.3416666666667,70.2083333333333,70.6527777777778,2024-03-28,0.444444444444443,29.7712695,-95.4370656,3.86666666666667,3.55,9.91666666666667,10.9666666666667,-0.316666666666667,1.05
Memorial Park Golf Course,20,2025,Texas Children's Houston Open,153,8.51666666666667,13.6,70.1578947368421,70.4285714285714,2025-03-27,0.270676691729321,29.7712695,-95.4370656,7.15,9.43333333333333,15.6,22.5166666666667,2.28333333333333,6.91666666666667
Nicklaus Tournament Course,2,2024,The American Express,156,8.95833333333333,10.15,68.9444444444445,68.5,2024-01-18,-0.444444444444443,33.7,-116.245,1.55,1.76666666666667,5.56666666666667,7.06666666666667,0.216666666666667,1.5
Nicklaus Tournament Course,2,2025,The American Express,156,8.95833333333333,10.15,69.6944444444445,69.4404761904762,2025-01-16,-0.253968253968253,33.7,-116.245,3.45,2.81666666666667,9.65,11.0166666666667,-0.633333333333334,1.36666666666667
Oak Hill Country Club,33,2023,PGA Championship,156,9.975,15.3916666666667,73.7435897435897,73.6153846153846,2023-05-18,-0.128205128205124,43.1130973,-77.5326063,3.21666666666667,5.23333333333333,12.3166666666667,14.0833333333333,2.01666666666667,1.76666666666667
Ocean Course at Kiawah Island,33,2021,PGA Championship,155,8.1,13.5166666666667,74.2666666666667,75.2625,2021-05-20,0.995833333333337,32.6174674,-80.0195337,11.5,12.1833333333333,24.1666666666667,26.35,0.683333333333334,2.18333333333333
Olympia Fields Country Club (North Course),28,2023,BMW Championship,50,11.4416666666667,13.9,69.375,70.0384615384615,2023-08-17,0.663461538461533,41.5181015,-87.6879777,14,14.6166666666667,29.2333333333333,30.8166666666667,0.616666666666667,1.58333333333333
PGA National (Champion),10,2021,The Honda Classic,143,8.33333333333333,13.25,70.8939393939394,72,2021-03-18,1.10606060606061,26.8248567,-80.1439492,13.0833333333333,14.5166666666667,25.6833333333333,31.0166666666667,1.43333333333333,5.33333333333333
PGA National (Champion),10,2022,The Honda Classic,144,7.84166666666667,12.7583333333333,71.0694444444444,71.5,2022-02-24,0.430555555555557,26.8248567,-80.1439492,8.4,10.5666666666667,15.5166666666667,21.6666666666667,2.16666666666667,6.15
PGA National Resort (The Champion Course),10,2025,Cognizant Classic in The Palm Beaches,144,7.75833333333333,12.7583333333333,67.7361111111111,69.5138888888889,2025-02-27,1.77777777777777,26.8188047,-80.1435056,1.48333333333333,3.31666666666667,5.21666666666667,10.4333333333333,1.83333333333333,5.21666666666667
PGA National Resort (The Champion),10,2023,The Honda Classic,144,7.84166666666667,12.7583333333333,70.4583333333333,71.6805555555556,2023-02-23,1.22222222222223,26.8188047,-80.1435056,7.83333333333333,10.45,15.1833333333333,21.55,2.61666666666667,6.36666666666667
PGA National Resort (The Champion),10,2024,Cognizant Classic in The Palm Beaches,144,7.75833333333333,12.7583333333333,69.1666666666667,69.9305555555556,2024-02-29,0.763888888888886,26.8188047,-80.1435056,3.41666666666667,8.65,7.81666666666667,18.8333333333333,5.23333333333333,11.0166666666667
Pebble Beach Golf Links,5,2022,AT&T Pebble Beach Pro-Am,156,8.95833333333333,10.15,70.9583333333333,70.7380952380952,2022-02-03,-0.220238095238088,36.5696646,-121.9497413,4.9,5.28333333333333,11.4333333333333,13.2166666666667,0.383333333333333,1.78333333333333
Pebble Beach Golf Links,5,2023,AT&T Pebble Beach Pro-Am,155,9.05,10.15,70.4929577464789,71.7261904761905,2023-02-02,1.2332327297116,36.5696646,-121.9497413,2.65,2.88333333333333,8.28333333333333,8.76666666666667,0.233333333333333,0.483333333333333
Port Royal Golf Course,528,2021,Butterfield Bermuda Championship,126,8.5,13.1666666666667,74.1935483870968,71.265625,2021-10-28,-2.92792338709677,32.254,-64.877,26.7166666666667,23.9833333333333,36.25,32.45,-2.73333333333333,-3.8
Port Royal Golf Course,528,2022,Butterfield Bermuda Championship,132,8.54166666666667,13.2083333333333,67.6212121212121,67.9393939393939,2022-10-27,0.318181818181813,32.254,-64.877,5.18333333333333,2.56666666666667,10.8166666666667,6.35,-2.61666666666667,-4.46666666666667
Port Royal Golf Course,528,2024,Butterfield Bermuda Championship,120,7.825,12.325,70.65,71.0166666666667,2024-11-14,0.36666666666666,32.254,-64.877,26.2,25.3166666666667,35.9,34.5833333333333,-0.883333333333333,-1.31666666666666
Port Royal Golf Course,528,2025,Butterfield Bermuda Championship,120,7.825,12.325,73.4,70.5,2025-11-13,-2.90000000000001,32.254,-64.877,23.1333333333333,23.6666666666667,30.25,31.5833333333333,0.533333333333335,1.33333333333334
Quail Hollow Club,480,2021,Wells Fargo Championship,155,7.84166666666667,13.0833333333333,72.0555555555556,71.6626506024096,2021-05-06,-0.392904953145916,35.114081,-80.841676,7.08333333333333,7.73333333333333,18.5166666666667,19.3,0.65,0.783333333333335
Quail Hollow Club,480,2023,Wells Fargo Championship,154,7.93333333333333,13.2666666666667,72.1428571428571,71.2987012987013,2023-05-04,-0.844155844155836,35.114081,-80.841676,4.38333333333333,4.4,10.6,12.5333333333333,0.0166666666666666,1.93333333333333
Quail Hollow Club,480,2024,Wells Fargo Championship,68,12.3666666666667,13.4666666666667,70.8333333333333,71.1315789473684,2024-05-09,0.298245614035096,35.114081,-80.841676,13.5833333333333,13.9,26.45,27.6,0.316666666666666,1.15
Quail Hollow-PGA Championship,33,2025,PGA Championship,156,8.14166666666667,13.5583333333333,72.5897435897436,72.9230769230769,2025-05-15,0.333333333333329,35.114,-80.842,6.38333333333333,9.65,14.8166666666667,21.95,3.26666666666667,7.13333333333333
Royal Liverpool,100,2023,The Open Championship,156,8.91666666666667,13.9333333333333,72.7435897435897,73.7564102564103,2023-07-20,1.01282051282053,53.3892,-3.188,10.6333333333333,12.4166666666667,20.7,24.9166666666667,1.78333333333333,4.21666666666667
Royal Portrush Golf Club,100,2025,The Open Championship,156,8.91666666666667,13.9333333333333,73.6794871794872,72.3974358974359,2025-07-17,-1.28205128205128,55.2069,-6.6347,16.2833333333333,15.1666666666667,30.2333333333333,28.6333333333333,-1.11666666666666,-1.6
Royal St. George's GC,100,2021,The Open Championship,156,8.91666666666667,13.9333333333333,70.2307692307692,71.6794871794872,2021-07-15,1.44871794871796,51.2783,1.3736,12.85,12.9,27.6,29.6166666666667,0.0500000000000007,2.01666666666667
Royal Troon,100,2024,The Open Championship,156,9.05,14.0666666666667,74.5194805194805,74.3544303797468,2024-07-18,-0.165050139733694,55.536,-4.65,12.15,10.7166666666667,23.4333333333333,22.2666666666667,-1.43333333333333,-1.16666666666667
Sawgrass Country Club,88,2025,PGA TOUR Q-School presented by Korn Ferry,174,8.75,9.91666666666667,70.5975609756098,71.2391304347826,2025-12-11,0.641569459172857,30.1835311,-81.3742482,9.16666666666667,8.85,18.2333333333333,18.9833333333333,-0.316666666666666,0.75
Sea Island GC (Plantation),493,2021,The RSM Classic,156,9.91666666666667,11,67.5416666666667,67.4642857142857,2021-11-18,-0.0773809523809632,31.211,-81.342,3.95,4.48333333333333,8.01666666666667,9.68333333333333,0.533333333333333,1.66666666666667
Sea Island Golf Club (Plantation Course),493,2025,The RSM Classic,156,8.95833333333333,10.15,68.3194444444445,67.9761904761905,2025-11-20,-0.343253968253961,31.211,-81.342,4.5,3.38333333333333,11.75,11.7166666666667,-1.11666666666667,-0.0333333333333332
Sea Island Golf Club (Plantation),493,2022,The RSM Classic,155,9.33333333333333,10.5,70.4084507042254,70.2619047619048,2022-11-17,-0.1465459423206,31.211,-81.342,12.5833333333333,11.5,20.4,19.1666666666667,-1.08333333333333,-1.23333333333333
Sea Island Golf Club (Seaside Course),493,2024,The RSM Classic,156,9.29166666666667,10.4833333333333,70.5,70.75,2024-11-21,0.25,31.134,-81.371,9.35,10.3166666666667,19.2666666666667,20.7666666666667,0.966666666666667,1.5
Sedgefield Country Club,13,2021,Wyndham Championship,156,7.93333333333333,13.35,68.025641025641,68.6794871794872,2021-08-12,0.65384615384616,36.0130646,-79.8873397,4.73333333333333,4.46666666666667,13.5333333333333,14.2,-0.266666666666667,0.666666666666666
Sedgefield Country Club,13,2022,Wyndham Championship,156,7.93333333333333,13.1833333333333,69.3461538461538,69.6282051282051,2022-08-04,0.282051282051285,36.0130646,-79.8873397,5.7,5.65,12.6833333333333,14.9,-0.0499999999999998,2.21666666666667
Sedgefield Country Club,13,2023,Wyndham Championship,156,7.93333333333333,13.1833333333333,70.1282051282051,69.8205128205128,2023-08-03,-0.307692307692307,36.0130646,-79.8873397,6.4,10.7833333333333,12.2333333333333,21.35,4.38333333333333,9.11666666666667
Sedgefield Country Club,13,2024,Wyndham Championship,156,10.9333333333333,16.2666666666667,68.6410256410256,68.8461538461538,2024-08-08,0.205128205128204,36.0130646,-79.8873397,17.9833333333333,10.8333333333333,34.7666666666667,21.95,-7.15,-12.8166666666667
Sedgefield Country Club,13,2025,Wyndham Championship,156,7.93333333333333,13.2666666666667,68.025641025641,68.9230769230769,2025-07-31,0.897435897435898,36.0130646,-79.8873397,4.85,3.78333333333333,13.6,13.1333333333333,-1.06666666666667,-0.466666666666667
Silverado Resort & Spa (North),464,2021,Fortinet Championship,156,8.1,13.2666666666667,70.5769230769231,71.2948717948718,2021-09-16,0.717948717948715,38.3481596,-122.2680845,3.48333333333333,6.35,12.9,20.3333333333333,2.86666666666667,7.43333333333333
Silverado Resort (North Course),464,2024,Procore Championship,144,8.00833333333333,13.0916666666667,70.9444444444445,71.8611111111111,2024-09-12,0.916666666666671,38.352334,-122.2557806,2.26666666666667,6.5,10.75,18.75,4.23333333333333,8
Silverado Resort (North Course),464,2025,Procore Championship,144,8.00833333333333,13.0916666666667,71.6666666666667,71.8888888888889,2025-09-11,0.222222222222214,38.352334,-122.2557806,1.35,6.53333333333333,8.83333333333333,18.1333333333333,5.18333333333333,9.3
Silverado Resort and Spa (North Course),464,2022,Fortinet Championship,155,9.50833333333333,14.5833333333333,71.0972222222222,71.6265060240964,2022-09-15,0.529283801874158,38.35,-122.26,4.21666666666667,7.68333333333333,14.1833333333333,22.65,3.46666666666667,8.46666666666667
Southern Hills Country Club,33,2022,PGA Championship,156,8.14166666666667,13.5583333333333,72.3461538461539,73.3205128205128,2022-05-19,0.974358974358978,36.0728132,-95.949738,7.88333333333333,12.75,15.8333333333333,23.7333333333333,4.86666666666667,7.9
Spyglass Hill Golf Course,5,2021,AT&T Pebble Beach Pro-Am,156,8.95833333333333,10.15,71.3194444444445,71.3333333333333,2021-02-11,0.0138888888888857,36.5852825,-121.9558125,4.1,4.56666666666667,10.9666666666667,14.5,0.466666666666667,3.53333333333333
Spyglass Hill Golf Course,5,2024,AT&T Pebble Beach Pro-Am,80,9.15,10.15,70.475,70.85,2024-02-01,0.375,36.5852825,-121.9558125,9.61666666666667,10.1166666666667,21.6166666666667,22.5,0.5,0.883333333333333
Spyglass Hill Golf Course,5,2025,AT&T Pebble Beach Pro-Am,80,9.01666666666667,10.1,68.9,69.05,2025-01-30,0.149999999999991,36.5852825,-121.9558125,3.56666666666667,3.83333333333333,10.8333333333333,12.6666666666667,0.266666666666667,1.83333333333333
St. Andrews Links (Old Course),100,2022,The Open Championship,156,8.91666666666667,13.9333333333333,71.9871794871795,73.4102564102564,2022-07-14,1.42307692307692,56.3487,-2.8027,10.0833333333333,12.3333333333333,20.2666666666667,24.3833333333333,2.25,4.11666666666667
Stadium Course,2,2021,The American Express,156,9.58333333333333,10.6666666666667,70.4305555555556,70.9761904761905,2021-01-21,0.545634920634925,33.64,-111.916,4.4,4.23333333333333,11.25,11.25,-0.166666666666667,0
TPC Craig Ranch,19,2021,AT&T Byron Nelson,156,7.93333333333333,13.1,68.3589743589744,69.1410256410256,2021-05-13,0.78205128205127,33.165,-96.66,6.2,6.05,12.5333333333333,14.2833333333333,-0.15,1.75
TPC Craig Ranch,19,2022,AT&T Byron Nelson,156,7.93333333333333,13.1,69.8717948717949,70.5384615384615,2022-05-12,0.666666666666657,33.165,-96.66,10.6166666666667,13.6333333333333,19.0333333333333,24.3,3.01666666666667,5.26666666666667
TPC Craig Ranch,19,2023,AT&T Byron Nelson,156,7.93333333333333,13.1,68.6923076923077,69.7179487179487,2023-05-11,1.02564102564102,33.165,-96.66,7.76666666666667,14.9333333333333,15.5166666666667,26.35,7.16666666666667,10.8333333333333
TPC Craig Ranch,19,2024,THE CJ CUP Byron Nelson,156,8.93333333333333,14.1,69.1794871794872,68.4615384615385,2024-05-02,-0.717948717948715,33.165,-96.66,11.1666666666667,8.73333333333333,20.3666666666667,18.1333333333333,-2.43333333333333,-2.23333333333333
TPC Craig Ranch,19,2025,THE CJ CUP Byron Nelson,156,7.93333333333333,13.1,68.8589743589744,68.5512820512821,2025-05-01,-0.307692307692307,33.165,-96.66,2.15,4.18333333333333,7.45,12.3833333333333,2.03333333333333,4.93333333333333
TPC Potomac at Avenel Farm,480,2022,Wells Fargo Championship,155,7.93333333333333,13.2666666666667,70.0649350649351,69.1153846153846,2022-05-05,-0.949550449550458,39.03,-77.203,7,2.9,16.3166666666667,9.88333333333333,-4.1,-6.43333333333333
TPC San Antonio (Oaks Course),41,2021,Valero Texas Open,144,8.425,13.3416666666667,73.625,73.1111111111111,2021-04-01,-0.513888888888886,29.657282,-98.3950499,9.95,9.25,21.5666666666667,23.1833333333333,-0.699999999999999,1.61666666666667
TPC San Antonio (Oaks Course),41,2022,Valero Texas Open,143,8.41666666666667,13.3333333333333,71.3030303030303,72.2597402597403,2022-03-31,0.956709956709958,29.657282,-98.3950499,3.25,4.83333333333333,10.2166666666667,14.8666666666667,1.58333333333333,4.65
TPC San Antonio (Oaks Course),41,2023,Valero Texas Open,143,11.8333333333333,16.8416666666667,72.830985915493,71.8333333333333,2023-03-30,-0.997652582159631,29.657282,-98.3950499,14.8333333333333,13.3833333333333,28.1,27.2166666666667,-1.45,-0.883333333333333
TPC San Antonio (Oaks Course),41,2024,Valero Texas Open,156,8.43333333333333,13.6833333333333,73,72.7051282051282,2024-04-04,-0.294871794871796,29.657282,-98.3950499,8.53333333333333,8.55,17.8166666666667,21.1166666666667,0.0166666666666657,3.3
TPC San Antonio (Oaks Course),41,2025,Valero Texas Open,144,8.34166666666667,13.6,71.9428571428571,72.0540540540541,2025-04-03,0.111196911196913,29.657282,-98.3950499,5.71666666666667,6.13333333333333,14.75,16.3166666666667,0.416666666666667,1.56666666666667
TPC Sawgrass,11,2021,THE PLAYERS Championship,154,7.85,13.1833333333333,74.0131578947368,73.6025641025641,2021-03-11,-0.410593792172733,30.1960044,-81.3937539,5.83333333333333,7.86666666666667,11.3333333333333,19.6,2.03333333333333,8.26666666666667
TPC Sawgrass,11,2022,THE PLAYERS Championship,143,8.3,17.3833333333333,71.8333333333333,71.961038961039,2022-03-10,0.127705627705637,30.1960044,-81.3937539,7.16666666666667,2.7,18.0333333333333,7.53333333333333,-4.46666666666667,-10.5
TPC Sawgrass (THE PLAYERS Stadium Course),11,2023,THE PLAYERS Championship,144,7.84166666666667,12.8416666666667,72.4027777777778,73.1111111111111,2023-03-09,0.708333333333343,30.1960044,-81.3937539,8.48333333333333,7.4,18.4166666666667,18.8,-1.08333333333333,0.383333333333336
TPC Sawgrass (THE PLAYERS Stadium Course),11,2024,THE PLAYERS Championship,143,8.58333333333333,13.7583333333333,71.8450704225352,71.2222222222222,2024-03-14,-0.622848200312987,30.1960044,-81.3937539,3.78333333333333,5.85,10.15,15.8833333333333,2.06666666666667,5.73333333333333
TPC Sawgrass (THE PLAYERS Stadium Course),11,2025,THE PLAYERS Championship,144,8.675,13.7583333333333,73.3055555555556,71.3333333333333,2025-03-13,-1.97222222222223,30.1960044,-81.3937539,4.46666666666667,4.48333333333333,11.3166666666667,14.05,0.0166666666666666,2.73333333333333
TPC Scottsdale,3,2021,Waste Management Phoenix Open,132,8.16666666666667,12.5,70.2121212121212,70.5151515151515,2021-02-04,0.303030303030297,33.6401402,-111.9156552,5.56666666666667,8.53333333333333,11.2833333333333,16.9166666666667,2.96666666666667,5.63333333333334
TPC Scottsdale,3,2022,WM Phoenix Open,132,8.16666666666667,12.5833333333333,71.3181818181818,70.1363636363637,2022-02-10,-1.18181818181817,33.6401402,-111.9156552,10.7833333333333,5.23333333333333,22.25,14.05,-5.55,-8.2
TPC Scottsdale (Stadium Course),3,2023,WM Phoenix Open,134,9.91666666666667,14.6666666666667,72.6515151515152,72.1029411764706,2023-02-09,-0.548573975044562,33.6401402,-111.9156552,13.4333333333333,11.3333333333333,24.4666666666667,22.3333333333333,-2.1,-2.13333333333334
TPC Scottsdale (Stadium Course),3,2024,WM Phoenix Open,132,8.25,16.5583333333333,72.1818181818182,69.6060606060606,2024-02-08,-2.57575757575758,33.6401402,-111.9156552,14.7333333333333,7.35,27.6666666666667,13.1333333333333,-7.38333333333334,-14.5333333333333
TPC Scottsdale (Stadium Course),3,2025,WM Phoenix Open,132,8.25,12.9166666666667,70.7575757575758,70.9545454545455,2025-02-06,0.196969696969703,33.6401402,-111.9156552,4.91666666666667,5.63333333333333,12.95,16.6166666666667,0.716666666666667,3.66666666666667
TPC Southwind,27,2022,FedEx St. Jude Championship,120,8.075,12.825,68.0833333333333,69.0333333333333,2022-08-11,0.950000000000003,35.0545946,-89.7857855,4.46666666666667,5.18333333333333,11.6333333333333,13.45,0.716666666666667,1.81666666666667
TPC Southwind,27,2023,FedEx St. Jude Championship,70,10.65,11.85,68.4666666666667,68.675,2023-08-10,0.208333333333329,35.0545946,-89.7857855,5.95,5.93333333333333,16.7666666666667,15.4666666666667,-0.0166666666666666,-1.3
TPC Southwind,27,2024,FedEx St. Jude Championship,70,8.66666666666667,11.75,68.8529411764706,68.9722222222222,2024-08-15,0.119281045751634,35.0545946,-89.7857855,3.45,3.05,10.7666666666667,11.4333333333333,-0.4,0.666666666666668
TPC Southwind,27,2025,FedEx St. Jude Championship,69,8.66666666666667,11.75,69.030303030303,69.1388888888889,2025-08-07,0.108585858585855,35.0545946,-89.7857855,2.08333333333333,3.56666666666667,9.83333333333333,13.3833333333333,1.48333333333333,3.55
TPC Twin Cities,525,2021,3M Open,155,7.93333333333333,15.35,69.8441558441559,70.9871794871795,2021-07-22,1.14302364302364,45.1733222,-93.211862,8.2,10.0333333333333,17.65,23.15,1.83333333333333,5.5
TPC Twin Cities,525,2022,3M Open,155,7.93333333333333,13.1,72.5454545454546,73.0128205128205,2022-07-21,0.467365967365964,45.1733222,-93.211862,9.7,11.1666666666667,20.7833333333333,25.2333333333333,1.46666666666667,4.45
TPC Twin Cities,525,2023,3M Open,156,7.85,13.2666666666667,69.8846153846154,70.8076923076923,2023-07-27,0.92307692307692,45.1733222,-93.211862,6.63333333333333,7.85,15.85,25.2166666666667,1.21666666666667,9.36666666666667
TPC Twin Cities,525,2024,3M Open,156,7.85,13.2666666666667,70.1538461538462,70.6025641025641,2024-07-25,0.448717948717942,45.1733222,-93.211862,5.73333333333333,7.56666666666667,13.25,18.15,1.83333333333333,4.9
TPC Twin Cities,525,2025,3M Open,156,7.85,13.2666666666667,68.9487179487179,68.8461538461538,2025-07-24,-0.102564102564102,45.1733222,-93.211862,5.61666666666667,6.2,13.1833333333333,15.1666666666667,0.583333333333333,1.98333333333333
Tahoe Mountain Club (Old Greenwood),472,2023,Barracuda Championship,156,7.85,13.1,69.7692307692308,70.6282051282051,2023-07-20,0.858974358974351,39.3441603,-120.1439771,2.9,6.43333333333333,11.1833333333333,19.1,3.53333333333333,7.91666666666667
Tahoe Mountain Club (Old Greenwood),472,2024,Barracuda Championship,156,7.85,13.1,69.8076923076923,70.3461538461538,2024-07-18,0.538461538461533,39.3441603,-120.1439771,2.88333333333333,6.8,10.6833333333333,21,3.91666666666667,10.3166666666667
Tahoe Mountain Club (Old Greenwood),472,2025,Barracuda Championship,156,7.85,13.1,70.3974358974359,71.6282051282051,2025-07-17,1.23076923076923,39.3441603,-120.1439771,4.08333333333333,8.7,13.4833333333333,23.5333333333333,4.61666666666667,10.05
Tahoe Mt. Club (Old Greenwood),472,2021,Barracuda Championship,132,7.75,12.5833333333333,70.969696969697,70.6818181818182,2021-08-05,-0.287878787878782,39.344,-120.144,10.1666666666667,13.0333333333333,29.2,37,2.86666666666667,7.8
Tahoe Mt. Club (Old Greenwood),472,2022,Barracuda Championship,155,7.85,13.1,71.2857142857143,71.974358974359,2022-07-14,0.688644688644686,39.344,-120.144,5.65,9.66666666666667,17.8333333333333,27.5166666666667,4.01666666666667,9.68333333333333
The Country Club of Jackson,54,2022,Sanderson Farms Championship,144,8.00833333333333,12.925,72.4166666666667,71.6388888888889,2022-09-29,-0.777777777777786,32.3958048,-90.1095239,9.03333333333333,10.3833333333333,20.0833333333333,22.9,1.35,2.81666666666667
The Country Club of Jackson,54,2024,Sanderson Farms Championship,131,7.90833333333333,12.5666666666667,69.6666666666667,68.7464788732394,2024-10-03,-0.920187793427232,32.3958048,-90.1095239,4.46666666666667,4.81666666666667,10.2666666666667,12.25,0.35,1.98333333333333
The Country Club of Jackson,54,2025,Sanderson Farms Championship,132,8,12.75,70.5909090909091,70.2878787878788,2025-10-02,-0.303030303030312,32.3958048,-90.1095239,6.43333333333333,7.08333333333333,16.55,19.05,0.65,2.5
The Dunes Golf and Beach Club,553,2024,Myrtle Beach Classic,132,7.75,12.4166666666667,69.6060606060606,70.9848484848485,2024-05-09,1.37878787878788,33.768,-78.77,8.1,14.1166666666667,18.8833333333333,33.1166666666667,6.01666666666667,14.2333333333333
The Philadelphia Cricket Club (Wissahickon Course),480,2025,Truist Championship,72,11.6083333333333,12.7083333333333,66.5833333333333,67,2025-05-08,0.416666666666671,40.106,-75.197,3.68333333333333,4.36666666666667,11.2833333333333,11.9833333333333,0.683333333333333,0.699999999999999
The Renaissance Club,541,2022,Genesis Scottish Open,160,8.25,13.4166666666667,70.3875,73.6,2022-07-07,3.21249999999999,56.0436,-2.746,10.45,15.3166666666667,20.45,26.65,4.86666666666667,6.2
The Renaissance Club,541,2023,Genesis Scottish Open,155,8.35,13.6,69.5974025974026,69.8205128205128,2023-07-13,0.223110223110226,56.0436,-2.746,11.4666666666667,10.7166666666667,22.85,22.5,-0.75,-0.350000000000001
The Renaissance Club,541,2024,Genesis Scottish Open,156,8.1,13.35,68.9102564102564,68.4871794871795,2024-07-11,-0.42307692307692,56.0436,-2.746,8.41666666666667,4.81666666666667,16,13.2833333333333,-3.6,-2.71666666666667
The Renaissance Club,541,2025,Genesis Scottish Open,155,8.1,13.35,69.6623376623377,70.1410256410256,2025-07-10,0.478687978687972,56.0436,-2.746,9.41666666666667,10.5166666666667,18.7833333333333,20.8833333333333,1.1,2.1
The Riviera Country Club,7,2021,The Genesis Invitational,120,7.49166666666667,11.9916666666667,71,71.4166666666667,2021-02-18,0.416666666666671,34.0451645,-118.5024932,6.33333333333333,7.46666666666667,17.3833333333333,20.9166666666667,1.13333333333333,3.53333333333334
The Riviera Country Club,7,2022,The Genesis Invitational,120,7.49166666666667,12.075,70.7,71.3,2022-02-17,0.599999999999994,34.0451645,-118.5024932,4.6,7.03333333333333,12.8333333333333,20.2,2.43333333333333,7.36666666666667
The Riviera Country Club,7,2023,The Genesis Invitational,129,7.58333333333333,12.25,71.046875,70.9846153846154,2023-02-16,-0.0622596153846189,34.0451645,-118.5024932,3.51666666666667,5.73333333333333,9.78333333333333,16.05,2.21666666666667,6.26666666666667
The Riviera Country Club,7,2024,The Genesis Invitational,70,8.53333333333333,11.1,69.7142857142857,70.6285714285714,2024-02-15,0.914285714285725,34.0451645,-118.5024932,2.58333333333333,5.13333333333333,8.15,13.5333333333333,2.55,5.38333333333333
Torrey Pines (South),4,2022,Farmers Insurance Open,156,9.41666666666667,10.5,70.8472222222222,71.0238095238095,2022-01-26,0.17658730158729,32.901,-117.25,4.56666666666667,4.61666666666667,10.4,11.2666666666667,0.0499999999999998,0.866666666666667
Torrey Pines GC (North),4,2021,Farmers Insurance Open,156,9.41666666666667,10.5,71.0277777777778,71.5476190476191,2021-01-28,0.51984126984128,32.8880412,-117.2410425,4.5,5.48333333333333,11.3333333333333,13.5,0.983333333333333,2.16666666666667
Torrey Pines Golf Course (North Course),4,2023,Farmers Insurance Open,156,9.41666666666667,10.5,70.9444444444445,71,2023-01-25,0.0555555555555571,32.9085152,-117.2488884,3.4,4.2,8.56666666666667,9.91666666666667,0.8,1.35
Torrey Pines Golf Course (North Course),4,2024,Farmers Insurance Open,156,9.29166666666667,10.4833333333333,70.7916666666667,70.8690476190476,2024-01-24,0.077380952380949,32.9085152,-117.2488884,5.73333333333333,5.56666666666667,11.5166666666667,11.6333333333333,-0.166666666666667,0.116666666666667
Torrey Pines Golf Course (North Course),4,2025,Farmers Insurance Open,154,9.2,10.4833333333333,71.1549295774648,71.4939759036145,2025-01-22,0.339046326149671,32.9085152,-117.2488884,5.05,5.05,13.6666666666667,14.3333333333333,0,0.666666666666666
Torrey Pines Golf Course (South Course),7,2025,The Genesis Invitational,72,9.95833333333333,11.0583333333333,73.4166666666667,75.1388888888889,2025-02-13,1.72222222222221,32.8968959,-117.2455316,12.2,11.8333333333333,24.6333333333333,24.7,-0.366666666666665,0.0666666666666664
Valhalla Golf Club,33,2024,PGA Championship,156,8.55833333333333,13.975,71.3333333333333,71.2179487179487,2024-05-16,-0.115384615384613,38.242317,-85.4706879,3.06666666666667,6.26666666666667,9.98333333333333,17.35,3.2,7.36666666666667
Waialae Country Club,6,2021,Sony Open in Hawaii,144,8.08333333333333,12.75,68.7083333333333,67.9305555555556,2021-01-14,-0.777777777777772,21.274543,-157.7707646,8.9,5.86666666666667,23.6333333333333,19.6166666666667,-3.03333333333333,-4.01666666666667
Waialae Country Club,6,2022,Sony Open in Hawaii,144,8.08333333333333,12.75,67.8055555555556,68.2361111111111,2022-01-13,0.430555555555557,21.274543,-157.7707646,5.58333333333333,4.98333333333333,15.2166666666667,16.6833333333333,-0.600000000000001,1.46666666666667
Waialae Country Club,6,2023,Sony Open in Hawaii,144,8.08333333333333,12.75,69.2638888888889,69.6666666666667,2023-01-12,0.402777777777786,21.274543,-157.7707646,7.45,5.16666666666667,19.3833333333333,17.6333333333333,-2.28333333333333,-1.75
Waialae Country Club,6,2024,Sony Open in Hawaii,144,8.08333333333333,12.75,69.5416666666667,70.4027777777778,2024-01-11,0.8611111111111,21.274543,-157.7707646,13.4833333333333,15.6333333333333,31.15,38.7,2.15,7.55
Waialae Country Club,6,2025,Sony Open in Hawaii,143,8,12.6666666666667,68.6666666666667,69.2207792207792,2025-01-09,0.55411255411255,21.274543,-157.7707646,7.6,9.01666666666667,20.1333333333333,24.3166666666667,1.41666666666667,4.18333333333333
Wilmington Country Club,28,2022,BMW Championship,68,10.5833333333333,13.5833333333333,69.8529411764706,70.6470588235294,2022-08-18,0.794117647058812,39.7954935,-75.5982699,5.21666666666667,6.91666666666667,14.8666666666667,18.2,1.7,3.33333333333333
Yokohama Country Club,527,2025,Baycurrent Classic,78,7.20833333333333,8.4,72,72.0952380952381,2025-10-09,0.095238095238102,35.4231448,139.6491193,16.6833333333333,16.8666666666667,40,40.9666666666667,0.183333333333334,0.966666666666669
