"game_id","season","week","home_team","away_team","book","home_spread_open","total_open","book_last_update","captured_at"
"401858213",2026,2,"Miami","Florida A&M","FanDuel",-53.5,60.5,"2026-09-08T04:16:01Z","2026-09-08T04:16:22Z"
"401858213",2026,2,"Miami","Florida A&M","DraftKings",-55.5,61.5,"2026-09-08T04:16:01Z","2026-09-08T04:16:22Z"
"401858213",2026,2,"Miami","Florida A&M","Caesars",NA,61.5,"2026-09-08T04:14:02Z","2026-09-08T04:16:22Z"
"401858215",2026,2,"Louisville","Villanova","FanDuel",-36.5,56.5,"2026-09-08T04:16:01Z","2026-09-08T04:16:22Z"
"401858215",2026,2,"Louisville","Villanova","DraftKings",-36.5,56.5,"2026-09-08T04:16:01Z","2026-09-08T04:16:22Z"
"401858215",2026,2,"Louisville","Villanova","Caesars",-36.5,56.5,"2026-09-08T04:14:02Z","2026-09-08T04:16:22Z"
"401858222",2026,2,"NC State","Richmond","FanDuel",-30.5,48.5,"2026-09-08T04:16:01Z","2026-09-08T04:16:22Z"
"401858222",2026,2,"NC State","Richmond","DraftKings",-30.5,48.5,"2026-09-08T04:16:01Z","2026-09-08T04:16:22Z"
"401858222",2026,2,"NC State","Richmond","Caesars",-30.5,48.5,"2026-09-08T04:14:02Z","2026-09-08T04:16:22Z"
"401858220",2026,2,"Virginia","Norfolk State","FanDuel",-43.5,54.5,"2026-09-08T04:16:01Z","2026-09-08T04:16:22Z"
"401858220",2026,2,"Virginia","Norfolk State","DraftKings",-44.5,54.5,"2026-09-08T04:16:01Z","2026-09-08T04:16:22Z"
"401858220",2026,2,"Virginia","Norfolk State","Caesars",NA,54.5,"2026-09-08T04:14:02Z","2026-09-08T04:16:22Z"
"401858214",2026,2,"Boston College","Rutgers","FanDuel",-3.5,53.5,"2026-09-08T04:16:01Z","2026-09-08T04:16:22Z"
"401858214",2026,2,"Boston College","Rutgers","DraftKings",-3,54.5,"2026-09-08T04:16:01Z","2026-09-08T04:16:22Z"
"401858214",2026,2,"Boston College","Rutgers","Caesars",-3,53.5,"2026-09-08T04:14:02Z","2026-09-08T04:16:22Z"
"401856678",2026,2,"Kansas","Missouri","FanDuel",5.5,49.5,"2026-09-08T04:16:01Z","2026-09-08T04:16:22Z"
"401856678",2026,2,"Kansas","Missouri","DraftKings",5.5,50.5,"2026-09-08T04:16:01Z","2026-09-08T04:16:22Z"
"401856678",2026,2,"Kansas","Missouri","Caesars",5.5,50.5,"2026-09-08T04:14:02Z","2026-09-08T04:16:22Z"
"401856683",2026,2,"Texas A&M","Arizona State","DraftKings",-14.5,51.5,"2026-09-08T04:16:01Z","2026-09-08T04:16:22Z"
"401856683",2026,2,"Texas A&M","Arizona State","FanDuel",-14.5,51.5,"2026-09-08T04:16:01Z","2026-09-08T04:16:22Z"
"401856683",2026,2,"Texas A&M","Arizona State","Caesars",-14.5,51.5,"2026-09-08T04:14:02Z","2026-09-08T04:16:22Z"
"401862702",2026,2,"Army","South Florida","FanDuel",-3.5,48.5,"2026-09-08T04:16:01Z","2026-09-08T04:16:22Z"
"401862702",2026,2,"Army","South Florida","DraftKings",-3.5,47.5,"2026-09-08T04:16:01Z","2026-09-08T04:16:22Z"
"401862702",2026,2,"Army","South Florida","Caesars",-3.5,47.5,"2026-09-08T04:14:02Z","2026-09-08T04:16:22Z"
"401858218",2026,2,"North Carolina","East Tennessee State","FanDuel",-35.5,52.5,"2026-09-08T04:16:01Z","2026-09-08T04:16:22Z"
"401858439",2026,2,"Indiana","Howard","FanDuel",-55.5,64.5,"2026-09-08T04:16:01Z","2026-09-08T04:16:22Z"
"401856781",2026,2,"Kansas State","Washington State","FanDuel",-17.5,49.5,"2026-09-08T04:16:01Z","2026-09-08T04:16:22Z"
"401856781",2026,2,"Kansas State","Washington State","DraftKings",-18.5,49.5,"2026-09-08T04:16:01Z","2026-09-08T04:16:22Z"
"401856781",2026,2,"Kansas State","Washington State","Caesars",-19,49.5,"2026-09-08T04:14:02Z","2026-09-08T04:16:22Z"
"401866416",2026,2,"Kent State","Wofford","FanDuel",-13.5,46.5,"2026-09-08T04:16:01Z","2026-09-08T04:16:22Z"
"401856679",2026,2,"Michigan","Oklahoma","FanDuel",5.5,43.5,"2026-09-08T04:16:01Z","2026-09-08T04:16:22Z"
"401856679",2026,2,"Michigan","Oklahoma","Caesars",5.5,43.5,"2026-09-08T04:14:02Z","2026-09-08T04:16:22Z"
"401856679",2026,2,"Michigan","Oklahoma","DraftKings",5.5,43.5,"2026-09-08T04:16:01Z","2026-09-08T04:16:22Z"
"401856782",2026,2,"Oklahoma State","Oregon","FanDuel",22.5,57.5,"2026-09-08T04:16:01Z","2026-09-08T04:16:22Z"
"401856782",2026,2,"Oklahoma State","Oregon","DraftKings",22.5,57.5,"2026-09-08T04:16:01Z","2026-09-08T04:16:22Z"
"401856782",2026,2,"Oklahoma State","Oregon","Caesars",22.5,57.5,"2026-09-08T04:14:02Z","2026-09-08T04:16:22Z"
"401858221",2026,2,"Virginia Tech","Old Dominion","DraftKings",-18.5,51.5,"2026-09-08T04:16:01Z","2026-09-08T04:16:22Z"
"401858221",2026,2,"Virginia Tech","Old Dominion","FanDuel",-18.5,50.5,"2026-09-08T04:16:01Z","2026-09-08T04:16:22Z"
"401858221",2026,2,"Virginia Tech","Old Dominion","Caesars",-18.5,50.5,"2026-09-08T04:14:02Z","2026-09-08T04:16:22Z"
"401858442",2026,2,"Temple","Penn State","FanDuel",23.5,49.5,"2026-09-08T04:16:01Z","2026-09-08T04:16:22Z"
"401858442",2026,2,"Temple","Penn State","DraftKings",23.5,49.5,"2026-09-08T04:16:01Z","2026-09-08T04:16:22Z"
"401858442",2026,2,"Temple","Penn State","Caesars",24,49.5,"2026-09-08T04:14:02Z","2026-09-08T04:16:22Z"
"401858224",2026,2,"Purdue","Wake Forest","FanDuel",3.5,49.5,"2026-09-08T04:16:01Z","2026-09-08T04:16:22Z"
"401858224",2026,2,"Purdue","Wake Forest","DraftKings",4,49.5,"2026-09-08T04:16:01Z","2026-09-08T04:16:22Z"
"401858224",2026,2,"Purdue","Wake Forest","Caesars",4,49.5,"2026-09-08T04:14:02Z","2026-09-08T04:16:22Z"
"401856673",2026,2,"Georgia","Western Kentucky","DraftKings",-40.5,54.5,"2026-09-08T04:16:01Z","2026-09-08T04:16:22Z"
"401856673",2026,2,"Georgia","Western Kentucky","Caesars",-40.5,54.5,"2026-09-08T04:14:02Z","2026-09-08T04:16:22Z"
"401856673",2026,2,"Georgia","Western Kentucky","FanDuel",-40.5,54.5,"2026-09-08T04:16:01Z","2026-09-08T04:16:22Z"
"401866415",2026,2,"Central Michigan","Colgate","FanDuel",-24.5,50.5,"2026-09-08T04:16:01Z","2026-09-08T04:16:22Z"
"401866417",2026,2,"Miami (OH)","Holy Cross","FanDuel",-31.5,51.5,"2026-09-08T04:16:01Z","2026-09-08T04:16:22Z"
"401856791",2026,2,"West Virginia","UT Martin","FanDuel",-39.5,56.5,"2026-09-08T04:16:01Z","2026-09-08T04:16:22Z"
"401866413",2026,2,"Ball State","Stony Brook","FanDuel",-15.5,56.5,"2026-09-08T04:16:01Z","2026-09-08T04:16:22Z"
"401866412",2026,2,"Akron","Robert Morris","FanDuel",-28.5,43.5,"2026-09-08T04:16:01Z","2026-09-08T04:16:22Z"
"401856674",2026,2,"Kentucky","Alabama","DraftKings",10.5,49.5,"2026-09-08T04:16:01Z","2026-09-08T04:16:22Z"
"401856674",2026,2,"Kentucky","Alabama","FanDuel",10.5,49.5,"2026-09-08T04:16:01Z","2026-09-08T04:16:22Z"
"401856674",2026,2,"Kentucky","Alabama","Caesars",10.5,49.5,"2026-09-08T04:14:02Z","2026-09-08T04:16:22Z"
"401856810",2026,2,"BYU","Arizona","DraftKings",-7.5,50.5,"2026-09-08T04:16:01Z","2026-09-08T04:16:22Z"
"401856810",2026,2,"BYU","Arizona","FanDuel",-7.5,50.5,"2026-09-08T04:16:01Z","2026-09-08T04:16:22Z"
"401856810",2026,2,"BYU","Arizona","Caesars",-7.5,50.5,"2026-09-08T04:14:02Z","2026-09-08T04:16:22Z"
"401858216",2026,2,"Syracuse","California","FanDuel",-3.5,56.5,"2026-09-08T04:16:01Z","2026-09-08T04:16:22Z"
"401858216",2026,2,"Syracuse","California","DraftKings",-3.5,56.5,"2026-09-08T04:16:01Z","2026-09-08T04:16:22Z"
"401858216",2026,2,"Syracuse","California","Caesars",-3.5,56.5,"2026-09-08T04:14:02Z","2026-09-08T04:16:22Z"
"401866419",2026,2,"Toledo","Central Connecticut","FanDuel",-35.5,56.5,"2026-09-08T04:16:01Z","2026-09-08T04:16:22Z"
"401856785",2026,2,"Colorado","Weber State","FanDuel",-34.5,53.5,"2026-09-08T04:16:01Z","2026-09-08T04:16:22Z"
"401858217",2026,2,"Illinois","Duke","DraftKings",-6,53.5,"2026-09-08T04:16:01Z","2026-09-08T04:16:22Z"
"401858217",2026,2,"Illinois","Duke","FanDuel",-5.5,53.5,"2026-09-08T04:16:01Z","2026-09-08T04:16:22Z"
"401858217",2026,2,"Illinois","Duke","Caesars",-6,53.5,"2026-09-08T04:14:02Z","2026-09-08T04:16:22Z"
"401858440",2026,2,"Michigan State","Eastern Michigan","FanDuel",-17.5,50.5,"2026-09-08T04:16:01Z","2026-09-08T04:16:22Z"
"401858440",2026,2,"Michigan State","Eastern Michigan","DraftKings",-17.5,50.5,"2026-09-08T04:16:01Z","2026-09-08T04:16:22Z"
"401858440",2026,2,"Michigan State","Eastern Michigan","Caesars",-17,50.5,"2026-09-08T04:14:02Z","2026-09-08T04:16:22Z"
"401867929",2026,2,"James Madison","Wagner","FanDuel",-45.5,55.5,"2026-09-08T04:16:01Z","2026-09-08T04:16:22Z"
"401858444",2026,2,"UConn","Maryland","FanDuel",12.5,52.5,"2026-09-08T04:16:01Z","2026-09-08T04:16:22Z"
"401858444",2026,2,"UConn","Maryland","DraftKings",12.5,52.5,"2026-09-08T04:16:01Z","2026-09-08T04:16:22Z"
"401858444",2026,2,"UConn","Maryland","Caesars",12.5,52.5,"2026-09-08T04:14:02Z","2026-09-08T04:16:22Z"
"401856677",2026,2,"Minnesota","Mississippi State","DraftKings",1.5,55.5,"2026-09-08T04:16:01Z","2026-09-08T04:16:22Z"
"401856677",2026,2,"Minnesota","Mississippi State","FanDuel",1.5,55.5,"2026-09-08T04:16:01Z","2026-09-08T04:16:22Z"
"401856677",2026,2,"Minnesota","Mississippi State","Caesars",1.5,55.5,"2026-09-08T04:14:02Z","2026-09-08T04:16:22Z"
"401859184",2026,2,"Notre Dame","Rice","DraftKings",-44.5,54.5,"2026-09-08T04:16:01Z","2026-09-08T04:16:22Z"
"401859184",2026,2,"Notre Dame","Rice","Caesars",-44.5,54.5,"2026-09-08T04:14:02Z","2026-09-08T04:16:22Z"
"401859184",2026,2,"Notre Dame","Rice","FanDuel",-43.5,55.5,"2026-09-08T04:16:01Z","2026-09-08T04:16:22Z"
"401856790",2026,2,"Pittsburgh","UCF","FanDuel",-7.5,58.5,"2026-09-08T04:16:01Z","2026-09-08T04:16:22Z"
"401856790",2026,2,"Pittsburgh","UCF","DraftKings",-7,57.5,"2026-09-08T04:16:01Z","2026-09-08T04:16:22Z"
"401856790",2026,2,"Pittsburgh","UCF","Caesars",-7,57.5,"2026-09-08T04:14:02Z","2026-09-08T04:16:22Z"
"401860884",2026,2,"Texas State","UTSA","DraftKings",-1.5,64.5,"2026-09-08T04:16:01Z","2026-09-08T04:16:22Z"
"401860884",2026,2,"Texas State","UTSA","FanDuel",-1.5,65.5,"2026-09-08T04:16:01Z","2026-09-08T04:16:22Z"
"401860884",2026,2,"Texas State","UTSA","Caesars",-1.5,64.5,"2026-09-08T04:14:02Z","2026-09-08T04:16:22Z"
"401862708",2026,2,"UAB","UL Monroe","FanDuel",-10.5,55.5,"2026-09-08T04:16:01Z","2026-09-08T04:16:22Z"
"401862708",2026,2,"UAB","UL Monroe","DraftKings",-10.5,55.5,"2026-09-08T04:16:01Z","2026-09-08T04:16:22Z"
"401862708",2026,2,"UAB","UL Monroe","Caesars",-10.5,55.5,"2026-09-08T04:14:02Z","2026-09-08T04:16:22Z"
"401858446",2026,2,"Washington","Utah State","FanDuel",-27.5,55.5,"2026-09-08T04:16:01Z","2026-09-08T04:16:22Z"
"401858446",2026,2,"Washington","Utah State","DraftKings",-26.5,55.5,"2026-09-08T04:16:01Z","2026-09-08T04:16:22Z"
"401858446",2026,2,"Washington","Utah State","Caesars",-26.5,55.5,"2026-09-08T04:14:02Z","2026-09-08T04:16:22Z"
"401862705",2026,2,"North Texas","UNLV","FanDuel",3.5,57.5,"2026-09-08T04:16:01Z","2026-09-08T04:16:22Z"
"401862705",2026,2,"North Texas","UNLV","DraftKings",3.5,57.5,"2026-09-08T04:16:01Z","2026-09-08T04:16:22Z"
"401862705",2026,2,"North Texas","UNLV","Caesars",3.5,57.5,"2026-09-08T04:14:02Z","2026-09-08T04:16:22Z"
"401868326",2026,2,"Troy","Alabama State","FanDuel",-22.5,52.5,"2026-09-08T04:16:01Z","2026-09-08T04:16:22Z"
"401865252",2026,2,"New Mexico","Mercyhurst","FanDuel",-41.5,52.5,"2026-09-08T04:16:01Z","2026-09-08T04:16:22Z"
"401864506",2026,2,"Wyoming","Northern Colorado","FanDuel",-23.5,49.5,"2026-09-08T04:16:01Z","2026-09-08T04:16:22Z"
"401856684",2026,2,"Vanderbilt","Delaware","FanDuel",-20.5,54.5,"2026-09-08T04:16:01Z","2026-09-08T04:16:22Z"
"401856684",2026,2,"Vanderbilt","Delaware","DraftKings",-20.5,53.5,"2026-09-08T04:16:01Z","2026-09-08T04:16:22Z"
"401856684",2026,2,"Vanderbilt","Delaware","Caesars",-20.5,54.5,"2026-09-08T04:14:02Z","2026-09-08T04:16:22Z"
"401856672",2026,2,"Florida","Campbell","FanDuel",-49.5,67.5,"2026-09-08T04:16:01Z","2026-09-08T04:16:22Z"
"401860881",2026,2,"Boise State","Memphis","DraftKings",-8.5,54.5,"2026-09-08T04:16:01Z","2026-09-08T04:16:22Z"
"401860881",2026,2,"Boise State","Memphis","FanDuel",-7.5,53.5,"2026-09-08T04:16:01Z","2026-09-08T04:16:22Z"
"401860881",2026,2,"Boise State","Memphis","Caesars",-8.5,54.5,"2026-09-08T04:14:02Z","2026-09-08T04:16:22Z"
"401866414",2026,2,"Florida International","Buffalo","FanDuel",-10.5,47.5,"2026-09-08T04:16:01Z","2026-09-08T04:16:22Z"
"401866414",2026,2,"Florida International","Buffalo","DraftKings",-10.5,47.5,"2026-09-08T04:16:01Z","2026-09-08T04:16:22Z"
"401866414",2026,2,"Florida International","Buffalo","Caesars",-10.5,47.5,"2026-09-08T04:14:02Z","2026-09-08T04:16:22Z"
"401868187",2026,2,"Liberty","Gardner-Webb","FanDuel",-27.5,54.5,"2026-09-08T04:16:01Z","2026-09-08T04:16:22Z"
"401866418",2026,2,"Ohio","Jacksonville State","FanDuel",-2.5,51.5,"2026-09-08T04:16:01Z","2026-09-08T04:16:22Z"
"401866418",2026,2,"Ohio","Jacksonville State","DraftKings",-2.5,51.5,"2026-09-08T04:16:01Z","2026-09-08T04:16:22Z"
"401866418",2026,2,"Ohio","Jacksonville State","Caesars",-2.5,51.5,"2026-09-08T04:14:02Z","2026-09-08T04:16:22Z"
"401866421",2026,2,"Western Michigan","Monmouth","FanDuel",-24.5,53.5,"2026-09-08T04:16:01Z","2026-09-08T04:16:22Z"
"401858441",2026,2,"Nebraska","Bowling Green","FanDuel",-28.5,51.5,"2026-09-08T04:16:01Z","2026-09-08T04:16:22Z"
"401858441",2026,2,"Nebraska","Bowling Green","DraftKings",-28.5,51.5,"2026-09-08T04:16:01Z","2026-09-08T04:16:22Z"
"401858441",2026,2,"Nebraska","Bowling Green","Caesars",-28.5,51.5,"2026-09-08T04:14:02Z","2026-09-08T04:16:22Z"
"401856786",2026,2,"Cincinnati","Western Carolina","FanDuel",-36.5,60.5,"2026-09-08T04:16:01Z","2026-09-08T04:16:22Z"
"401860882",2026,2,"Colorado State","Southern Utah","FanDuel",-20.5,57.5,"2026-09-08T04:16:01Z","2026-09-08T04:16:22Z"
"401869955",2026,2,"Kennesaw State","Georgia State","DraftKings",-9.5,54.5,"2026-09-08T04:16:01Z","2026-09-08T04:16:22Z"
"401869955",2026,2,"Kennesaw State","Georgia State","Caesars",-9,54.5,"2026-09-08T04:14:02Z","2026-09-08T04:16:22Z"
"401869955",2026,2,"Kennesaw State","Georgia State","FanDuel",-8.5,54.5,"2026-09-08T04:16:01Z","2026-09-08T04:16:22Z"
"401856681",2026,2,"Georgia Tech","Tennessee","DraftKings",12.5,55.5,"2026-09-08T04:16:01Z","2026-09-08T04:16:22Z"
"401856681",2026,2,"Georgia Tech","Tennessee","FanDuel",12.5,55.5,"2026-09-08T04:16:01Z","2026-09-08T04:16:22Z"
"401856681",2026,2,"Georgia Tech","Tennessee","Caesars",12.5,55.5,"2026-09-08T04:14:02Z","2026-09-08T04:16:22Z"
"401856787",2026,2,"Houston","Southern","FanDuel",-50.5,60.5,"2026-09-08T04:16:01Z","2026-09-08T04:16:22Z"
"401864503",2026,2,"Northern Illinois","Illinois State","FanDuel",3.5,46.5,"2026-09-08T04:16:01Z","2026-09-08T04:16:22Z"
"401871046",2026,2,"Missouri State","Lindenwood","FanDuel",-21.5,53.5,"2026-09-08T04:16:01Z","2026-09-08T04:16:22Z"
"401871045",2026,2,"Marshall","Middle Tennessee","DraftKings",-14,58.5,"2026-09-08T04:16:01Z","2026-09-08T04:16:22Z"
"401871045",2026,2,"Marshall","Middle Tennessee","Caesars",-14,58.5,"2026-09-08T04:14:02Z","2026-09-08T04:16:22Z"
"401871045",2026,2,"Marshall","Middle Tennessee","FanDuel",-14.5,58.5,"2026-09-08T04:16:01Z","2026-09-08T04:16:22Z"
"401862707",2026,2,"Sam Houston","Tulsa","FanDuel",13.5,51.5,"2026-09-08T04:16:01Z","2026-09-08T04:16:22Z"
"401862707",2026,2,"Sam Houston","Tulsa","DraftKings",13.5,51.5,"2026-09-08T04:16:01Z","2026-09-08T04:16:22Z"
"401862707",2026,2,"Sam Houston","Tulsa","Caesars",13.5,51.5,"2026-09-08T04:14:02Z","2026-09-08T04:16:22Z"
"401864575",2026,2,"Tulane","South Alabama","DraftKings",-9.5,49.5,"2026-09-08T04:16:01Z","2026-09-08T04:16:22Z"
"401864575",2026,2,"Tulane","South Alabama","FanDuel",-9.5,49.5,"2026-09-08T04:16:01Z","2026-09-08T04:16:22Z"
"401864575",2026,2,"Tulane","South Alabama","Caesars",-9.5,49.5,"2026-09-08T04:14:02Z","2026-09-08T04:16:22Z"
"401856680",2026,2,"South Carolina","Towson","FanDuel",-42.5,55.5,"2026-09-08T04:16:01Z","2026-09-08T04:16:22Z"
"401858443",2026,2,"UCLA","San Diego State","DraftKings",-11.5,53.5,"2026-09-08T04:16:01Z","2026-09-08T04:16:22Z"
"401858443",2026,2,"UCLA","San Diego State","FanDuel",-12.5,53.5,"2026-09-08T04:16:01Z","2026-09-08T04:16:22Z"
"401858443",2026,2,"UCLA","San Diego State","Caesars",-12,53.5,"2026-09-08T04:14:02Z","2026-09-08T04:16:22Z"
"401858447",2026,2,"Wisconsin","Western Illinois","FanDuel",-36.5,49.5,"2026-09-08T04:16:01Z","2026-09-08T04:16:22Z"
"401858219",2026,2,"Clemson","Georgia Southern","DraftKings",-20.5,55.5,"2026-09-08T04:16:01Z","2026-09-08T04:16:22Z"
"401858219",2026,2,"Clemson","Georgia Southern","Caesars",-20.5,55.5,"2026-09-08T04:14:02Z","2026-09-08T04:16:22Z"
"401858219",2026,2,"Clemson","Georgia Southern","FanDuel",-20.5,55.5,"2026-09-08T04:16:01Z","2026-09-08T04:16:22Z"
"401868008",2026,2,"Coastal Carolina","Fordham","FanDuel",-31.5,53.5,"2026-09-08T04:16:01Z","2026-09-08T04:16:22Z"
"401862703",2026,2,"Florida Atlantic","Navy","DraftKings",4.5,59.5,"2026-09-08T04:16:01Z","2026-09-08T04:16:22Z"
"401862703",2026,2,"Florida Atlantic","Navy","Caesars",4.5,59.5,"2026-09-08T04:14:02Z","2026-09-08T04:16:22Z"
"401862703",2026,2,"Florida Atlantic","Navy","FanDuel",4.5,59.5,"2026-09-08T04:16:01Z","2026-09-08T04:16:22Z"
"401856788",2026,2,"Iowa","Iowa State","FanDuel",-14.5,40.5,"2026-09-08T04:16:01Z","2026-09-08T04:16:22Z"
"401856788",2026,2,"Iowa","Iowa State","DraftKings",-14.5,41.5,"2026-09-08T04:16:01Z","2026-09-08T04:16:22Z"
"401856788",2026,2,"Iowa","Iowa State","Caesars",-14.5,41.5,"2026-09-08T04:14:02Z","2026-09-08T04:16:22Z"
"401867796",2026,2,"LSU","Louisiana Tech","DraftKings",-35.5,55.5,"2026-09-08T04:16:01Z","2026-09-08T04:16:22Z"
"401867796",2026,2,"LSU","Louisiana Tech","Caesars",-35.5,55.5,"2026-09-08T04:14:02Z","2026-09-08T04:16:22Z"
"401867796",2026,2,"LSU","Louisiana Tech","FanDuel",-34.5,56.5,"2026-09-08T04:16:01Z","2026-09-08T04:16:22Z"
"401856682",2026,2,"Texas","Ohio State","FanDuel",-1.5,48.5,"2026-09-08T04:16:01Z","2026-09-08T04:16:22Z"
"401856682",2026,2,"Texas","Ohio State","Caesars",-1.5,48.5,"2026-09-08T04:14:02Z","2026-09-08T04:16:22Z"
"401856682",2026,2,"Texas","Ohio State","DraftKings",-1.5,48.5,"2026-09-08T04:16:01Z","2026-09-08T04:16:22Z"
"401856783",2026,2,"Oregon State","Texas Tech","FanDuel",26.5,52.5,"2026-09-08T04:16:01Z","2026-09-08T04:16:22Z"
"401856783",2026,2,"Oregon State","Texas Tech","DraftKings",26.5,51.5,"2026-09-08T04:16:01Z","2026-09-08T04:16:22Z"
"401856783",2026,2,"Oregon State","Texas Tech","Caesars",26.5,51.5,"2026-09-08T04:14:02Z","2026-09-08T04:16:22Z"
"401856671",2026,2,"Auburn","Southern Miss","DraftKings",-33.5,54.5,"2026-09-08T04:16:01Z","2026-09-08T04:16:22Z"
"401856671",2026,2,"Auburn","Southern Miss","Caesars",-33.5,54.5,"2026-09-08T04:14:02Z","2026-09-08T04:16:22Z"
"401856671",2026,2,"Auburn","Southern Miss","FanDuel",-31.5,54.5,"2026-09-08T04:16:01Z","2026-09-08T04:16:22Z"
"401856676",2026,2,"Ole Miss","Charlotte","DraftKings",-47.5,61.5,"2026-09-08T04:16:01Z","2026-09-08T04:16:22Z"
"401856676",2026,2,"Ole Miss","Charlotte","Caesars",-47.5,61.5,"2026-09-08T04:14:02Z","2026-09-08T04:16:22Z"
"401856676",2026,2,"Ole Miss","Charlotte","FanDuel",-47.5,61.5,"2026-09-08T04:16:01Z","2026-09-08T04:16:22Z"
"401856784",2026,2,"Baylor","Prairie View A&M","FanDuel",-38.5,55.5,"2026-09-08T04:16:01Z","2026-09-08T04:16:22Z"
"401856789",2026,2,"TCU","Grambling","FanDuel",-44.5,54.5,"2026-09-08T04:16:01Z","2026-09-08T04:16:22Z"
"401864505",2026,2,"UTEP","Texas Southern","FanDuel",-27.5,53.5,"2026-09-08T04:16:01Z","2026-09-08T04:16:22Z"
"401864502",2026,2,"Air Force","North Dakota State","DraftKings",2.5,47.5,"2026-09-08T04:16:01Z","2026-09-08T04:16:22Z"
"401864502",2026,2,"Air Force","North Dakota State","Caesars",2.5,47.5,"2026-09-08T04:14:02Z","2026-09-08T04:16:22Z"
"401864502",2026,2,"Air Force","North Dakota State","FanDuel",2.5,47.5,"2026-09-08T04:16:01Z","2026-09-08T04:16:22Z"
"401856670",2026,2,"Utah","Arkansas","DraftKings",-12.5,56.5,"2026-09-08T04:16:01Z","2026-09-08T04:16:22Z"
"401856670",2026,2,"Utah","Arkansas","FanDuel",-12.5,56.5,"2026-09-08T04:16:01Z","2026-09-08T04:16:22Z"
"401856670",2026,2,"Utah","Arkansas","Caesars",-12.5,56.5,"2026-09-08T04:14:02Z","2026-09-08T04:16:22Z"
"401860883",2026,2,"Fresno State","Sacramento State","DraftKings",-18.5,45.5,"2026-09-08T04:16:01Z","2026-09-08T04:16:22Z"
"401860883",2026,2,"Fresno State","Sacramento State","Caesars",-18.5,45.5,"2026-09-08T04:14:02Z","2026-09-08T04:16:22Z"
"401860883",2026,2,"Fresno State","Sacramento State","FanDuel",-18.5,45.5,"2026-09-08T04:16:01Z","2026-09-08T04:16:22Z"
"401864500",2026,2,"Nevada","Montana State","FanDuel",4.5,50.5,"2026-09-08T04:16:01Z","2026-09-08T04:16:22Z"
"401858445",2026,2,"USC","Louisiana","DraftKings",-31.5,60.5,"2026-09-08T04:16:01Z","2026-09-08T04:16:22Z"
"401858445",2026,2,"USC","Louisiana","Caesars",-31.5,60.5,"2026-09-08T04:14:02Z","2026-09-08T04:16:22Z"
"401858445",2026,2,"USC","Louisiana","FanDuel",-30.5,60.5,"2026-09-08T04:16:01Z","2026-09-08T04:16:22Z"
"401858212",2026,1,"Florida State","SMU","DraftKings",2.5,54.5,"2026-09-08T04:16:01Z","2026-09-08T04:16:22Z"
"401858212",2026,1,"Florida State","SMU","Caesars",2.5,55.5,"2026-09-08T04:14:02Z","2026-09-08T04:16:22Z"
"401858212",2026,1,"Florida State","SMU","FanDuel",3.5,54.5,"2026-09-08T04:16:01Z","2026-09-08T04:16:22Z"
"401858218",2026,2,"North Carolina","East Tennessee State","DraftKings",-34.5,54.5,"2026-09-10T15:03:16Z","2026-09-10T15:04:10Z"
"401858218",2026,2,"North Carolina","East Tennessee State","Caesars",-34.5,NA,"2026-09-10T14:58:38Z","2026-09-10T15:04:10Z"
"401858439",2026,2,"Indiana","Howard","DraftKings",-56.5,64.5,"2026-09-10T15:03:16Z","2026-09-10T15:04:10Z"
"401858439",2026,2,"Indiana","Howard","Caesars",-56.5,65.5,"2026-09-10T14:58:38Z","2026-09-10T15:04:10Z"
"401866416",2026,2,"Kent State","Wofford","DraftKings",-11.5,47.5,"2026-09-10T15:03:16Z","2026-09-10T15:04:10Z"
"401866416",2026,2,"Kent State","Wofford","Caesars",-11.5,47.5,"2026-09-10T14:58:38Z","2026-09-10T15:04:10Z"
"401866415",2026,2,"Central Michigan","Colgate","DraftKings",-23.5,49.5,"2026-09-10T15:03:16Z","2026-09-10T15:04:10Z"
"401866415",2026,2,"Central Michigan","Colgate","Caesars",-23.5,49.5,"2026-09-10T14:58:38Z","2026-09-10T15:04:10Z"
"401866417",2026,2,"Miami (OH)","Holy Cross","DraftKings",-30.5,49.5,"2026-09-10T15:03:16Z","2026-09-10T15:04:10Z"
"401866417",2026,2,"Miami (OH)","Holy Cross","Caesars",-30.5,49.5,"2026-09-10T14:58:38Z","2026-09-10T15:04:10Z"
"401856791",2026,2,"West Virginia","UT Martin","DraftKings",-41.5,55.5,"2026-09-10T15:03:16Z","2026-09-10T15:04:10Z"
"401856791",2026,2,"West Virginia","UT Martin","Caesars",-41.5,55.5,"2026-09-10T14:58:38Z","2026-09-10T15:04:10Z"
"401866413",2026,2,"Ball State","Stony Brook","DraftKings",-14.5,57.5,"2026-09-10T15:03:16Z","2026-09-10T15:04:10Z"
"401866413",2026,2,"Ball State","Stony Brook","Caesars",-14.5,57.5,"2026-09-10T14:58:38Z","2026-09-10T15:04:10Z"
"401866412",2026,2,"Akron","Robert Morris","DraftKings",-27.5,41.5,"2026-09-10T15:03:16Z","2026-09-10T15:04:10Z"
"401866412",2026,2,"Akron","Robert Morris","Caesars",-27.5,41.5,"2026-09-10T14:58:38Z","2026-09-10T15:04:10Z"
"401866419",2026,2,"Toledo","Central Connecticut","DraftKings",-33.5,55.5,"2026-09-10T15:03:16Z","2026-09-10T15:04:10Z"
"401866419",2026,2,"Toledo","Central Connecticut","Caesars",-33.5,55.5,"2026-09-10T14:58:38Z","2026-09-10T15:04:10Z"
"401856785",2026,2,"Colorado","Weber State","DraftKings",-33.5,53.5,"2026-09-10T15:03:16Z","2026-09-10T15:04:10Z"
"401856785",2026,2,"Colorado","Weber State","Caesars",-33.5,53.5,"2026-09-10T14:58:38Z","2026-09-10T15:04:10Z"
"401867929",2026,2,"James Madison","Wagner","DraftKings",-45.5,54.5,"2026-09-10T15:03:16Z","2026-09-10T15:04:10Z"
"401867929",2026,2,"James Madison","Wagner","Caesars",-45.5,55.5,"2026-09-10T14:58:38Z","2026-09-10T15:04:10Z"
"401868326",2026,2,"Troy","Alabama State","DraftKings",-22.5,51.5,"2026-09-10T15:03:16Z","2026-09-10T15:04:10Z"
"401868326",2026,2,"Troy","Alabama State","Caesars",-22.5,51.5,"2026-09-10T14:58:38Z","2026-09-10T15:04:10Z"
"401865252",2026,2,"New Mexico","Mercyhurst","DraftKings",-40.5,51.5,"2026-09-10T15:03:16Z","2026-09-10T15:04:10Z"
"401865252",2026,2,"New Mexico","Mercyhurst","Caesars",-40.5,52.5,"2026-09-10T14:58:38Z","2026-09-10T15:04:10Z"
"401864506",2026,2,"Wyoming","Northern Colorado","DraftKings",-22.5,47.5,"2026-09-10T15:03:16Z","2026-09-10T15:04:10Z"
"401864506",2026,2,"Wyoming","Northern Colorado","Caesars",-22.5,47.5,"2026-09-10T14:58:38Z","2026-09-10T15:04:10Z"
"401858223",2026,2,"SMU","UC Davis","DraftKings",-25.5,58.5,"2026-09-10T15:03:16Z","2026-09-10T15:04:10Z"
"401858223",2026,2,"SMU","UC Davis","Caesars",-25.5,58.5,"2026-09-10T14:58:38Z","2026-09-10T15:04:10Z"
"401858223",2026,2,"SMU","UC Davis","FanDuel",-26.5,58.5,"2026-09-10T15:04:06Z","2026-09-10T15:04:10Z"
"401856672",2026,2,"Florida","Campbell","DraftKings",-49.5,65.5,"2026-09-10T15:03:16Z","2026-09-10T15:04:10Z"
"401856672",2026,2,"Florida","Campbell","Caesars",-49.5,66.5,"2026-09-10T14:58:38Z","2026-09-10T15:04:10Z"
"401868187",2026,2,"Liberty","Gardner-Webb","DraftKings",-26.5,55.5,"2026-09-10T15:03:16Z","2026-09-10T15:04:10Z"
"401868187",2026,2,"Liberty","Gardner-Webb","Caesars",-26.5,54.5,"2026-09-10T14:58:38Z","2026-09-10T15:04:10Z"
"401866421",2026,2,"Western Michigan","Monmouth","DraftKings",-25.5,52.5,"2026-09-10T15:03:16Z","2026-09-10T15:04:10Z"
"401866421",2026,2,"Western Michigan","Monmouth","Caesars",-25.5,52.5,"2026-09-10T14:58:38Z","2026-09-10T15:04:10Z"
"401868241",2026,2,"Arkansas State","West Georgia","FanDuel",-28.5,56.5,"2026-09-10T15:04:06Z","2026-09-10T15:04:10Z"
"401856786",2026,2,"Cincinnati","Western Carolina","DraftKings",-36.5,60.5,"2026-09-10T15:03:16Z","2026-09-10T15:04:10Z"
"401856786",2026,2,"Cincinnati","Western Carolina","Caesars",-36.5,60.5,"2026-09-10T14:58:38Z","2026-09-10T15:04:10Z"
"401860882",2026,2,"Colorado State","Southern Utah","DraftKings",-20.5,56.5,"2026-09-10T15:03:16Z","2026-09-10T15:04:10Z"
"401860882",2026,2,"Colorado State","Southern Utah","Caesars",-20.5,57.5,"2026-09-10T14:58:38Z","2026-09-10T15:04:10Z"
"401856787",2026,2,"Houston","Southern","DraftKings",-51.5,60.5,"2026-09-10T15:03:16Z","2026-09-10T15:04:10Z"
"401856787",2026,2,"Houston","Southern","Caesars",-51.5,60.5,"2026-09-10T14:58:38Z","2026-09-10T15:04:10Z"
"401864503",2026,2,"Northern Illinois","Illinois State","DraftKings",4.5,48.5,"2026-09-10T15:03:16Z","2026-09-10T15:04:10Z"
"401864503",2026,2,"Northern Illinois","Illinois State","Caesars",4.5,48.5,"2026-09-10T14:58:38Z","2026-09-10T15:04:10Z"
"401871046",2026,2,"Missouri State","Lindenwood","DraftKings",-19.5,52.5,"2026-09-10T15:03:16Z","2026-09-10T15:04:10Z"
"401871046",2026,2,"Missouri State","Lindenwood","Caesars",-19.5,52.5,"2026-09-10T14:58:38Z","2026-09-10T15:04:10Z"
"401856680",2026,2,"South Carolina","Towson","DraftKings",-43.5,54.5,"2026-09-10T15:03:16Z","2026-09-10T15:04:10Z"
"401856680",2026,2,"South Carolina","Towson","Caesars",-43.5,55.5,"2026-09-10T14:58:38Z","2026-09-10T15:04:10Z"
"401858447",2026,2,"Wisconsin","Western Illinois","DraftKings",-38.5,48.5,"2026-09-10T15:03:16Z","2026-09-10T15:04:10Z"
"401858447",2026,2,"Wisconsin","Western Illinois","Caesars",-38.5,48.5,"2026-09-10T14:58:38Z","2026-09-10T15:04:10Z"
"401868008",2026,2,"Coastal Carolina","Fordham","DraftKings",-33.5,52.5,"2026-09-10T15:03:16Z","2026-09-10T15:04:10Z"
"401868008",2026,2,"Coastal Carolina","Fordham","Caesars",-33.5,52.5,"2026-09-10T14:58:38Z","2026-09-10T15:04:10Z"
"401856784",2026,2,"Baylor","Prairie View A&M","DraftKings",-38.5,56.5,"2026-09-10T15:03:16Z","2026-09-10T15:04:10Z"
"401856784",2026,2,"Baylor","Prairie View A&M","Caesars",-38.5,55.5,"2026-09-10T14:58:38Z","2026-09-10T15:04:10Z"
"401856789",2026,2,"TCU","Grambling","DraftKings",-43.5,54.5,"2026-09-10T15:03:16Z","2026-09-10T15:04:10Z"
"401856789",2026,2,"TCU","Grambling","Caesars",-43.5,54.5,"2026-09-10T14:58:38Z","2026-09-10T15:04:10Z"
"401864505",2026,2,"UTEP","Texas Southern","DraftKings",-25.5,52.5,"2026-09-10T15:03:16Z","2026-09-10T15:04:10Z"
"401864505",2026,2,"UTEP","Texas Southern","Caesars",-25.5,53.5,"2026-09-10T14:58:38Z","2026-09-10T15:04:10Z"
"401864500",2026,2,"Nevada","Montana State","DraftKings",3.5,49.5,"2026-09-10T15:03:16Z","2026-09-10T15:04:10Z"
"401864500",2026,2,"Nevada","Montana State","Caesars",3.5,49.5,"2026-09-10T14:58:38Z","2026-09-10T15:04:10Z"
"401858225",2026,3,"Pittsburgh","Syracuse","DraftKings",-10.5,59.5,"2026-09-10T15:03:16Z","2026-09-10T15:04:10Z"
"401858226",2026,3,"Wake Forest","Miami","DraftKings",19.5,51.5,"2026-09-10T15:03:16Z","2026-09-10T15:04:10Z"
"401856686",2026,3,"Arkansas","Georgia","DraftKings",17.5,52.5,"2026-09-10T15:03:16Z","2026-09-10T15:04:10Z"
"401858229",2026,3,"Clemson","North Carolina","DraftKings",-9.5,44.5,"2026-09-10T15:03:16Z","2026-09-10T15:04:10Z"
"401856685",2026,3,"Alabama","Florida State","DraftKings",-17.5,50.5,"2026-09-10T15:03:17Z","2026-09-10T15:04:10Z"
"401858230",2026,3,"Louisville","SMU","DraftKings",-1.5,58.5,"2026-09-10T15:03:16Z","2026-09-10T15:04:10Z"
"401856691",2026,3,"South Carolina","Mississippi State","DraftKings",-7.5,54.5,"2026-09-10T15:03:17Z","2026-09-10T15:04:10Z"
"401856687",2026,3,"Auburn","Florida","DraftKings",2.5,49.5,"2026-09-10T15:03:17Z","2026-09-10T15:04:10Z"
"401856688",2026,3,"Ole Miss","LSU","DraftKings",2.5,58.5,"2026-09-10T15:03:17Z","2026-09-10T15:04:10Z"
"401858232",2026,3,"Maryland","Virginia Tech","DraftKings",1.5,53.5,"2026-09-10T15:03:17Z","2026-09-10T15:04:10Z"
"401856811",2026,3,"Texas Tech","Houston","DraftKings",-14,51.5,"2026-09-10T15:03:17Z","2026-09-10T15:04:10Z"
"401858225",2026,3,"Pittsburgh","Syracuse","FanDuel",-10.5,51.5,"2026-09-14T14:31:27Z","2026-09-14T14:31:48Z"
"401858225",2026,3,"Pittsburgh","Syracuse","Caesars",-10.5,51.5,"2026-09-14T14:31:28Z","2026-09-14T14:31:48Z"
"401858226",2026,3,"Wake Forest","Miami","FanDuel",20.5,55.5,"2026-09-14T14:31:27Z","2026-09-14T14:31:48Z"
"401858226",2026,3,"Wake Forest","Miami","Caesars",20.5,55.5,"2026-09-14T14:31:28Z","2026-09-14T14:31:48Z"
"401856811",2026,3,"Texas Tech","Houston","FanDuel",-8.5,53.5,"2026-09-14T14:31:27Z","2026-09-14T14:31:48Z"
"401856811",2026,3,"Texas Tech","Houston","Caesars",-7.5,53.5,"2026-09-14T14:31:28Z","2026-09-14T14:31:48Z"
"401858455",2026,3,"Oregon","Portland State","FanDuel",-58.5,65.5,"2026-09-14T14:31:27Z","2026-09-14T14:31:48Z"
"401869940",2026,3,"Delaware","Coastal Carolina","FanDuel",-5.5,57.5,"2026-09-14T14:31:27Z","2026-09-14T14:31:48Z"
"401869940",2026,3,"Delaware","Coastal Carolina","DraftKings",-5.5,57.5,"2026-09-14T14:31:00Z","2026-09-14T14:31:48Z"
"401858451",2026,3,"Minnesota","Akron","FanDuel",-24.5,49.5,"2026-09-14T14:31:27Z","2026-09-14T14:31:48Z"
"401858451",2026,3,"Minnesota","Akron","DraftKings",-24.5,48.5,"2026-09-14T14:31:00Z","2026-09-14T14:31:48Z"
"401856686",2026,3,"Arkansas","Georgia","FanDuel",24.5,54.5,"2026-09-14T14:31:27Z","2026-09-14T14:31:48Z"
"401856686",2026,3,"Arkansas","Georgia","Caesars",25.5,54.5,"2026-09-14T14:31:28Z","2026-09-14T14:31:48Z"
"401856798",2026,3,"Iowa State","Bowling Green","FanDuel",-23.5,45.5,"2026-09-14T14:31:27Z","2026-09-14T14:31:48Z"
"401856798",2026,3,"Iowa State","Bowling Green","DraftKings",-23.5,45.5,"2026-09-14T14:31:00Z","2026-09-14T14:31:48Z"
"401856798",2026,3,"Iowa State","Bowling Green","Caesars",-23.5,45.5,"2026-09-14T14:31:28Z","2026-09-14T14:31:48Z"
"401858456",2026,3,"Penn State","Buffalo","FanDuel",-39.5,47.5,"2026-09-14T14:31:27Z","2026-09-14T14:31:48Z"
"401858456",2026,3,"Penn State","Buffalo","DraftKings",-38.5,47.5,"2026-09-14T14:31:00Z","2026-09-14T14:31:48Z"
"401858456",2026,3,"Penn State","Buffalo","Caesars",-38.5,47.5,"2026-09-14T14:31:28Z","2026-09-14T14:31:48Z"
"401858229",2026,3,"Clemson","North Carolina","FanDuel",-3.5,44.5,"2026-09-14T14:31:27Z","2026-09-14T14:31:48Z"
"401858229",2026,3,"Clemson","North Carolina","Caesars",-3,44.5,"2026-09-14T14:31:28Z","2026-09-14T14:31:48Z"
"401858228",2026,3,"Georgia Tech","Mercer","FanDuel",-41.5,60.5,"2026-09-14T14:31:27Z","2026-09-14T14:31:48Z"
"401856792",2026,3,"Kansas State","Tulane","FanDuel",-19.5,49.5,"2026-09-14T14:31:27Z","2026-09-14T14:31:48Z"
"401856792",2026,3,"Kansas State","Tulane","DraftKings",-20.5,49.5,"2026-09-14T14:31:00Z","2026-09-14T14:31:48Z"
"401856792",2026,3,"Kansas State","Tulane","Caesars",-19.5,49.5,"2026-09-14T14:31:28Z","2026-09-14T14:31:48Z"
"401858454",2026,3,"Ohio State","Kent State","DraftKings",-52.5,58.5,"2026-09-14T14:31:00Z","2026-09-14T14:31:48Z"
"401858454",2026,3,"Ohio State","Kent State","Caesars",-52.5,58.5,"2026-09-14T14:31:28Z","2026-09-14T14:31:48Z"
"401858454",2026,3,"Ohio State","Kent State","FanDuel",-52.5,57.5,"2026-09-14T14:31:27Z","2026-09-14T14:31:48Z"
"401860889",2026,3,"Texas State","North Texas","FanDuel",-2.5,63.5,"2026-09-14T14:31:27Z","2026-09-14T14:31:48Z"
"401860889",2026,3,"Texas State","North Texas","DraftKings",-3,63.5,"2026-09-14T14:31:00Z","2026-09-14T14:31:48Z"
"401858460",2026,3,"Wisconsin","Eastern Michigan","FanDuel",-23.5,45.5,"2026-09-14T14:31:27Z","2026-09-14T14:31:48Z"
"401858460",2026,3,"Wisconsin","Eastern Michigan","DraftKings",-24.5,45.5,"2026-09-14T14:31:00Z","2026-09-14T14:31:48Z"
"401858460",2026,3,"Wisconsin","Eastern Michigan","Caesars",-24.5,45.5,"2026-09-14T14:31:28Z","2026-09-14T14:31:48Z"
"401856695",2026,3,"Vanderbilt","NC State","FanDuel",-3.5,52.5,"2026-09-14T14:31:27Z","2026-09-14T14:31:48Z"
"401856695",2026,3,"Vanderbilt","NC State","DraftKings",-3.5,52.5,"2026-09-14T14:31:00Z","2026-09-14T14:31:48Z"
"401856695",2026,3,"Vanderbilt","NC State","Caesars",-3.5,52.5,"2026-09-14T14:31:28Z","2026-09-14T14:31:48Z"
"401864508",2026,3,"Central Michigan","Wyoming","FanDuel",-1.5,39.5,"2026-09-14T14:31:27Z","2026-09-14T14:31:48Z"
"401864508",2026,3,"Central Michigan","Wyoming","DraftKings",-1.5,39.5,"2026-09-14T14:31:00Z","2026-09-14T14:31:48Z"
"401858227",2026,3,"Boston College","Maine","FanDuel",-39.5,52.5,"2026-09-14T14:31:27Z","2026-09-14T14:31:48Z"
"401858448",2026,3,"Illinois","Southern Illinois","FanDuel",-41.5,53.5,"2026-09-14T14:31:27Z","2026-09-14T14:31:48Z"
"401862774",2026,3,"Toledo","Temple","FanDuel",-5.5,50.5,"2026-09-14T14:31:27Z","2026-09-14T14:31:48Z"
"401862774",2026,3,"Toledo","Temple","DraftKings",-5.5,51.5,"2026-09-14T14:31:00Z","2026-09-14T14:31:48Z"
"401856685",2026,3,"Alabama","Florida State","FanDuel",-20.5,49.5,"2026-09-14T14:31:27Z","2026-09-14T14:31:48Z"
"401856685",2026,3,"Alabama","Florida State","Caesars",-20.5,49.5,"2026-09-14T14:31:28Z","2026-09-14T14:31:48Z"
"401856797",2026,3,"Cincinnati","Miami (OH)","FanDuel",-14.5,50.5,"2026-09-14T14:31:27Z","2026-09-14T14:31:48Z"
"401856797",2026,3,"Cincinnati","Miami (OH)","DraftKings",-14.5,51.5,"2026-09-14T14:31:00Z","2026-09-14T14:31:48Z"
"401856797",2026,3,"Cincinnati","Miami (OH)","Caesars",-14.5,50.5,"2026-09-14T14:31:28Z","2026-09-14T14:31:48Z"
"401860890",2026,3,"Washington State","Duquesne","FanDuel",-35.5,52.5,"2026-09-14T14:31:27Z","2026-09-14T14:31:48Z"
"401856694",2026,3,"Texas A&M","Kentucky","FanDuel",-16.5,48.5,"2026-09-14T14:31:27Z","2026-09-14T14:31:48Z"
"401856694",2026,3,"Texas A&M","Kentucky","DraftKings",-16.5,49.5,"2026-09-14T14:31:00Z","2026-09-14T14:31:48Z"
"401856694",2026,3,"Texas A&M","Kentucky","Caesars",-17,49.5,"2026-09-14T14:31:28Z","2026-09-14T14:31:48Z"
"401858230",2026,3,"Louisville","SMU","FanDuel",-2.5,59.5,"2026-09-14T14:31:27Z","2026-09-14T14:31:48Z"
"401858230",2026,3,"Louisville","SMU","Caesars",-1.5,59.5,"2026-09-14T14:31:28Z","2026-09-14T14:31:48Z"
"401858450",2026,3,"Michigan","UTEP","FanDuel",-35.5,48.5,"2026-09-14T14:31:27Z","2026-09-14T14:31:48Z"
"401858450",2026,3,"Michigan","UTEP","DraftKings",-35.5,48.5,"2026-09-14T14:31:00Z","2026-09-14T14:31:48Z"
"401858457",2026,3,"Rutgers","USC","FanDuel",24.5,59.5,"2026-09-14T14:31:27Z","2026-09-14T14:31:48Z"
"401858457",2026,3,"Rutgers","USC","DraftKings",24.5,59.5,"2026-09-14T14:31:00Z","2026-09-14T14:31:48Z"
"401858457",2026,3,"Rutgers","USC","Caesars",24.5,59.5,"2026-09-14T14:31:28Z","2026-09-14T14:31:48Z"
"401856801",2026,3,"Utah","Utah State","FanDuel",-28.5,56.5,"2026-09-14T14:31:27Z","2026-09-14T14:31:48Z"
"401856801",2026,3,"Utah","Utah State","DraftKings",-28.5,56.5,"2026-09-14T14:31:00Z","2026-09-14T14:31:48Z"
"401856801",2026,3,"Utah","Utah State","Caesars",-28.5,56.5,"2026-09-14T14:31:28Z","2026-09-14T14:31:48Z"
"401866422",2026,3,"Liberty","Ball State","FanDuel",-14.5,50.5,"2026-09-14T14:31:27Z","2026-09-14T14:31:48Z"
"401866422",2026,3,"Liberty","Ball State","DraftKings",-14,49.5,"2026-09-14T14:31:00Z","2026-09-14T14:31:48Z"
"401867804",2026,3,"Baylor","Louisiana Tech","FanDuel",-17.5,54.5,"2026-09-14T14:31:27Z","2026-09-14T14:31:48Z"
"401867804",2026,3,"Baylor","Louisiana Tech","DraftKings",-17.5,53.5,"2026-09-14T14:31:00Z","2026-09-14T14:31:48Z"
"401858231",2026,3,"Duke","Stanford","FanDuel",-9.5,51.5,"2026-09-14T14:31:27Z","2026-09-14T14:31:48Z"
"401858231",2026,3,"Duke","Stanford","DraftKings",-9.5,51.5,"2026-09-14T14:31:00Z","2026-09-14T14:31:48Z"
"401858231",2026,3,"Duke","Stanford","Caesars",-9.5,51.5,"2026-09-14T14:31:28Z","2026-09-14T14:31:48Z"
"401858449",2026,3,"Indiana","Western Kentucky","DraftKings",-44.5,60.5,"2026-09-14T14:31:00Z","2026-09-14T14:31:48Z"
"401858449",2026,3,"Indiana","Western Kentucky","FanDuel",-44.5,61.5,"2026-09-14T14:31:27Z","2026-09-14T14:31:48Z"
"401858471",2026,3,"Iowa","Northern Iowa","FanDuel",-41.5,48.5,"2026-09-14T14:31:27Z","2026-09-14T14:31:48Z"
"401856691",2026,3,"South Carolina","Mississippi State","FanDuel",-3.5,58.5,"2026-09-14T14:31:27Z","2026-09-14T14:31:48Z"
"401856691",2026,3,"South Carolina","Mississippi State","Caesars",-3.5,58.5,"2026-09-14T14:31:28Z","2026-09-14T14:31:48Z"
"401862710",2026,3,"Old Dominion","East Carolina","DraftKings",-3,49.5,"2026-09-14T14:31:00Z","2026-09-14T14:31:48Z"
"401862710",2026,3,"Old Dominion","East Carolina","FanDuel",-2.5,48.5,"2026-09-14T14:31:27Z","2026-09-14T14:31:48Z"
"401862771",2026,3,"Florida Atlantic","Florida International","FanDuel",-6.5,62.5,"2026-09-14T14:31:27Z","2026-09-14T14:31:48Z"
"401862771",2026,3,"Florida Atlantic","Florida International","DraftKings",-6.5,62.5,"2026-09-14T14:31:00Z","2026-09-14T14:31:48Z"
"401871047",2026,3,"Missouri State","Marshall","DraftKings",3.5,51.5,"2026-09-14T14:31:00Z","2026-09-14T14:31:48Z"
"401871047",2026,3,"Missouri State","Marshall","FanDuel",4.5,51.5,"2026-09-14T14:31:27Z","2026-09-14T14:31:48Z"
"401856687",2026,3,"Auburn","Florida","FanDuel",2.5,52.5,"2026-09-14T14:31:27Z","2026-09-14T14:31:48Z"
"401856687",2026,3,"Auburn","Florida","Caesars",2.5,52.5,"2026-09-14T14:31:28Z","2026-09-14T14:31:48Z"
"401862777",2026,3,"South Florida","Delaware State","FanDuel",-37.5,62.5,"2026-09-14T14:31:27Z","2026-09-14T14:31:48Z"
"401869948",2026,3,"Jacksonville State","Georgia Southern","DraftKings",-3.5,53.5,"2026-09-14T14:31:00Z","2026-09-14T14:31:48Z"
"401869948",2026,3,"Jacksonville State","Georgia Southern","FanDuel",-4.5,53.5,"2026-09-14T14:31:27Z","2026-09-14T14:31:48Z"
"401856800",2026,3,"UCF","Georgia State","FanDuel",-18.5,51.5,"2026-09-14T14:31:27Z","2026-09-14T14:31:48Z"
"401856800",2026,3,"UCF","Georgia State","DraftKings",-18.5,51.5,"2026-09-14T14:31:00Z","2026-09-14T14:31:48Z"
"401862772",2026,3,"Memphis","UT Martin","FanDuel",-35.5,55.5,"2026-09-14T14:31:27Z","2026-09-14T14:31:48Z"
"401864443",2026,3,"Middle Tennessee","Nevada","DraftKings",5.5,51.5,"2026-09-14T14:31:00Z","2026-09-14T14:31:48Z"
"401864443",2026,3,"Middle Tennessee","Nevada","Caesars",5.5,51.5,"2026-09-14T14:31:28Z","2026-09-14T14:31:48Z"
"401864443",2026,3,"Middle Tennessee","Nevada","FanDuel",5.5,51.5,"2026-09-14T14:31:27Z","2026-09-14T14:31:48Z"
"401856689",2026,3,"Missouri","Troy","DraftKings",-27.5,49.5,"2026-09-14T14:31:00Z","2026-09-14T14:31:48Z"
"401856689",2026,3,"Missouri","Troy","FanDuel",-27.5,50.5,"2026-09-14T14:31:27Z","2026-09-14T14:31:48Z"
"401856803",2026,3,"Oklahoma State","Murray State","FanDuel",-57.5,69.5,"2026-09-14T14:31:27Z","2026-09-14T14:31:48Z"
"401870764",2026,3,"Sam Houston","Nicholls","FanDuel",-18.5,50.5,"2026-09-14T14:31:27Z","2026-09-14T14:31:48Z"
"401866423",2026,3,"South Alabama","Ohio","DraftKings",-4.5,52.5,"2026-09-14T14:31:00Z","2026-09-14T14:31:48Z"
"401866423",2026,3,"South Alabama","Ohio","FanDuel",-4.5,51.5,"2026-09-14T14:31:27Z","2026-09-14T14:31:48Z"
"401862773",2026,3,"Rice","Western Michigan","FanDuel",9.5,43.5,"2026-09-14T14:31:27Z","2026-09-14T14:31:48Z"
"401862773",2026,3,"Rice","Western Michigan","DraftKings",9.5,43.5,"2026-09-14T14:31:00Z","2026-09-14T14:31:48Z"
"401861963",2026,3,"Southern Miss","UConn","DraftKings",3.5,55.5,"2026-09-14T14:31:00Z","2026-09-14T14:31:48Z"
"401861963",2026,3,"Southern Miss","UConn","FanDuel",3.5,54.5,"2026-09-14T14:31:27Z","2026-09-14T14:31:48Z"
"401858459",2026,3,"Washington","Eastern Washington","FanDuel",-44.5,56.5,"2026-09-14T14:31:27Z","2026-09-14T14:31:48Z"
"401858452",2026,3,"Nebraska","North Dakota","FanDuel",-24.5,49.5,"2026-09-14T14:31:27Z","2026-09-14T14:31:48Z"
"401856795",2026,3,"Colorado State","BYU","FanDuel",17.5,52.5,"2026-09-14T14:31:27Z","2026-09-14T14:31:48Z"
"401856795",2026,3,"Colorado State","BYU","DraftKings",17.5,52.5,"2026-09-14T14:31:00Z","2026-09-14T14:31:48Z"
"401856795",2026,3,"Colorado State","BYU","Caesars",18,52.5,"2026-09-14T14:31:28Z","2026-09-14T14:31:48Z"
"401856796",2026,3,"Northwestern","Colorado","FanDuel",-3.5,48.5,"2026-09-14T14:31:27Z","2026-09-14T14:31:48Z"
"401856796",2026,3,"Northwestern","Colorado","DraftKings",-4.5,48.5,"2026-09-14T14:31:00Z","2026-09-14T14:31:48Z"
"401856796",2026,3,"Northwestern","Colorado","Caesars",-4.5,48.5,"2026-09-14T14:31:28Z","2026-09-14T14:31:48Z"
"401856688",2026,3,"Ole Miss","LSU","FanDuel",3.5,58.5,"2026-09-14T14:31:27Z","2026-09-14T14:31:48Z"
"401856688",2026,3,"Ole Miss","LSU","Caesars",3,58.5,"2026-09-14T14:31:28Z","2026-09-14T14:31:48Z"
"401858232",2026,3,"Maryland","Virginia Tech","FanDuel",2.5,53.5,"2026-09-14T14:31:27Z","2026-09-14T14:31:48Z"
"401858232",2026,3,"Maryland","Virginia Tech","Caesars",3,53.5,"2026-09-14T14:31:28Z","2026-09-14T14:31:48Z"
"401858453",2026,3,"Notre Dame","Michigan State","FanDuel",-29.5,52.5,"2026-09-14T14:31:27Z","2026-09-14T14:31:48Z"
"401858453",2026,3,"Notre Dame","Michigan State","DraftKings",-29.5,52.5,"2026-09-14T14:31:00Z","2026-09-14T14:31:48Z"
"401858453",2026,3,"Notre Dame","Michigan State","Caesars",-29.5,52.5,"2026-09-14T14:31:28Z","2026-09-14T14:31:48Z"
"401856690",2026,3,"Oklahoma","New Mexico","FanDuel",-22.5,47.5,"2026-09-14T14:31:27Z","2026-09-14T14:31:48Z"
"401856690",2026,3,"Oklahoma","New Mexico","DraftKings",-22.5,47.5,"2026-09-14T14:31:00Z","2026-09-14T14:31:48Z"
"401856692",2026,3,"Tennessee","Kennesaw State","FanDuel",-35.5,60.5,"2026-09-14T14:31:27Z","2026-09-14T14:31:48Z"
"401856692",2026,3,"Tennessee","Kennesaw State","DraftKings",-35.5,60.5,"2026-09-14T14:31:00Z","2026-09-14T14:31:48Z"
"401856692",2026,3,"Tennessee","Kennesaw State","Caesars",-35.5,60.5,"2026-09-14T14:31:28Z","2026-09-14T14:31:48Z"
"401856799",2026,3,"TCU","Arkansas State","FanDuel",-20.5,57.5,"2026-09-14T14:31:27Z","2026-09-14T14:31:48Z"
"401856799",2026,3,"TCU","Arkansas State","DraftKings",-20.5,57.5,"2026-09-14T14:31:00Z","2026-09-14T14:31:48Z"
"401862775",2026,3,"Tulsa","East Texas A&M","FanDuel",-42.5,57.5,"2026-09-14T14:31:27Z","2026-09-14T14:31:48Z"
"401862776",2026,3,"Louisiana","UAB","FanDuel",-7.5,56.5,"2026-09-14T14:31:27Z","2026-09-14T14:31:48Z"
"401862776",2026,3,"Louisiana","UAB","DraftKings",-7.5,56.5,"2026-09-14T14:31:00Z","2026-09-14T14:31:48Z"
"401856693",2026,3,"Texas","UTSA","DraftKings",-29.5,58.5,"2026-09-14T14:31:00Z","2026-09-14T14:31:48Z"
"401856693",2026,3,"Texas","UTSA","FanDuel",-30.5,58.5,"2026-09-14T14:31:27Z","2026-09-14T14:31:48Z"
"401860885",2026,3,"Boise State","South Dakota","FanDuel",-22.5,56.5,"2026-09-14T14:31:27Z","2026-09-14T14:31:48Z"
"401860887",2026,3,"San Diego State","James Madison","DraftKings",-2.5,46.5,"2026-09-14T14:31:00Z","2026-09-14T14:31:48Z"
"401860887",2026,3,"San Diego State","James Madison","FanDuel",-2.5,46.5,"2026-09-14T14:31:27Z","2026-09-14T14:31:48Z"
"401856793",2026,3,"Arizona","Northern Illinois","FanDuel",-34.5,50.5,"2026-09-14T14:31:27Z","2026-09-14T14:31:48Z"
"401856793",2026,3,"Arizona","Northern Illinois","DraftKings",-34.5,49.5,"2026-09-14T14:31:00Z","2026-09-14T14:31:48Z"
"401856793",2026,3,"Arizona","Northern Illinois","Caesars",-34.5,49.5,"2026-09-14T14:31:28Z","2026-09-14T14:31:48Z"
"401864507",2026,3,"Sacramento State","North Dakota State","FanDuel",28.5,52.5,"2026-09-14T14:31:27Z","2026-09-14T14:31:48Z"
"401860886",2026,3,"Oregon State","Montana","FanDuel",-13.5,53.5,"2026-09-14T14:31:27Z","2026-09-14T14:31:48Z"
"401858458",2026,3,"UCLA","Purdue","FanDuel",-14.5,52.5,"2026-09-14T14:31:27Z","2026-09-14T14:31:48Z"
"401858458",2026,3,"UCLA","Purdue","DraftKings",-14.5,52.5,"2026-09-14T14:31:00Z","2026-09-14T14:31:48Z"
"401858458",2026,3,"UCLA","Purdue","Caesars",-14.5,52.5,"2026-09-14T14:31:28Z","2026-09-14T14:31:48Z"
"401864507",2026,3,"Sacramento State","North Dakota State","DraftKings",27.5,53.5,"2026-09-14T15:15:05Z","2026-09-14T15:16:23Z"
"401858455",2026,3,"Oregon","Portland State","DraftKings",-57.5,67.5,"2026-09-15T17:25:06Z","2026-09-15T17:25:58Z"
"401858228",2026,3,"Georgia Tech","Mercer","DraftKings",-38.5,58.5,"2026-09-15T17:25:06Z","2026-09-15T17:25:58Z"
"401858227",2026,3,"Boston College","Maine","DraftKings",-38.5,53.5,"2026-09-15T17:25:06Z","2026-09-15T17:25:58Z"
"401858448",2026,3,"Illinois","Southern Illinois","DraftKings",-41.5,54.5,"2026-09-15T17:25:06Z","2026-09-15T17:25:58Z"
"401860890",2026,3,"Washington State","Duquesne","DraftKings",-37.5,53.5,"2026-09-15T17:25:06Z","2026-09-15T17:25:58Z"
"401858471",2026,3,"Iowa","Northern Iowa","DraftKings",-40.5,49.5,"2026-09-15T17:25:06Z","2026-09-15T17:25:58Z"
"401862777",2026,3,"South Florida","Delaware State","DraftKings",-36.5,61.5,"2026-09-15T17:25:06Z","2026-09-15T17:25:58Z"
"401862772",2026,3,"Memphis","UT Martin","DraftKings",-34.5,57.5,"2026-09-15T17:25:06Z","2026-09-15T17:25:58Z"
"401856803",2026,3,"Oklahoma State","Murray State","DraftKings",-56.5,70.5,"2026-09-15T17:25:06Z","2026-09-15T17:25:58Z"
"401870764",2026,3,"Sam Houston","Nicholls","DraftKings",-17.5,49.5,"2026-09-15T17:25:06Z","2026-09-15T17:25:58Z"
"401858459",2026,3,"Washington","Eastern Washington","DraftKings",-42.5,56.5,"2026-09-15T17:25:06Z","2026-09-15T17:25:58Z"
"401858452",2026,3,"Nebraska","North Dakota","DraftKings",-24.5,51.5,"2026-09-15T17:25:06Z","2026-09-15T17:25:58Z"
"401860885",2026,3,"Boise State","South Dakota","DraftKings",-23.5,54.5,"2026-09-15T17:25:07Z","2026-09-15T17:25:58Z"
"401860886",2026,3,"Oregon State","Montana","DraftKings",-17.5,52.5,"2026-09-15T17:25:07Z","2026-09-15T17:25:58Z"
"401858469",2026,4,"USC","Oregon","FanDuel",2.5,60.5,"2026-09-15T17:25:25Z","2026-09-15T17:25:58Z"
"401862775",2026,3,"Tulsa","East Texas A&M","DraftKings",-42.5,56.5,"2026-09-16T17:23:12Z","2026-09-16T17:24:28Z"
"401860897",2026,4,"Western Michigan","Boise State","DraftKings",7.5,47.5,"2026-09-17T17:22:33Z","2026-09-17T17:23:36Z"
"401856704",2026,4,"Tennessee","Texas","DraftKings",4.5,56.5,"2026-09-17T17:22:33Z","2026-09-17T17:23:36Z"
"401858462",2026,4,"Maryland","UCLA","DraftKings",1.5,51.5,"2026-09-17T17:22:33Z","2026-09-17T17:23:36Z"
"401856699",2026,4,"Florida","Ole Miss","DraftKings",-1.5,57.5,"2026-09-17T17:22:33Z","2026-09-17T17:23:36Z"
"401856700",2026,4,"Georgia","Oklahoma","DraftKings",-13.5,47.5,"2026-09-17T17:22:33Z","2026-09-17T17:23:36Z"
"401858463",2026,4,"Michigan","Iowa","DraftKings",-4.5,39.5,"2026-09-17T17:22:33Z","2026-09-17T17:23:36Z"
"401856698",2026,4,"Auburn","Vanderbilt","DraftKings",-8.5,50.5,"2026-09-17T17:22:33Z","2026-09-17T17:23:36Z"
"401858464",2026,4,"Michigan State","Nebraska","DraftKings",5.5,52.5,"2026-09-17T17:22:33Z","2026-09-17T17:23:36Z"
"401858466",2026,4,"Penn State","Wisconsin","DraftKings",-11.5,42.5,"2026-09-17T17:22:33Z","2026-09-17T17:23:36Z"
"401856696",2026,4,"Alabama","South Carolina","DraftKings",-11.5,46.5,"2026-09-17T17:22:33Z","2026-09-17T17:23:36Z"
"401856881",2026,4,"West Virginia","Oklahoma State","DraftKings",2.5,57.5,"2026-09-17T17:22:33Z","2026-09-17T17:23:36Z"
"401858469",2026,4,"USC","Oregon","DraftKings",-2.5,62.5,"2026-09-17T17:22:33Z","2026-09-17T17:23:36Z"
"401856702",2026,4,"LSU","Texas A&M","DraftKings",-5.5,54.5,"2026-09-17T17:22:33Z","2026-09-17T17:23:36Z"
"401856703",2026,4,"Mississippi State","Missouri","DraftKings",-1.5,56.5,"2026-09-17T17:22:33Z","2026-09-17T17:23:36Z"
"401858455",2026,3,"Oregon","Portland State","Caesars",-58.5,70.5,"2026-09-18T16:49:33Z","2026-09-18T16:50:41Z"
"401858233",2026,3,"California","Wagner","FanDuel",-58.5,65.5,"2026-09-18T16:50:37Z","2026-09-18T16:50:41Z"
"401860886",2026,3,"Oregon State","Montana","Caesars",-17.5,53.5,"2026-09-18T16:49:33Z","2026-09-18T16:50:41Z"
"401860897",2026,4,"Western Michigan","Boise State","FanDuel",6.5,47.5,"2026-09-18T16:50:37Z","2026-09-18T16:50:41Z"
"401858465",2026,4,"Ohio State","Illinois","FanDuel",-26.5,52.5,"2026-09-18T16:50:37Z","2026-09-18T16:50:41Z"
"401856704",2026,4,"Tennessee","Texas","FanDuel",4.5,56.5,"2026-09-18T16:50:37Z","2026-09-18T16:50:41Z"
"401856699",2026,4,"Florida","Ole Miss","FanDuel",-1.5,58.5,"2026-09-18T16:50:37Z","2026-09-18T16:50:41Z"
"401856700",2026,4,"Georgia","Oklahoma","FanDuel",-10.5,46.5,"2026-09-18T16:50:37Z","2026-09-18T16:50:41Z"
"401858463",2026,4,"Michigan","Iowa","FanDuel",-5.5,36.5,"2026-09-18T16:50:37Z","2026-09-18T16:50:41Z"
"401858466",2026,4,"Penn State","Wisconsin","FanDuel",-11.5,44.5,"2026-09-18T16:50:37Z","2026-09-18T16:50:41Z"
"401856696",2026,4,"Alabama","South Carolina","FanDuel",-10.5,50.5,"2026-09-18T16:50:37Z","2026-09-18T16:50:41Z"
"401856703",2026,4,"Mississippi State","Missouri","FanDuel",-1.5,58.5,"2026-09-18T16:50:37Z","2026-09-18T16:50:41Z"
"401858233",2026,3,"California","Wagner","DraftKings",-58.5,65.5,"2026-09-19T16:09:30Z","2026-09-19T16:10:44Z"
"401858450",2026,3,"Michigan","UTEP","Caesars",-34.5,48.5,"2026-09-19T16:06:16Z","2026-09-19T16:10:44Z"
"401867804",2026,3,"Baylor","Louisiana Tech","Caesars",-19.5,50.5,"2026-09-19T16:06:16Z","2026-09-19T16:10:44Z"
"401858449",2026,3,"Indiana","Western Kentucky","Caesars",-44.5,60.5,"2026-09-19T16:06:16Z","2026-09-19T16:10:44Z"
"401858471",2026,3,"Iowa","Northern Iowa","Caesars",-37.5,48.5,"2026-09-19T16:06:16Z","2026-09-19T16:10:44Z"
"401871047",2026,3,"Missouri State","Marshall","Caesars",4,53.5,"2026-09-19T16:06:16Z","2026-09-19T16:10:44Z"
"401856689",2026,3,"Missouri","Troy","Caesars",-27.5,49.5,"2026-09-19T16:06:16Z","2026-09-19T16:10:44Z"
"401858459",2026,3,"Washington","Eastern Washington","Caesars",-42.5,58.5,"2026-09-19T16:06:16Z","2026-09-19T16:10:44Z"
"401856690",2026,3,"Oklahoma","New Mexico","Caesars",-21.5,45.5,"2026-09-19T16:06:16Z","2026-09-19T16:10:44Z"
"401856799",2026,3,"TCU","Arkansas State","Caesars",-18.5,56.5,"2026-09-19T16:06:16Z","2026-09-19T16:10:44Z"
"401856693",2026,3,"Texas","UTSA","Caesars",-30,58.5,"2026-09-19T16:06:16Z","2026-09-19T16:10:44Z"
"401860887",2026,3,"San Diego State","James Madison","Caesars",-2,46.5,"2026-09-19T16:06:16Z","2026-09-19T16:10:44Z"
"401864507",2026,3,"Sacramento State","North Dakota State","Caesars",26.5,50.5,"2026-09-19T16:06:16Z","2026-09-19T16:10:44Z"
"401858465",2026,4,"Ohio State","Illinois","DraftKings",-27.5,54.5,"2026-09-19T16:09:30Z","2026-09-19T16:10:44Z"
"401869941",2026,4,"Coastal Carolina","Liberty","FanDuel",-1.5,52.5,"2026-09-20T16:39:23Z","2026-09-20T16:39:31Z"
"401869941",2026,4,"Coastal Carolina","Liberty","DraftKings",-1.5,54.5,"2026-09-20T16:39:00Z","2026-09-20T16:39:31Z"
"401862779",2026,4,"Temple","Army","FanDuel",3.5,50.5,"2026-09-20T16:39:23Z","2026-09-20T16:39:31Z"
"401862779",2026,4,"Temple","Army","DraftKings",3,49.5,"2026-09-20T16:39:00Z","2026-09-20T16:39:31Z"
"401862778",2026,4,"UAB","Navy","FanDuel",10.5,52.5,"2026-09-20T16:39:23Z","2026-09-20T16:39:31Z"
"401862778",2026,4,"UAB","Navy","DraftKings",11.5,53.5,"2026-09-20T16:39:00Z","2026-09-20T16:39:31Z"
"401858461",2026,4,"Indiana","Northwestern","FanDuel",-22.5,47.5,"2026-09-20T16:39:23Z","2026-09-20T16:39:31Z"
"401858461",2026,4,"Indiana","Northwestern","DraftKings",-23.5,47.5,"2026-09-20T16:39:00Z","2026-09-20T16:39:31Z"
"401858234",2026,4,"California","Clemson","FanDuel",1.5,48.5,"2026-09-20T16:39:24Z","2026-09-20T16:39:31Z"
"401858234",2026,4,"California","Clemson","DraftKings",1.5,47.5,"2026-09-20T16:39:00Z","2026-09-20T16:39:31Z"
"401866425",2026,4,"Kent State","Ball State","FanDuel",-3.5,50.5,"2026-09-20T16:39:24Z","2026-09-20T16:39:31Z"
"401866425",2026,4,"Kent State","Ball State","DraftKings",-4.5,51.5,"2026-09-20T16:39:00Z","2026-09-20T16:39:31Z"
"401858242",2026,4,"Boston College","Virginia Tech","FanDuel",14.5,53.5,"2026-09-20T16:39:24Z","2026-09-20T16:39:31Z"
"401858242",2026,4,"Boston College","Virginia Tech","DraftKings",14,54.5,"2026-09-20T16:39:00Z","2026-09-20T16:39:31Z"
"401862785",2026,4,"Bowling Green","South Florida","FanDuel",15.5,51.5,"2026-09-20T16:39:24Z","2026-09-20T16:39:31Z"
"401862785",2026,4,"Bowling Green","South Florida","DraftKings",15.5,51.5,"2026-09-20T16:39:00Z","2026-09-20T16:39:31Z"
"401862780",2026,4,"Charlotte","Louisiana","FanDuel",13.5,51.5,"2026-09-20T16:39:24Z","2026-09-20T16:39:31Z"
"401862780",2026,4,"Charlotte","Louisiana","DraftKings",14.5,52.5,"2026-09-20T16:39:00Z","2026-09-20T16:39:31Z"
"401856814",2026,4,"Cincinnati","Kansas State","FanDuel",6.5,53.5,"2026-09-20T16:39:24Z","2026-09-20T16:39:31Z"
"401856806",2026,4,"Georgia Southern","Houston","FanDuel",20.5,54.5,"2026-09-20T16:39:24Z","2026-09-20T16:39:31Z"
"401856806",2026,4,"Georgia Southern","Houston","DraftKings",19.5,55.5,"2026-09-20T16:39:00Z","2026-09-20T16:39:31Z"
"401864511",2026,4,"Georgia State","Northern Illinois","FanDuel",-9.5,55.5,"2026-09-20T16:39:24Z","2026-09-20T16:39:31Z"
"401864511",2026,4,"Georgia State","Northern Illinois","DraftKings",-8.5,54.5,"2026-09-20T16:39:00Z","2026-09-20T16:39:31Z"
"401869961",2026,4,"Old Dominion","James Madison","FanDuel",4.5,51.5,"2026-09-20T16:39:24Z","2026-09-20T16:39:31Z"
"401869961",2026,4,"Old Dominion","James Madison","DraftKings",4.5,50.5,"2026-09-20T16:39:00Z","2026-09-20T16:39:31Z"
"401858243",2026,4,"Louisville","Wake Forest","DraftKings",-13.5,58.5,"2026-09-20T16:39:00Z","2026-09-20T16:39:31Z"
"401858243",2026,4,"Louisville","Wake Forest","FanDuel",-12.5,57.5,"2026-09-20T16:39:24Z","2026-09-20T16:39:31Z"
"401861970",2026,4,"Miami (OH)","UConn","FanDuel",-3.5,48.5,"2026-09-20T16:39:24Z","2026-09-20T16:39:31Z"
"401861970",2026,4,"Miami (OH)","UConn","DraftKings",-3,50.5,"2026-09-20T16:39:00Z","2026-09-20T16:39:31Z"
"401862784",2026,4,"Tulane","Southern Miss","FanDuel",-18.5,54.5,"2026-09-20T16:39:24Z","2026-09-20T16:39:31Z"
"401856815",2026,4,"UCF","TCU","FanDuel",3.5,51.5,"2026-09-20T16:39:24Z","2026-09-20T16:39:31Z"
"401856815",2026,4,"UCF","TCU","DraftKings",3,50.5,"2026-09-20T16:39:00Z","2026-09-20T16:39:31Z"
"401864576",2026,4,"Kentucky","South Alabama","FanDuel",-19.5,56.5,"2026-09-20T16:39:24Z","2026-09-20T16:39:31Z"
"401864576",2026,4,"Kentucky","South Alabama","DraftKings",-19.5,55.5,"2026-09-20T16:39:00Z","2026-09-20T16:39:31Z"
"401864512",2026,4,"Akron","UNLV","FanDuel",14.5,49.5,"2026-09-20T16:39:24Z","2026-09-20T16:39:31Z"
"401864512",2026,4,"Akron","UNLV","DraftKings",14,49.5,"2026-09-20T16:39:00Z","2026-09-20T16:39:31Z"
"401856813",2026,4,"Baylor","Colorado","FanDuel",-7.5,52.5,"2026-09-20T16:39:24Z","2026-09-20T16:39:31Z"
"401856813",2026,4,"Baylor","Colorado","DraftKings",-8.5,53.5,"2026-09-20T16:39:00Z","2026-09-20T16:39:31Z"
"401860896",2026,4,"UTSA","Colorado State","FanDuel",-13.5,56.5,"2026-09-20T16:39:24Z","2026-09-20T16:39:31Z"
"401860896",2026,4,"UTSA","Colorado State","DraftKings",-11.5,57.5,"2026-09-20T16:39:00Z","2026-09-20T16:39:31Z"
"401856816",2026,4,"Iowa State","Utah","DraftKings",11.5,49.5,"2026-09-20T16:39:00Z","2026-09-20T16:39:31Z"
"401856816",2026,4,"Iowa State","Utah","FanDuel",10.5,47.5,"2026-09-20T16:39:24Z","2026-09-20T16:39:31Z"
"401858462",2026,4,"Maryland","UCLA","FanDuel",2.5,58.5,"2026-09-20T16:39:24Z","2026-09-20T16:39:31Z"
"401864579",2026,4,"New Mexico State","New Mexico","FanDuel",13.5,50.5,"2026-09-20T16:39:24Z","2026-09-20T16:39:31Z"
"401864579",2026,4,"New Mexico State","New Mexico","DraftKings",12.5,49.5,"2026-09-20T16:39:00Z","2026-09-20T16:39:31Z"
"401858467",2026,4,"Purdue","Notre Dame","FanDuel",27.5,57.5,"2026-09-20T16:39:24Z","2026-09-20T16:39:31Z"
"401858467",2026,4,"Purdue","Notre Dame","DraftKings",27.5,56.5,"2026-09-20T16:39:00Z","2026-09-20T16:39:31Z"
"401856805",2026,4,"Texas Tech","Sam Houston","FanDuel",-37.5,55.5,"2026-09-20T16:39:24Z","2026-09-20T16:39:31Z"
"401856805",2026,4,"Texas Tech","Sam Houston","DraftKings",-37.5,54.5,"2026-09-20T16:39:00Z","2026-09-20T16:39:31Z"
"401860893",2026,4,"Toledo","San Diego State","FanDuel",-1.5,47.5,"2026-09-20T16:39:24Z","2026-09-20T16:39:31Z"
"401860893",2026,4,"Toledo","San Diego State","DraftKings",-1.5,48.5,"2026-09-20T16:39:00Z","2026-09-20T16:39:31Z"
"401856698",2026,4,"Auburn","Vanderbilt","FanDuel",-8.5,53.5,"2026-09-20T16:39:24Z","2026-09-20T16:39:31Z"
"401858464",2026,4,"Michigan State","Nebraska","FanDuel",4.5,47.5,"2026-09-20T16:39:24Z","2026-09-20T16:39:31Z"
"401858239",2026,4,"Virginia","Delaware","FanDuel",-20.5,55.5,"2026-09-20T16:39:24Z","2026-09-20T16:39:31Z"
"401858239",2026,4,"Virginia","Delaware","DraftKings",-20.5,54.5,"2026-09-20T16:39:00Z","2026-09-20T16:39:31Z"
"401858238",2026,4,"Miami","Central Michigan","DraftKings",-42.5,54.5,"2026-09-20T16:39:00Z","2026-09-20T16:39:31Z"
"401858238",2026,4,"Miami","Central Michigan","FanDuel",-41.5,53.5,"2026-09-20T16:39:24Z","2026-09-20T16:39:31Z"
"401869931",2026,4,"Arkansas State","Kennesaw State","FanDuel",-4.5,54.5,"2026-09-20T16:39:24Z","2026-09-20T16:39:31Z"
"401871048",2026,4,"Jacksonville State","Middle Tennessee","FanDuel",-8.5,53.5,"2026-09-20T16:39:24Z","2026-09-20T16:39:31Z"
"401856881",2026,4,"West Virginia","Oklahoma State","FanDuel",-1.5,60.5,"2026-09-20T16:39:24Z","2026-09-20T16:39:31Z"
"401856804",2026,4,"Washington State","Arizona","FanDuel",12.5,49.5,"2026-09-20T16:39:24Z","2026-09-20T16:39:31Z"
"401856702",2026,4,"LSU","Texas A&M","FanDuel",-7.5,53.5,"2026-09-20T16:39:24Z","2026-09-20T16:39:31Z"
"401860894",2026,4,"Utah State","Troy","FanDuel",-2.5,53.5,"2026-09-20T16:39:24Z","2026-09-20T16:39:31Z"
"401856697",2026,4,"Arkansas","Tulsa","FanDuel",-7.5,52.5,"2026-09-20T16:39:24Z","2026-09-20T16:39:31Z"
"401858241",2026,4,"SMU","Missouri State","FanDuel",-34.5,59.5,"2026-09-20T16:39:24Z","2026-09-20T16:39:31Z"
"401860895",2026,4,"UTEP","Oregon State","FanDuel",11.5,56.5,"2026-09-20T16:39:24Z","2026-09-20T16:39:31Z"
"401860891",2026,4,"Fresno State","Rice","FanDuel",-12.5,44.5,"2026-09-20T16:39:24Z","2026-09-20T16:39:31Z"
"401858240",2026,4,"Stanford","Georgia Tech","FanDuel",5.5,46.5,"2026-09-20T16:39:24Z","2026-09-20T16:39:31Z"
"401858470",2026,4,"Washington","Minnesota","FanDuel",-8.5,46.5,"2026-09-20T16:39:24Z","2026-09-20T16:39:31Z"
"401858470",2026,4,"Washington","Minnesota","DraftKings",-9.5,45.5,"2026-09-20T16:39:00Z","2026-09-20T16:39:31Z"
"401869941",2026,4,"Coastal Carolina","Liberty","Caesars",2.5,51.5,"2026-09-21T03:58:22Z","2026-09-21T04:02:10Z"
"401862779",2026,4,"Temple","Army","Caesars",3,48.5,"2026-09-21T03:58:22Z","2026-09-21T04:02:10Z"
"401862778",2026,4,"UAB","Navy","Caesars",7.5,51.5,"2026-09-21T03:58:22Z","2026-09-21T04:02:10Z"
"401858461",2026,4,"Indiana","Northwestern","Caesars",-21.5,49.5,"2026-09-21T03:58:22Z","2026-09-21T04:02:10Z"
"401858234",2026,4,"California","Clemson","Caesars",0,50,"2026-09-21T03:58:22Z","2026-09-21T04:02:10Z"
"401864512",2026,4,"Akron","UNLV","Caesars",12.5,49.5,"2026-09-21T03:58:22Z","2026-09-21T04:02:10Z"
"401866425",2026,4,"Kent State","Ball State","Caesars",-3.5,49.5,"2026-09-21T03:58:22Z","2026-09-21T04:02:10Z"
"401856813",2026,4,"Baylor","Colorado","Caesars",-10,54.5,"2026-09-21T03:58:22Z","2026-09-21T04:02:10Z"
"401858242",2026,4,"Boston College","Virginia Tech","Caesars",14.5,52.5,"2026-09-21T03:58:22Z","2026-09-21T04:02:10Z"
"401860896",2026,4,"UTSA","Colorado State","Caesars",-12.5,59,"2026-09-21T03:58:22Z","2026-09-21T04:02:10Z"
"401858243",2026,4,"Louisville","Wake Forest","Caesars",-13,58.5,"2026-09-21T03:58:22Z","2026-09-21T04:02:10Z"
"401856805",2026,4,"Texas Tech","Sam Houston","Caesars",-35.5,54.5,"2026-09-21T03:58:22Z","2026-09-21T04:02:10Z"
"401860893",2026,4,"Toledo","San Diego State","Caesars",-2.5,48.5,"2026-09-21T03:58:22Z","2026-09-21T04:02:10Z"
"401864576",2026,4,"Kentucky","South Alabama","Caesars",-20.5,54.5,"2026-09-21T03:58:22Z","2026-09-21T04:02:10Z"
"401858462",2026,4,"Maryland","UCLA","Caesars",2,58.5,"2026-09-21T03:58:22Z","2026-09-21T04:02:10Z"
"401864511",2026,4,"Georgia State","Northern Illinois","Caesars",-9.5,55.5,"2026-09-21T03:58:22Z","2026-09-21T04:02:10Z"
"401858467",2026,4,"Purdue","Notre Dame","Caesars",27.5,57.5,"2026-09-21T03:58:22Z","2026-09-21T04:02:10Z"
"401860897",2026,4,"Western Michigan","Boise State","Caesars",7,48.5,"2026-09-21T03:58:22Z","2026-09-21T04:02:10Z"
"401856700",2026,4,"Georgia","Oklahoma","Caesars",-14,43.5,"2026-09-21T03:58:22Z","2026-09-21T04:02:10Z"
"401858463",2026,4,"Michigan","Iowa","Caesars",-4.5,37.5,"2026-09-21T03:58:22Z","2026-09-21T04:02:10Z"
"401856816",2026,4,"Iowa State","Utah","Caesars",7.5,49.5,"2026-09-21T03:58:22Z","2026-09-21T04:02:10Z"
"401861970",2026,4,"Miami (OH)","UConn","Caesars",-4.5,51.5,"2026-09-21T03:58:22Z","2026-09-21T04:02:10Z"
"401864579",2026,4,"New Mexico State","New Mexico","Caesars",11.5,48.5,"2026-09-21T03:58:22Z","2026-09-21T04:02:10Z"
"401856815",2026,4,"UCF","TCU","Caesars",3,49.5,"2026-09-21T03:58:22Z","2026-09-21T04:02:10Z"
"401856806",2026,4,"Georgia Southern","Houston","Caesars",17.5,54.5,"2026-09-21T03:58:22Z","2026-09-21T04:02:10Z"
"401862785",2026,4,"Bowling Green","South Florida","Caesars",17.5,49.5,"2026-09-21T03:58:22Z","2026-09-21T04:02:10Z"
"401858239",2026,4,"Virginia","Delaware","Caesars",-20.5,52.5,"2026-09-21T03:58:22Z","2026-09-21T04:02:10Z"
"401869961",2026,4,"Old Dominion","James Madison","Caesars",4.5,48,"2026-09-21T03:58:22Z","2026-09-21T04:02:10Z"
"401858238",2026,4,"Miami","Central Michigan","Caesars",-41.5,53.5,"2026-09-21T03:58:22Z","2026-09-21T04:02:10Z"
"401862780",2026,4,"Charlotte","Louisiana","Caesars",10.5,50.5,"2026-09-21T03:58:22Z","2026-09-21T04:02:10Z"
"401869931",2026,4,"Arkansas State","Kennesaw State","DraftKings",-4.5,53.5,"2026-09-21T04:01:01Z","2026-09-21T04:02:10Z"
"401869931",2026,4,"Arkansas State","Kennesaw State","Caesars",-4.5,53.5,"2026-09-21T03:58:22Z","2026-09-21T04:02:10Z"
"401856814",2026,4,"Cincinnati","Kansas State","DraftKings",6.5,53.5,"2026-09-21T04:01:01Z","2026-09-21T04:02:10Z"
"401856814",2026,4,"Cincinnati","Kansas State","Caesars",6.5,53.5,"2026-09-21T03:58:22Z","2026-09-21T04:02:10Z"
"401871048",2026,4,"Jacksonville State","Middle Tennessee","DraftKings",-8.5,51.5,"2026-09-21T04:01:01Z","2026-09-21T04:02:10Z"
"401871048",2026,4,"Jacksonville State","Middle Tennessee","Caesars",-8.5,51.5,"2026-09-21T03:58:22Z","2026-09-21T04:02:10Z"
"401862784",2026,4,"Tulane","Southern Miss","DraftKings",-18.5,52.5,"2026-09-21T04:01:01Z","2026-09-21T04:02:10Z"
"401862784",2026,4,"Tulane","Southern Miss","Caesars",-18.5,52.5,"2026-09-21T03:58:22Z","2026-09-21T04:02:10Z"
"401856804",2026,4,"Washington State","Arizona","DraftKings",10.5,47.5,"2026-09-21T04:01:01Z","2026-09-21T04:02:10Z"
"401856804",2026,4,"Washington State","Arizona","Caesars",10.5,47.5,"2026-09-21T03:58:22Z","2026-09-21T04:02:10Z"
"401856702",2026,4,"LSU","Texas A&M","Caesars",-9.5,52.5,"2026-09-21T03:58:22Z","2026-09-21T04:02:10Z"
"401858469",2026,4,"USC","Oregon","Caesars",2.5,62.5,"2026-09-21T03:58:22Z","2026-09-21T04:02:10Z"
"401860894",2026,4,"Utah State","Troy","DraftKings",-2.5,49.5,"2026-09-21T04:01:01Z","2026-09-21T04:02:10Z"
"401860894",2026,4,"Utah State","Troy","Caesars",-2.5,48.5,"2026-09-21T03:58:22Z","2026-09-21T04:02:10Z"
"401856697",2026,4,"Arkansas","Tulsa","DraftKings",-6.5,53.5,"2026-09-21T04:01:01Z","2026-09-21T04:02:10Z"
"401856697",2026,4,"Arkansas","Tulsa","Caesars",-6.5,53.5,"2026-09-21T03:58:22Z","2026-09-21T04:02:10Z"
"401860895",2026,4,"UTEP","Oregon State","DraftKings",11.5,54.5,"2026-09-21T04:01:01Z","2026-09-21T04:02:10Z"
"401860895",2026,4,"UTEP","Oregon State","Caesars",11.5,54.5,"2026-09-21T03:58:22Z","2026-09-21T04:02:10Z"
"401860891",2026,4,"Fresno State","Rice","DraftKings",-14.5,44.5,"2026-09-21T04:01:01Z","2026-09-21T04:02:10Z"
"401860891",2026,4,"Fresno State","Rice","Caesars",-14.5,44.5,"2026-09-21T03:58:22Z","2026-09-21T04:02:10Z"
"401858240",2026,4,"Stanford","Georgia Tech","DraftKings",3.5,48.5,"2026-09-21T04:01:01Z","2026-09-21T04:02:10Z"
"401858240",2026,4,"Stanford","Georgia Tech","Caesars",3.5,48.5,"2026-09-21T03:58:22Z","2026-09-21T04:02:10Z"
"401862782",2026,4,"UL Monroe","Florida Atlantic","FanDuel",13.5,57.5,"2026-09-21T04:01:02Z","2026-09-21T04:02:10Z"
"401862782",2026,4,"UL Monroe","Florida Atlantic","DraftKings",13.5,57.5,"2026-09-21T04:01:01Z","2026-09-21T04:02:10Z"
"401862782",2026,4,"UL Monroe","Florida Atlantic","Caesars",13.5,57.5,"2026-09-21T03:58:22Z","2026-09-21T04:02:10Z"
"401858241",2026,4,"SMU","Missouri State","DraftKings",-34.5,58.5,"2026-09-21T04:01:01Z","2026-09-21T04:02:10Z"
"401858241",2026,4,"SMU","Missouri State","Caesars",-34.5,58.5,"2026-09-21T03:58:22Z","2026-09-21T04:02:10Z"
"401864509",2026,4,"Nevada","Air Force","FanDuel",4.5,49.5,"2026-09-21T04:01:02Z","2026-09-21T04:02:10Z"
"401864509",2026,4,"Nevada","Air Force","DraftKings",4,48.5,"2026-09-21T04:01:01Z","2026-09-21T04:02:10Z"
"401864509",2026,4,"Nevada","Air Force","Caesars",4,49,"2026-09-21T03:58:22Z","2026-09-21T04:02:10Z"
"401858465",2026,4,"Ohio State","Illinois","Caesars",-27.5,53.5,"2026-09-21T16:09:29Z","2026-09-21T16:23:22Z"
"401856704",2026,4,"Tennessee","Texas","Caesars",4.5,56.5,"2026-09-21T16:09:29Z","2026-09-21T16:23:22Z"
"401856699",2026,4,"Florida","Ole Miss","Caesars",-3.5,60.5,"2026-09-21T16:09:29Z","2026-09-21T16:23:22Z"
"401856698",2026,4,"Auburn","Vanderbilt","Caesars",-9.5,55.5,"2026-09-21T16:09:29Z","2026-09-21T16:23:22Z"
"401858464",2026,4,"Michigan State","Nebraska","Caesars",5.5,48.5,"2026-09-21T16:09:29Z","2026-09-21T16:23:22Z"
"401858466",2026,4,"Penn State","Wisconsin","Caesars",-10,45.5,"2026-09-21T16:09:29Z","2026-09-21T16:23:22Z"
"401856696",2026,4,"Alabama","South Carolina","Caesars",-12.5,54.5,"2026-09-21T16:09:29Z","2026-09-21T16:23:22Z"
"401856881",2026,4,"West Virginia","Oklahoma State","Caesars",-2.5,59.5,"2026-09-21T16:09:29Z","2026-09-21T16:23:22Z"
"401856703",2026,4,"Mississippi State","Missouri","Caesars",-6.5,58.5,"2026-09-21T16:09:29Z","2026-09-21T16:23:22Z"
"401858470",2026,4,"Washington","Minnesota","Caesars",-10,45.5,"2026-09-21T16:09:29Z","2026-09-21T16:23:22Z"
