"i","week","bet_type","ev","stake","win","pnl","bankroll","drawdown"
1,2,"spread",0.433648393392563,5,1,4.545,104.54,0
2,2,"spread",0.46067148399353,5.227,1,4.752,109.3,0
3,2,"totals",0.256923033714294,5.465,0,-5.465,103.83,5
4,2,"totals",0.395840962767601,5.192,0,-5.192,98.64,9.8
5,2,"spread",0.161790471851826,4.389,1,3.99,102.63,6.1
6,2,"spread",0.254346138775349,5.131,1,4.665,107.29,1.8
7,2,"totals",0.352556023180485,5.365,0,-5.365,101.93,6.7
8,2,"totals",0.151705342292786,4.253,1,3.866,105.8,3.2
9,2,"spread",0.404974961280823,5.29,0,-5.29,100.51,8
10,2,"totals",0.161703539907932,4.47,0,-4.47,96.04,12.1
11,2,"spread",0.570853512823582,4.802,0,-4.802,91.23,16.5
12,2,"totals",0.294463979244232,4.562,1,4.147,95.38,12.7
13,2,"totals",0.318614560782909,4.769,1,4.335,99.72,8.8
14,2,"totals",0.230832640945911,4.986,0,-4.986,94.73,13.3
15,2,"spread",0.218560330986977,4.737,1,4.305,99.04,9.4
16,2,"totals",0.22570945930481,4.952,1,4.501,103.54,5.3
17,2,"totals",0.519108411073685,5.177,1,4.706,108.24,1
18,2,"spread",0.305402839660645,5.412,1,4.92,113.16,0
19,2,"spread",0.231801181137562,5.658,0,-5.658,107.5,5
20,2,"spread",0.341347491681576,5.375,1,4.886,112.39,0.7
21,2,"totals",0.266214738607407,5.619,0,-5.619,106.77,5.6
22,2,"totals",0.251025998473167,5.339,1,4.853,111.62,1.4
23,2,"spread",0.181281205356121,5.565,0,-5.565,106.06,6.3
24,2,"spread",0.310402678072453,5.303,1,4.82,110.88,2
25,2,"spread",0.204708453953266,5.544,0,-5.544,105.33,6.9
26,2,"spread",0.205708398878574,5.267,1,4.787,110.12,2.7
27,2,"spread",0.255174950659275,5.506,0,-5.506,104.62,7.6
28,2,"totals",0.186221761643887,5.231,0,-5.231,99.38,12.2
29,2,"spread",0.579205465197563,4.969,0,-4.969,94.42,16.6
30,2,"totals",0.366740494549274,4.721,1,4.291,98.71,12.8
31,2,"spread",0.392370170772076,4.935,1,4.486,103.19,8.8
32,2,"spread",0.731940452992916,5.16,1,4.69,107.88,4.7
33,2,"totals",0.235111877262592,5.394,1,4.903,112.79,0.3
34,2,"totals",0.288066402614117,5.639,0,-5.639,107.15,5.3
35,2,"totals",0.145894783854485,4.299,1,3.908,111.06,1.9
36,2,"totals",0.207523160099983,5.553,1,5.047,116.1,0
37,2,"totals",0.141853131175041,4.53,1,4.117,120.22,0
38,2,"spread",0.284758892476559,6.011,1,5.464,125.68,0
39,2,"totals",0.567243675231934,6.284,1,5.712,131.4,0
40,2,"spread",0.401307662129402,6.57,0,-6.57,124.83,5
41,2,"spread",0.473054279446602,6.241,0,-6.241,118.59,9.7
42,2,"totals",0.217186260104179,5.929,0,-5.929,112.66,14.3
43,2,"spread",0.182176126480103,5.633,0,-5.633,107.02,18.5
44,2,"spread",0.242559009194374,5.351,0,-5.351,101.67,22.6
45,2,"spread",0.320342617630959,5.084,0,-5.084,96.59,26.5
46,3,"spread",0.369949580430984,4.829,1,4.39,100.98,23.1
47,3,"totals",0.306398574531078,5.049,1,4.589,105.57,19.7
48,3,"spread",0.582303155303001,5.278,1,4.798,110.37,16
49,3,"totals",0.41727378320694,5.518,1,5.016,115.38,12.2
50,3,"spread",0.718051823318005,5.769,0,-5.769,109.61,16.6
51,3,"spread",0.232494816124439,5.481,0,-5.481,104.13,20.7
52,3,"totals",0.329120240688324,5.207,1,4.733,108.87,17.1
53,3,"totals",0.263629309773445,5.443,1,4.948,113.81,13.4
54,3,"totals",0.501914888322353,5.691,1,5.173,118.99,9.4
55,3,"totals",0.317986807465553,5.949,1,5.408,124.39,5.3
56,3,"spread",0.244845751702786,6.22,1,5.654,130.05,1
57,3,"totals",0.201574238777161,6.502,1,5.911,135.96,0
58,3,"spread",0.38184776443243,6.798,0,-6.798,129.16,5
59,3,"spread",0.521024668753147,6.458,1,5.87,135.03,0.7
60,3,"spread",0.233697526395321,6.752,1,6.137,141.17,0
61,3,"spread",0.682413822591305,7.058,1,6.416,147.58,0
62,3,"totals",0.177804268956184,7.217,1,6.56,154.14,0
63,3,"totals",0.395879535973072,7.707,1,7.006,161.15,0
64,3,"spread",0.453665497541428,8.057,1,7.324,168.47,0
65,3,"totals",0.211710913062096,8.424,1,7.657,176.13,0
66,3,"spread",0.262152377009392,8.807,0,-8.807,167.32,5
67,3,"totals",0.248757575392723,8.366,0,-8.366,158.96,9.7
68,3,"spread",0.672183389246464,7.948,1,7.225,166.18,5.6
69,3,"totals",0.152899860024452,6.988,1,6.352,172.54,2
70,3,"spread",0.249386238992214,8.627,0,-8.627,163.91,6.9
71,3,"totals",0.3894694429636,8.195,1,7.45,171.36,2.7
72,3,"spread",0.453245402336121,8.568,1,7.788,179.15,0
73,3,"spread",0.174704758286476,8.608,1,7.824,186.97,0
74,3,"totals",0.310506791591644,9.349,1,8.498,195.47,0
75,3,"totals",0.174285573363304,9.369,1,8.517,203.99,0
76,3,"totals",0.140896879792213,7.905,0,-7.905,196.08,3.9
77,3,"spread",0.464597644627094,9.804,0,-9.804,186.28,8.7
78,3,"totals",0.327803631365299,9.314,1,8.466,194.74,4.5
79,3,"spread",0.52702274531126,9.737,1,8.851,203.59,0.2
80,3,"spread",0.474157768964767,10.18,0,-10.18,193.41,5.2
81,3,"spread",0.413503849744797,9.671,0,-9.671,183.74,9.9
82,3,"spread",0.2798220911026,9.187,1,8.351,192.1,5.8
83,3,"spread",0.232856425702572,9.605,1,8.731,200.83,1.5
84,3,"totals",0.278486479640007,10.041,1,9.128,209.95,0
85,3,"totals",0.17318492847681,10,0,-10,199.95,4.8
86,3,"spread",0.254171364605427,9.998,0,-9.998,189.96,9.5
87,3,"totals",0.274801543772221,9.498,1,8.633,198.59,5.4
88,3,"spread",0.375401373922825,9.929,1,9.026,207.61,1.1
89,4,"spread",0.433187563061714,10.381,1,9.436,217.05,0
90,4,"spread",0.561324224293232,10.853,1,9.865,226.92,0
91,4,"spread",0.151134709179401,9.432,1,8.574,235.49,0
92,4,"spread",0.709991616368294,11.774,1,10.703,246.19,0
93,4,"totals",0.198868994057179,12.31,1,11.189,257.38,0
94,4,"spread",0.601102074384689,12.869,1,11.698,269.08,0
95,4,"totals",0.21848079508543,13.454,1,12.23,281.31,0
96,4,"totals",0.379280427455902,14.065,0,-14.065,267.24,5
97,4,"totals",0.216712572038174,13.362,0,-13.362,253.88,9.8
98,4,"spread",0.338520496726036,12.694,1,11.539,265.42,5.6
99,4,"spread",0.50885260361433,13.271,1,12.063,277.48,1.4
100,4,"totals",0.144897797346115,11.058,1,10.052,287.54,0
101,4,"spread",0.2840208812356,14.377,1,13.069,300.6,0
102,4,"totals",0.229709921717644,15.03,0,-15.03,285.57,5
103,4,"totals",0.185323768317699,14.279,1,12.979,298.55,0.7
104,4,"spread",0.153038678050041,12.566,1,11.423,309.98,0
105,4,"totals",0.165149071574211,14.079,1,12.798,322.77,0
106,4,"spread",0.268019259154797,16.139,0,-16.139,306.64,5
107,4,"spread",0.232626693248749,15.332,0,-15.332,291.3,9.7
108,4,"spread",0.232147429704666,14.565,1,13.24,304.54,5.6
109,4,"totals",0.369235350310802,15.227,0,-15.227,289.32,10.4
110,5,"spread",0.563050801932812,14.466,0,-14.466,274.85,14.8
111,5,"spread",0.635364069879055,13.743,1,12.492,287.34,11
112,5,"spread",0.427072173893452,14.367,0,-14.367,272.98,15.4
113,5,"totals",0.348456681370735,13.649,0,-13.649,259.33,19.7
114,5,"spread",0.315732152402401,12.966,0,-12.966,246.36,23.7
115,5,"totals",0.191784040629864,12.318,0,-12.318,234.04,27.5
116,5,"spread",0.351371063411236,11.702,1,10.637,244.68,24.2
117,5,"spread",0.400697090387344,12.234,0,-12.234,232.45,28
118,5,"totals",0.41661701464653,11.622,1,10.565,243.01,24.7
119,5,"spread",0.520317038178444,12.151,1,11.045,254.06,21.3
120,5,"spread",0.354555913031101,12.703,1,11.547,265.6,17.7
121,5,"totals",0.254342725217342,13.28,0,-13.28,252.32,21.8
122,5,"spread",0.306579037964344,12.616,1,11.468,263.79,18.3
123,5,"spread",0.344628831207752,13.19,1,11.989,275.78,14.6
124,5,"spread",0.172116371035576,13.054,1,11.867,287.65,10.9
125,5,"totals",0.29492412686348,14.382,0,-14.382,273.26,15.3
126,5,"spread",0.367352886855602,13.663,1,12.42,285.68,11.5
127,5,"spread",0.211302082598209,14.284,1,12.984,298.67,7.5
128,5,"spread",0.196072834908962,14.933,0,-14.933,283.73,12.1
129,5,"spread",0.291230429530144,14.187,1,12.896,296.63,8.1
130,5,"spread",0.211285583734512,14.831,1,13.482,310.11,3.9
131,5,"spread",0.267578341245651,15.506,1,14.095,324.21,0
132,5,"spread",0.220556352138519,16.21,1,14.735,338.94,0
133,5,"spread",0.155653577268124,14.51,1,13.189,352.13,0
134,5,"totals",0.152089026212692,14.729,1,13.389,365.52,0
135,5,"spread",0.19790511906147,18.276,1,16.613,382.13,0
136,5,"totals",0.200188220441341,19.107,1,17.368,399.5,0
137,6,"totals",0.230213535308838,19.975,0,-19.975,379.53,5
138,6,"spread",0.226361335098743,18.976,1,17.249,396.77,0.7
139,6,"spread",0.288655013799667,19.839,1,18.033,414.81,0
140,6,"spread",0.308702953755856,20.74,1,18.853,433.66,0
141,6,"totals",0.180132087945938,21.484,0,-21.484,412.18,5
142,6,"spread",0.33475067704916,20.609,0,-20.609,391.57,9.7
143,6,"totals",0.289122443675995,19.578,1,17.797,409.37,5.6
144,6,"totals",0.26514117461443,20.468,0,-20.468,388.9,10.3
145,6,"spread",0.514695135712624,19.445,1,17.675,406.57,6.2
146,6,"spread",0.395840735197067,20.329,1,18.479,425.05,2
147,6,"spread",0.569421639025211,21.253,1,19.319,444.37,0
148,6,"totals",0.161191961348057,19.7,0,-19.7,424.67,4.4
149,6,"spread",0.190024920403957,21.233,1,19.301,443.97,0.1
150,6,"spread",0.489165931880474,22.199,1,20.178,464.15,0
151,6,"spread",0.216297255814075,23.207,0,-23.207,440.94,5
152,6,"spread",0.320466188430786,22.047,1,20.041,460.98,0.7
153,6,"totals",0.372608400762081,23.049,1,20.952,481.93,0
154,6,"spread",0.256833484709263,24.097,0,-24.097,457.84,5
155,6,"totals",0.196597612559795,22.892,0,-22.892,434.95,9.8
156,6,"totals",0.263904328763485,21.747,1,19.768,454.71,5.6
157,6,"spread",0.238187265455723,22.736,1,20.667,475.38,1.4
158,6,"spread",0.294285905301571,23.769,0,-23.769,451.61,6.3
159,6,"totals",0.209321763813496,22.581,0,-22.581,429.03,11
160,7,"spread",0.500335890173912,21.452,1,19.499,448.53,6.9
161,7,"spread",0.588084926068783,22.427,1,20.386,468.92,2.7
162,7,"spread",0.26648418211937,23.446,1,21.312,490.23,0
163,7,"spread",0.357890276491642,24.511,1,22.281,512.51,0
164,7,"totals",0.406677644014359,25.625,0,-25.625,486.88,5
165,7,"totals",0.355281407892704,24.344,1,22.129,509.01,0.7
166,7,"spread",0.242453757822514,25.451,1,23.135,532.15,0
167,7,"totals",0.165737341403961,24.257,1,22.049,554.2,0
168,7,"totals",0.164293406367302,25.041,1,22.763,576.96,0
169,7,"spread",0.687503323793411,28.848,1,26.223,603.18,0
170,7,"spread",0.245895762145519,30.159,1,27.415,630.6,0
171,7,"spread",0.530228076279163,31.53,1,28.661,659.26,0
172,7,"totals",0.304119341850281,32.963,1,29.963,689.22,0
173,7,"spread",0.383677659094334,34.461,1,31.325,720.55,0
174,7,"spread",0.196124379634857,36.027,1,32.749,753.29,0
175,7,"spread",0.205377397537231,37.665,0,-37.665,715.63,5
176,7,"spread",0.18207167160511,35.781,0,-35.781,679.85,9.8
177,7,"spread",0.499015412151814,33.992,1,30.899,710.75,5.6
178,7,"spread",0.158885989129543,31.058,1,28.232,738.98,1.9
179,7,"spread",0.304781116962433,36.949,1,33.587,772.57,0
180,7,"spread",0.418485141158104,38.628,1,35.113,807.68,0
181,7,"spread",0.344706774115562,40.384,0,-40.384,767.3,5
182,7,"spread",0.21563343256712,38.365,0,-38.365,728.93,9.7
183,7,"spread",0.393181004583836,36.447,1,33.13,762.06,5.6
184,7,"spread",0.209622043132782,38.103,0,-38.103,723.96,10.4
185,7,"spread",0.161178989827633,32.092,1,29.172,753.13,6.8
186,7,"spread",0.349630603969097,37.656,1,34.23,787.36,2.5
187,7,"spread",0.264727110028267,39.368,0,-39.368,747.99,7.4
188,7,"totals",0.307186309933662,37.4,1,33.996,781.99,3.2
189,7,"spread",0.203051171541214,39.099,0,-39.099,742.89,8
190,8,"spread",0.332945928931236,37.144,0,-37.144,705.74,12.6
191,8,"spread",0.391798968732357,35.287,1,32.076,737.82,8.6
192,8,"spread",0.265296036362648,36.891,1,33.534,771.35,4.5
193,8,"spread",0.535208912551403,38.568,1,35.058,806.41,0.2
194,8,"totals",0.347626617848873,40.321,0,-40.321,766.09,5.1
195,8,"spread",0.489323752045631,38.305,0,-38.305,727.79,9.9
196,8,"totals",0.195702919006348,36.389,1,33.078,760.86,5.8
197,8,"totals",0.191682316601276,38.043,0,-38.043,722.82,10.5
198,8,"spread",0.486163138687611,36.141,0,-36.141,686.68,15
199,8,"spread",0.158940492272377,30.017,0,-30.017,656.66,18.7
200,8,"spread",0.44929216080904,32.833,1,29.845,686.51,15
201,8,"spread",0.384861025869846,34.325,0,-34.325,652.18,19.3
202,8,"spread",0.302101587712765,32.609,1,29.642,681.82,15.6
203,8,"spread",0.546854151904583,34.091,1,30.989,712.81,11.7
204,8,"spread",0.201036034464836,35.641,1,32.397,745.21,7.7
205,8,"spread",0.160386020302772,32.872,1,29.88,775.09,4
206,8,"totals",0.379137058019638,38.755,1,35.228,810.32,0
207,8,"spread",0.181782315671444,40.512,0,-40.512,769.81,5
208,8,"totals",0.462531986892223,38.49,0,-38.49,731.32,9.7
209,8,"spread",0.24815121370554,36.566,1,33.238,764.56,5.6
210,8,"spread",0.240137089788914,38.228,0,-38.228,726.33,10.4
211,8,"totals",0.207479238986969,36.316,1,33.012,759.34,6.3
212,8,"totals",0.313744778931141,37.967,0,-37.967,721.37,11
213,8,"totals",0.142214285612106,28.215,0,-28.215,693.16,14.5
214,8,"spread",0.155889112770557,29.718,1,27.014,720.17,11.1
215,8,"spread",0.211292638421059,36.009,1,32.732,752.9,7.1
216,8,"totals",0.357022094905377,37.645,0,-37.645,715.26,11.7
217,8,"spread",0.173859219968319,34.201,1,31.089,746.35,7.9
218,8,"spread",0.299143170773983,37.317,1,33.921,780.27,3.7
219,8,"spread",0.171729159772396,36.852,1,33.499,813.77,0
220,9,"totals",0.20173160380125,40.688,1,36.986,850.75,0
221,9,"spread",0.465915960729122,42.538,1,38.667,889.42,0
222,9,"spread",0.294499138891697,44.471,1,40.424,929.84,0
223,9,"spread",0.210013009309769,46.492,1,42.261,972.1,0
224,9,"spread",0.291820406138897,48.605,1,44.182,1016.29,0
225,9,"totals",0.171143962144852,47.836,1,43.483,1059.77,0
226,9,"spread",0.308602822721004,52.988,1,48.167,1107.94,0
227,9,"totals",0.260227699220181,55.397,0,-55.397,1052.54,5
228,9,"spread",0.346582979381085,52.627,1,47.838,1100.38,0.7
229,9,"spread",0.612121039628983,55.019,1,50.012,1150.39,0
230,9,"spread",0.371810083329678,57.519,1,52.285,1202.67,0
231,9,"spread",0.247936500906944,60.134,1,54.662,1257.34,0
232,9,"spread",0.184348059654236,62.867,1,57.146,1314.48,0
233,9,"totals",0.263421082735062,65.724,1,59.743,1374.22,0
234,9,"totals",0.18683722615242,68.711,1,62.459,1436.68,0
235,9,"spread",0.266398956954479,71.834,0,-71.834,1364.85,5
236,9,"spread",0.33239247739315,68.242,1,62.032,1426.88,0.7
237,9,"spread",0.383280889868736,71.344,1,64.852,1491.73,0
238,9,"spread",0.221531150519848,74.587,0,-74.587,1417.15,5
239,9,"spread",0.203845734059811,70.857,1,64.409,1481.56,0.7
240,9,"spread",0.298102263152599,74.078,1,67.337,1548.89,0
241,9,"spread",0.175042472958565,74.566,0,-74.566,1474.33,4.8
242,9,"spread",0.395626363754273,73.716,1,67.008,1541.33,0.5
243,9,"totals",0.146524926662445,62.113,1,56.461,1597.8,0
244,9,"spread",0.18507241666317,79.89,0,-79.89,1517.91,5
245,9,"totals",0.164336417198181,68.605,0,-68.605,1449.3,9.3
246,9,"spread",0.165304047107697,65.89,0,-65.89,1383.41,13.4
247,9,"spread",0.197096902310848,69.171,0,-69.171,1314.24,17.7
248,9,"spread",0.205244041204452,65.712,1,59.732,1373.97,14
249,9,"totals",0.271412677168846,68.699,0,-68.699,1305.27,18.3
250,9,"spread",0.166888165593147,59.911,0,-59.911,1245.36,22.1
251,9,"spread",0.309878355562687,62.268,0,-62.268,1183.1,26
252,9,"totals",0.191402404844761,59.155,1,53.772,1236.87,22.6
253,9,"spread",0.212885404586792,61.843,1,56.216,1293.08,19.1
254,9,"spread",0.170539307236671,60.649,0,-60.649,1232.43,22.9
255,9,"spread",0.225397573888302,61.622,1,56.014,1288.45,19.4
256,9,"totals",0.168323452949524,59.647,1,54.219,1342.67,16
257,9,"totals",0.16287359380722,60.144,0,-60.144,1282.52,19.7
258,9,"spread",0.219568809807301,64.126,0,-64.126,1218.4,23.7
259,9,"spread",0.260041660308838,60.92,0,-60.92,1157.48,27.6
260,9,"spread",0.173197899997234,55.135,0,-55.135,1102.34,31
261,9,"totals",0.39479595887661,55.117,0,-55.117,1047.22,34.5
262,10,"totals",0.248752568840981,52.361,0,-52.361,994.86,37.7
263,10,"spread",0.178141983628273,48.742,0,-48.742,946.12,40.8
264,10,"totals",0.153153942525387,39.852,0,-39.852,906.27,43.3
265,10,"spread",0.158423565804958,39.487,1,35.894,942.16,41
266,10,"totals",0.291942952871323,47.108,0,-47.108,895.05,44
267,10,"totals",0.239088786125183,44.753,1,40.68,935.73,41.4
268,10,"spread",0.181692197740078,46.759,0,-46.759,888.97,44.4
269,10,"spread",0.158158559918404,38.669,0,-38.669,850.31,46.8
270,10,"totals",0.158995450556278,37.182,1,33.799,884.1,44.7
271,10,"spread",0.234748333334923,44.205,1,40.183,924.29,42.2
272,10,"spread",0.377041702330112,46.214,1,42.009,966.3,39.5
273,10,"spread",0.474844007909298,48.315,1,43.918,1010.21,36.8
274,10,"spread",0.306209008276463,50.511,1,45.914,1056.13,33.9
275,10,"spread",0.337542057216167,52.806,1,48.001,1104.13,30.9
276,10,"spread",0.520357773303986,55.206,1,50.183,1154.31,27.8
277,10,"spread",0.411190140128136,57.716,1,52.464,1206.78,24.5
278,10,"spread",0.193633620142937,60.339,0,-60.339,1146.44,28.2
279,10,"spread",0.400249914288521,57.322,0,-57.322,1089.12,31.8
280,10,"spread",0.499933886826038,54.456,0,-54.456,1034.66,35.2
281,10,"spread",0.17731123739481,50.456,0,-50.456,984.2,38.4
282,10,"spread",0.203743099749088,49.21,1,44.732,1028.94,35.6
283,10,"spread",0.289682608544827,51.447,0,-51.447,977.49,38.8
284,10,"spread",0.226242543280125,48.874,0,-48.874,928.61,41.9
285,10,"totals",0.224914214074612,46.431,0,-46.431,882.18,44.8
286,10,"spread",0.178099427938461,43.211,1,39.279,921.46,42.3
287,10,"totals",0.174990017950535,44.347,1,40.312,961.77,39.8
288,10,"spread",0.419693426907063,48.089,0,-48.089,913.69,42.8
289,10,"spread",0.158011435568333,39.707,0,-39.707,873.98,45.3
290,10,"spread",0.188614552021027,43.699,0,-43.699,830.28,48
291,10,"spread",0.301115069448948,41.514,0,-41.514,788.77,50.6
292,10,"spread",0.172544431209564,37.43,0,-37.43,751.34,53
293,10,"spread",0.231943754076958,37.567,1,34.148,785.48,50.8
294,10,"spread",0.328887322247028,39.274,1,35.7,821.18,48.6
295,10,"totals",0.199510629177094,41.059,0,-41.059,780.13,51.2
296,10,"totals",0.420996268212795,39.006,1,35.457,815.58,49
297,11,"spread",0.434079753339291,40.779,1,37.068,852.65,46.6
298,11,"totals",0.223177395761013,42.633,1,38.753,891.4,44.2
299,11,"spread",0.232333468616009,44.57,0,-44.57,846.83,47
300,11,"totals",0.182555941700935,42.342,0,-42.342,804.49,49.6
301,11,"spread",0.214789601027966,40.225,1,36.564,841.06,47.4
302,11,"totals",0.392071256875992,42.053,0,-42.053,799,50
303,11,"totals",0.197203177750111,39.95,1,36.315,835.32,47.7
304,11,"spread",0.345710360169411,41.766,0,-41.766,793.55,50.3
305,11,"spread",0.240017729043961,39.678,1,36.067,829.62,48.1
306,11,"spread",0.279145523905754,41.481,0,-41.481,788.14,50.7
307,11,"spread",0.297457669615746,39.407,1,35.821,823.96,48.4
308,11,"totals",0.145055276155472,32.871,0,-32.871,791.09,50.5
309,11,"spread",0.188963645219803,39.554,1,35.955,827.04,48.2
310,11,"spread",0.231052929222584,41.352,1,37.589,864.63,45.9
311,11,"spread",0.385071983754635,43.232,1,39.297,903.93,43.4
312,11,"spread",0.221531036734581,45.196,1,41.084,945.01,40.9
313,11,"spread",0.237478383243084,47.251,1,42.951,987.96,38.2
314,11,"spread",0.18965147715807,49.398,0,-49.398,938.56,41.3
315,11,"spread",0.268271521091461,46.928,1,42.658,981.22,38.6
316,11,"spread",0.30029433631897,49.061,1,44.597,1025.82,35.8
317,11,"spread",0.266486912965775,51.291,0,-51.291,974.53,39
318,11,"spread",0.417447647094727,48.726,1,44.292,1018.82,36.2
319,11,"spread",0.221316096365452,50.941,0,-50.941,967.88,39.4
320,11,"spread",0.262853976964951,48.394,1,43.99,1011.87,36.7
321,11,"spread",0.178249510705471,49.605,1,45.091,1056.96,33.8
322,11,"spread",0.295583284914494,52.848,1,48.039,1105,30.8
323,11,"spread",0.161705132901669,49.143,1,44.671,1149.67,28
324,11,"spread",0.207261795341969,57.484,1,52.253,1201.92,24.8
325,11,"spread",0.186608062624931,60.096,1,54.627,1256.55,21.4
326,11,"spread",0.207097034275532,62.828,1,57.11,1313.66,17.8
327,11,"spread",0.156889854192734,56.683,0,-56.683,1256.98,21.3
328,11,"totals",0.17137460488081,59.245,0,-59.245,1197.73,25
329,11,"totals",0.218442335665226,59.887,0,-59.887,1137.85,28.8
330,11,"spread",0.217156675934792,56.892,0,-56.892,1080.95,32.3
331,11,"spread",0.27262733489275,54.048,1,49.129,1130.08,29.3
332,11,"spread",0.3237133923769,56.504,1,51.362,1181.45,26.1
333,12,"spread",0.175270726203918,56.951,0,-56.951,1124.5,29.6
334,12,"spread",0.398025412321091,56.225,0,-56.225,1068.27,33.1
335,12,"spread",0.515359527885914,53.414,0,-53.414,1014.86,36.5
336,12,"totals",0.176768709242344,49.339,0,-49.339,965.52,39.6
337,12,"spread",0.157941343843937,41.94,0,-41.94,923.58,42.2
338,12,"spread",0.28915578275919,46.179,1,41.977,965.55,39.6
339,12,"totals",0.142213261544704,37.765,0,-37.765,927.79,41.9
340,12,"spread",0.429063871204853,46.389,1,42.168,969.96,39.3
341,12,"totals",0.155079075455666,41.37,1,37.605,1007.56,36.9
342,12,"totals",0.181895076870918,50.378,0,-50.378,957.18,40.1
343,12,"spread",0.409418731093407,47.859,1,43.504,1000.69,37.4
344,12,"spread",0.335432478368282,50.034,1,45.481,1046.17,34.5
345,12,"spread",0.448741895258427,52.308,1,47.548,1093.72,31.5
346,12,"spread",0.271413701236248,54.686,0,-54.686,1039.03,35
347,12,"spread",0.222318544566631,51.952,1,47.224,1086.26,32
348,12,"totals",0.33000480735302,54.313,1,49.37,1135.63,28.9
349,12,"spread",0.232911839127541,56.781,0,-56.781,1078.85,32.5
350,12,"totals",0.361787308096886,53.942,1,49.034,1127.88,29.4
351,12,"spread",0.221314844727516,56.394,1,51.262,1179.14,26.2
352,12,"spread",0.343560273766518,58.957,1,53.592,1232.73,22.8
353,12,"spread",0.32346204072237,61.637,1,56.028,1288.76,19.3
354,12,"spread",0.296215589642525,64.438,0,-64.438,1224.32,23.4
355,12,"spread",0.510800152242184,61.216,1,55.645,1279.97,19.9
356,12,"totals",0.26562999612093,63.998,0,-63.998,1215.97,23.9
357,12,"spread",0.486633526980877,60.798,1,55.266,1271.24,20.4
358,12,"spread",0.395531239271164,63.562,0,-63.562,1207.67,24.4
359,12,"spread",0.277244399666786,60.384,1,54.889,1262.56,21
360,12,"spread",0.171712660908699,59.625,1,54.199,1316.76,17.6
361,12,"spread",0.163687158465386,59.279,0,-59.279,1257.48,21.3
362,12,"spread",0.154624617099762,53.476,0,-53.476,1204.01,24.6
363,12,"spread",0.619632687807083,60.2,1,54.722,1258.73,21.2
364,12,"spread",0.333453069865704,62.936,0,-62.936,1195.79,25.2
365,12,"totals",0.259216717123985,59.79,1,54.349,1250.14,21.8
366,12,"totals",0.163839403152466,56.332,0,-56.332,1193.81,25.3
367,12,"totals",0.151150183975697,49.627,1,45.111,1238.92,22.5
368,12,"spread",0.25571713745594,61.946,0,-61.946,1176.97,26.3
369,12,"spread",0.360373867511749,58.849,1,53.494,1230.47,23
370,12,"spread",0.176730136036873,59.808,0,-59.808,1170.66,26.7
371,12,"totals",0.231889933645725,58.533,1,53.207,1223.87,23.4
372,12,"spread",0.451564225018025,61.193,0,-61.193,1162.67,27.2
373,12,"spread",0.275804447114468,58.134,1,52.844,1215.52,23.9
374,12,"spread",0.387908422887325,60.776,1,55.245,1270.76,20.5
375,12,"spread",0.195496740102768,63.538,1,57.756,1328.52,16.9
376,12,"spread",0.22185634881258,66.426,0,-66.426,1262.09,21
377,12,"totals",0.201898868143559,63.105,1,57.362,1319.46,17.4
378,12,"spread",0.304378544688225,65.973,0,-65.973,1253.48,21.5
379,12,"spread",0.256003421187401,62.674,1,56.971,1310.45,18
380,12,"spread",0.178541711270809,64.348,0,-64.348,1246.1,22
381,12,"totals",0.231979141294956,62.305,1,56.635,1302.74,18.5
382,12,"spread",0.341543771266937,65.137,0,-65.137,1237.6,22.5
383,12,"spread",0.269059711635113,61.88,1,56.249,1293.85,19
384,12,"spread",0.199652064263821,64.693,1,58.806,1352.66,15.3
385,12,"totals",0.315051261365414,67.633,0,-67.633,1285.02,19.6
386,12,"totals",0.368744139313698,64.251,1,58.404,1343.43,15.9
387,12,"spread",0.398452220857143,67.171,1,61.059,1404.49,12.1
388,13,"spread",0.374179547727108,70.224,1,63.834,1468.32,8.1
389,13,"totals",0.407368775725365,73.416,0,-73.416,1394.91,12.7
390,13,"spread",0.33746217995882,69.745,1,63.398,1458.3,8.7
391,13,"totals",0.457694747626782,72.915,0,-72.915,1385.39,13.3
392,13,"spread",0.233412835657597,69.269,1,62.966,1448.36,9.4
393,13,"totals",0.343562890827656,72.418,0,-72.418,1375.94,13.9
394,13,"spread",0.255881102025509,68.797,1,62.536,1438.47,10
395,13,"spread",0.261487984836102,71.924,1,65.379,1503.85,5.9
396,13,"totals",0.20089528208971,75.193,1,68.35,1572.2,1.6
397,13,"spread",0.15323723334074,66.26,1,60.23,1632.43,0
398,13,"totals",0.17515773743391,78.639,1,71.483,1703.92,0
399,13,"spread",0.170783376634121,80.033,1,72.75,1776.67,0
400,13,"totals",0.174861781954765,85.443,1,77.668,1854.33,0
401,13,"spread",0.173204271972179,88.333,1,80.295,1934.63,0
402,13,"totals",0.167342851519585,89.039,1,80.937,2015.57,0
403,13,"spread",0.424218439400196,100.778,0,-100.778,1914.79,5
404,13,"totals",0.259607114374638,95.739,0,-95.739,1819.05,9.8
405,13,"totals",0.149570958256722,74.829,1,68.019,1887.07,6.4
406,13,"spread",0.237199267983437,94.353,1,85.767,1972.83,2.1
407,13,"spread",0.431452792882919,98.642,1,89.665,2062.5,0
408,13,"spread",0.230424151837826,103.125,1,93.741,2156.24,0
409,13,"spread",0.406542239546776,107.812,0,-107.812,2048.43,5
410,13,"spread",0.201201478242874,102.421,1,93.101,2141.53,0.7
411,13,"spread",0.320341138422489,107.076,1,97.332,2238.86,0
412,13,"spread",0.280885983347893,111.943,0,-111.943,2126.92,5
413,13,"totals",0.158791433572769,92.887,1,84.434,2211.35,1.2
414,13,"spread",0.268276755213738,110.568,0,-110.568,2100.78,6.2
415,13,"spread",0.34230533605814,105.039,0,-105.039,1995.75,10.9
416,13,"totals",0.310499850690365,99.787,1,90.707,2086.45,6.8
417,13,"spread",0.170380235433578,97.77,1,88.873,2175.32,2.8
418,13,"spread",0.367271189033985,108.766,0,-108.766,2066.56,7.7
419,13,"spread",0.16537277340889,93.991,1,85.438,2152,3.9
420,13,"spread",0.479307462573051,107.6,0,-107.6,2044.4,8.7
421,13,"spread",0.235696278393269,102.22,1,92.918,2137.31,4.5
422,13,"totals",0.277187393248081,106.866,1,97.141,2234.46,0.2
423,13,"spread",0.264652922034264,111.723,1,101.556,2336.01,0
424,13,"spread",0.189863231539726,116.801,1,106.172,2442.18,0
425,13,"totals",0.167824163198471,112.722,0,-112.722,2329.46,4.6
426,14,"spread",0.380925193488598,116.473,0,-116.473,2212.99,9.4
427,14,"totals",0.254783870697021,110.649,1,100.58,2313.57,5.3
428,14,"spread",0.340152973949909,115.678,1,105.152,2418.72,1
429,14,"totals",0.170091903567314,113.148,0,-113.148,2305.57,5.6
430,14,"spread",0.279291965544224,115.279,1,104.788,2410.36,1.3
431,14,"totals",0.411184450864792,120.518,1,109.551,2519.91,0
432,14,"spread",0.374251801371574,125.996,1,114.53,2634.44,0
433,14,"totals",0.282318767428398,131.722,0,-131.722,2502.72,5
434,14,"spread",0.296695422112942,125.136,0,-125.136,2377.58,9.7
435,14,"totals",0.353225763261318,118.879,1,108.061,2485.64,5.6
436,14,"spread",0.320712305963039,124.282,1,112.973,2598.62,1.4
437,14,"spread",0.175185159683228,125.203,0,-125.203,2473.41,6.1
438,14,"totals",0.219252372980118,123.671,0,-123.671,2349.74,10.8
439,14,"totals",0.168643075764179,108.985,1,99.067,2448.81,7
440,14,"spread",0.210879597902298,122.441,1,111.298,2560.11,2.8
441,14,"spread",0.163922807753086,115.418,1,104.915,2665.02,0
442,14,"spread",0.223012179553509,133.251,0,-133.251,2531.77,5
443,14,"totals",0.333518496394157,126.589,1,115.069,2646.84,0.7
444,14,"spread",0.224538153767586,132.342,1,120.299,2767.14,0
445,14,"spread",0.325846524775028,138.357,0,-138.357,2628.78,5
446,14,"totals",0.178071095407009,128.743,0,-128.743,2500.04,9.7
447,14,"totals",0.311447795748711,125.002,1,113.627,2613.67,5.5
448,14,"spread",0.248334294199944,130.683,0,-130.683,2482.98,10.3
449,14,"totals",0.179522426486015,122.594,1,111.438,2594.42,6.2
450,14,"spread",0.539018670856953,129.721,1,117.916,2712.34,2
451,14,"spread",0.224307966172695,135.617,0,-135.617,2576.72,6.9
452,14,"spread",0.171967312335968,121.868,0,-121.868,2454.85,11.3
