"season","week","matchup","pick","pick_spread","gap","tier","go_rate_pick","go_rate_opp","result"
2020,1,"Middle Tennessee @ Army","Army",-3.5,0.379,"STRONG",0.615,0.237,"WIN"
2020,1,"BYU @ Navy","Navy",1,0.207,"STRONG",0.5,0.293,"LOSS"
2020,1,"SMU @ Texas State","SMU",-24.5,0.16,"std",0.4,0.24,"LOSS"
2020,2,"Coastal Carolina @ Kansas","Coastal Carolina",6,0.318,"STRONG",0.531,0.212,"WIN"
2020,2,"UL Monroe @ Army","Army",-24.5,0.267,"STRONG",0.622,0.356,"WIN"
2020,2,"Tulane @ South Alabama","Tulane",-11.5,0.168,"std",0.549,0.381,"LOSS"
2020,2,"Arkansas State @ Kansas State","Arkansas State",14.5,0.167,"std",0.5,0.333,"WIN"
2020,2,"Western Kentucky @ Louisville","Western Kentucky",13,0.164,"std",0.458,0.294,"LOSS"
2020,2,"Clemson @ Wake Forest","Wake Forest",34.5,0.152,"std",0.245,0.094,"WIN"
2020,2,"Georgia Tech @ Florida State","Florida State",-12.5,0.119,"std",0.464,0.345,"LOSS"
2020,2,"UAB @ Miami","Miami",-15.5,0.11,"std",0.404,0.294,"WIN"
2020,3,"UCF @ Georgia Tech","UCF",-9.5,0.228,"STRONG",0.571,0.344,"WIN"
2020,3,"Wake Forest @ NC State","NC State",2,0.191,"std",0.419,0.228,"WIN"
2020,3,"Liberty @ Western Kentucky","Western Kentucky",-14.5,0.19,"std",0.451,0.261,"LOSS"
2020,3,"Troy @ Middle Tennessee","Troy",-2,0.163,"std",0.419,0.256,"WIN"
2020,4,"UCF @ East Carolina","UCF",-28,0.59,"STRONG",0.59,0,"LOSS"
2020,4,"Army @ Cincinnati","Army",12.5,0.346,"STRONG",0.638,0.293,"LOSS"
2020,4,"Mississippi State @ LSU","Mississippi State",14.5,0.259,"STRONG",0.485,0.226,"WIN"
2020,4,"Kentucky @ Auburn","Kentucky",6.5,0.222,"STRONG",0.439,0.217,"LOSS"
2020,4,"Iowa State @ TCU","Iowa State",-3.5,0.192,"std",0.392,0.2,"LOSS"
2020,4,"NC State @ Virginia Tech","NC State",6,0.191,"std",0.391,0.2,"LOSS"
2020,4,"Georgia Southern @ Louisiana","Louisiana",-11.5,0.181,"std",0.366,0.185,"LOSS"
2020,4,"Kansas State @ Oklahoma","Kansas State",27.5,0.165,"std",0.341,0.176,"WIN"
2020,4,"Vanderbilt @ Texas A&M","Vanderbilt",31.5,0.131,"std",0.312,0.182,"WIN"
2020,4,"Florida State @ Miami","Florida State",12,0.115,"std",0.5,0.385,"LOSS"
2020,4,"Louisville @ Pittsburgh","Louisville",2.5,0.114,"std",0.349,0.235,"LOSS"
2020,4,"UTEP @ UL Monroe","UTEP",9.5,0.109,"std",0.442,0.333,"WIN"
2020,4,"UAB @ South Alabama","South Alabama",7.5,0.103,"std",0.386,0.283,"LOSS"
2021,1,"Hawai'i @ UCLA","UCLA",-17.5,0.253,"STRONG",0.47,0.216,"WIN"
2021,1,"LSU @ UCLA","UCLA",2,0.246,"STRONG",0.484,0.238,"WIN"
2021,1,"Oregon State @ Purdue","Oregon State",7,0.246,"STRONG",0.614,0.368,"LOSS"
2021,1,"Tulane @ Oklahoma","Tulane",31,0.229,"STRONG",0.489,0.26,"WIN"
2021,1,"East Carolina @ App State","App State",-9,0.221,"STRONG",0.4,0.179,"WIN"
2021,1,"Army @ Georgia State","Army",2.5,0.219,"STRONG",0.597,0.378,"WIN"
2021,1,"North Carolina @ Virginia Tech","North Carolina",-5.5,0.216,"STRONG",0.413,0.198,"LOSS"
2021,1,"Louisiana Tech @ Mississippi State","Mississippi State",-20.5,0.196,"std",0.46,0.265,"LOSS"
2021,1,"Bowling Green @ Tennessee","Tennessee",-37,0.183,"std",0.565,0.382,"LOSS"
2021,1,"Notre Dame @ Florida State","Florida State",7.5,0.161,"std",0.474,0.312,"WIN"
2021,1,"New Mexico State @ San Diego State","San Diego State",-31,0.151,"std",0.519,0.367,"LOSS"
2021,1,"Massachusetts @ Pittsburgh","Massachusetts",37.5,0.119,"std",0.378,0.259,"LOSS"
2021,1,"Nevada @ California","Nevada",3,0.107,"std",0.342,0.235,"WIN"
2021,1,"Western Michigan @ Michigan","Western Michigan",16.5,0.106,"std",0.433,0.327,"LOSS"
2021,1,"Penn State @ Wisconsin","Penn State",5.5,0.104,"std",0.446,0.342,"WIN"
2021,1,"Alabama @ Miami","Miami",19.5,0.103,"std",0.437,0.333,"LOSS"
2021,1,"South Florida @ NC State","South Florida",19,0.102,"std",0.444,0.343,"LOSS"
2021,2,"Hawai'i @ Oregon State","Oregon State",-11,0.385,"STRONG",0.629,0.244,"WIN"
2021,2,"Pittsburgh @ Tennessee","Tennessee",3.5,0.291,"STRONG",0.571,0.281,"LOSS"
2021,2,"UNLV @ Arizona State","UNLV",34.5,0.251,"STRONG",0.444,0.193,"WIN"
2021,2,"Western Kentucky @ Army","Army",-6,0.231,"STRONG",0.605,0.374,"LOSS"
2021,2,"Wyoming @ Northern Illinois","Northern Illinois",7,0.194,"std",0.384,0.19,"LOSS"
2021,2,"Miami (OH) @ Minnesota","Minnesota",-19,0.172,"std",0.383,0.211,"LOSS"
2021,2,"Toledo @ Notre Dame","Toledo",16.5,0.163,"std",0.465,0.301,"WIN"
2021,2,"Texas A&M @ Colorado","Texas A&M",-17,0.134,"std",0.259,0.125,"LOSS"
2021,2,"Tulsa @ Oklahoma State","Tulsa",12,0.129,"std",0.377,0.247,"WIN"
2021,2,"UAB @ Georgia","UAB",22.5,0.118,"std",0.303,0.184,"LOSS"
2021,2,"NC State @ Mississippi State","Mississippi State",1.5,0.117,"std",0.446,0.329,"WIN"
2021,2,"Houston @ Rice","Houston",-7.5,0.114,"std",0.386,0.271,"WIN"
2021,3,"Georgia Tech @ Clemson","Georgia Tech",27.5,0.259,"STRONG",0.415,0.156,"WIN"
2021,3,"UCF @ Louisville","Louisville",7,0.253,"STRONG",0.473,0.22,"WIN"
2021,3,"Minnesota @ Colorado","Minnesota",2.5,0.237,"STRONG",0.375,0.138,"WIN"
2021,3,"Ball State @ Wyoming","Ball State",6.5,0.224,"STRONG",0.421,0.198,"LOSS"
2021,3,"Arizona State @ BYU","BYU",3,0.201,"STRONG",0.434,0.233,"WIN"
2021,3,"Florida State @ Wake Forest","Florida State",4.5,0.199,"std",0.47,0.271,"LOSS"
2021,3,"Auburn @ Penn State","Penn State",-4,0.173,"std",0.435,0.262,"WIN"
2021,3,"Virginia Tech @ West Virginia","West Virginia",-2,0.155,"std",0.366,0.211,"WIN"
2021,3,"Fresno State @ UCLA","UCLA",-11,0.152,"std",0.463,0.31,"LOSS"
2021,3,"Western Michigan @ Pittsburgh","Western Michigan",14.5,0.15,"std",0.433,0.283,"WIN"
2021,3,"Kent State @ Iowa","Kent State",22.5,0.129,"std",0.344,0.215,"LOSS"
2021,3,"UAB @ North Texas","North Texas",12.5,0.126,"std",0.429,0.303,"LOSS"
2021,3,"Utah @ San Diego State","San Diego State",8,0.124,"std",0.515,0.391,"WIN"
2021,3,"New Mexico @ Texas A&M","New Mexico",30,0.116,"std",0.353,0.237,"LOSS"
2021,3,"Boston College @ Temple","Temple",15,0.109,"std",0.409,0.3,"LOSS"
2021,3,"Iowa State @ UNLV","UNLV",32,0.103,"std",0.429,0.326,"LOSS"
2021,4,"Miami (OH) @ Army","Army",-7.5,0.406,"STRONG",0.616,0.211,"WIN"
2021,4,"UAB @ Tulane","Tulane",-2.5,0.216,"STRONG",0.51,0.295,"LOSS"
2021,4,"UCLA @ Stanford","UCLA",-4,0.211,"STRONG",0.457,0.246,"WIN"
2021,4,"Tennessee @ Florida","Tennessee",19,0.2,"STRONG",0.588,0.388,"LOSS"
2021,4,"California @ Washington","Washington",-7.5,0.164,"std",0.385,0.22,"LOSS"
2021,4,"Colorado State @ Iowa","Colorado State",23.5,0.16,"std",0.377,0.216,"WIN"
2021,4,"Georgia State @ Auburn","Georgia State",27.5,0.156,"std",0.41,0.254,"WIN"
2021,4,"San José State @ Western Michigan","Western Michigan",-2.5,0.154,"std",0.429,0.275,"WIN"
2021,4,"Navy @ Houston","Navy",20,0.148,"std",0.532,0.384,"WIN"
2021,4,"SMU @ TCU","SMU",9.5,0.147,"std",0.382,0.235,"WIN"
2021,4,"Clemson @ NC State","NC State",10.5,0.144,"std",0.308,0.164,"WIN"
2021,4,"Wake Forest @ Virginia","Virginia",-3.5,0.14,"std",0.42,0.281,"LOSS"
2021,4,"North Texas @ Louisiana Tech","North Texas",10.5,0.139,"std",0.43,0.291,"WIN"
2021,4,"Iowa State @ Baylor","Baylor",7,0.135,"std",0.468,0.333,"WIN"
2021,4,"Washington State @ Utah","Washington State",15,0.128,"std",0.517,0.389,"WIN"
2021,4,"LSU @ Mississippi State","Mississippi State",1.5,0.125,"std",0.425,0.3,"LOSS"
2021,4,"Florida International @ Central Michigan","Central Michigan",-12,0.124,"std",0.395,0.271,"LOSS"
2021,4,"Liberty @ Syracuse","Liberty",-6.5,0.119,"std",0.46,0.341,"LOSS"
2021,4,"UNLV @ Fresno State","UNLV",30,0.1,"std",0.433,0.333,"WIN"
2022,1,"Boise State @ Oregon State","Oregon State",-1.5,0.276,"STRONG",0.531,0.255,"WIN"
2022,1,"Utah State @ Alabama","Utah State",42,0.255,"STRONG",0.535,0.279,"LOSS"
2022,1,"Liberty @ Southern Miss","Liberty",-3.5,0.243,"STRONG",0.507,0.265,"LOSS"
2022,1,"Central Michigan @ Oklahoma State","Central Michigan",20.5,0.191,"std",0.418,0.227,"WIN"
2022,1,"Army @ Coastal Carolina","Army",1.5,0.183,"std",0.609,0.426,"LOSS"
2022,1,"Ball State @ Tennessee","Tennessee",-35.5,0.182,"std",0.545,0.362,"WIN"
2022,1,"Illinois @ Indiana","Indiana",-1,0.173,"std",0.309,0.136,"WIN"
2022,1,"North Carolina @ App State","App State",-3,0.169,"std",0.574,0.405,"LOSS"
2022,1,"Penn State @ Purdue","Penn State",-3.5,0.154,"std",0.454,0.3,"WIN"
2022,1,"Wyoming @ Illinois","Wyoming",14,0.152,"std",0.274,0.122,"LOSS"
2022,1,"LSU @ Florida State","Florida State",4.5,0.142,"std",0.458,0.317,"WIN"
2022,1,"Miami (OH) @ Kentucky","Kentucky",-15,0.141,"std",0.376,0.235,"WIN"
2022,1,"Arizona @ San Diego State","Arizona",6.5,0.133,"std",0.455,0.321,"WIN"
2022,1,"UL Monroe @ Texas","Texas",-37.5,0.131,"std",0.45,0.319,"WIN"
2022,1,"Bowling Green @ UCLA","UCLA",-24,0.126,"std",0.474,0.348,"WIN"
2022,1,"Tulsa @ Wyoming","Tulsa",-6.5,0.112,"std",0.383,0.27,"LOSS"
2022,1,"North Texas @ UTEP","North Texas",-1.5,0.108,"std",0.471,0.363,"WIN"
2022,2,"App State @ Texas A&M","App State",18,0.354,"STRONG",0.583,0.229,"WIN"
2022,2,"UTSA @ Army","Army",2,0.273,"STRONG",0.61,0.337,"LOSS"
2022,2,"Oregon State @ Fresno State","Oregon State",1,0.256,"STRONG",0.52,0.263,"WIN"
2022,2,"Louisville @ UCF","Louisville",5.5,0.21,"STRONG",0.44,0.231,"WIN"
2022,2,"Alabama @ Texas","Texas",21,0.203,"STRONG",0.478,0.275,"WIN"
2022,2,"Tennessee @ Pittsburgh","Tennessee",-6,0.191,"std",0.537,0.346,"WIN"
2022,2,"Wake Forest @ Vanderbilt","Vanderbilt",13.5,0.186,"std",0.458,0.272,"LOSS"
2022,2,"South Alabama @ Central Michigan","South Alabama",6,0.184,"std",0.603,0.42,"WIN"
2022,2,"Southern Miss @ Miami","Miami",-27.5,0.159,"std",0.379,0.22,"LOSS"
2022,2,"Ohio @ Penn State","Penn State",-28,0.146,"std",0.426,0.28,"WIN"
2022,2,"Iowa State @ Iowa","Iowa State",3.5,0.144,"std",0.341,0.197,"WIN"
2022,2,"Western Michigan @ Ball State","Western Michigan",-6.5,0.115,"std",0.479,0.364,"WIN"
2022,2,"Kentucky @ Florida","Florida",-6,0.111,"std",0.5,0.389,"LOSS"
2022,2,"USC @ Stanford","USC",-9.5,0.106,"std",0.325,0.22,"WIN"
2022,3,"Air Force @ Wyoming","Air Force",-16.5,0.252,"STRONG",0.5,0.248,"LOSS"
2022,3,"Texas State @ Baylor","Baylor",-30,0.222,"STRONG",0.558,0.336,"WIN"
2022,3,"Tulane @ Kansas State","Tulane",14,0.208,"STRONG",0.521,0.314,"WIN"
2022,3,"Liberty @ Wake Forest","Liberty",17.5,0.208,"STRONG",0.476,0.268,"WIN"
2022,3,"Arkansas State @ Memphis","Memphis",-14.5,0.192,"std",0.467,0.275,"LOSS"
2022,3,"Akron @ Tennessee","Tennessee",-47.5,0.186,"std",0.541,0.355,"WIN"
2022,3,"UCF @ Florida Atlantic","Florida Atlantic",7.5,0.161,"std",0.398,0.238,"LOSS"
2022,3,"Miami @ Texas A&M","Miami",6.5,0.159,"std",0.378,0.218,"LOSS"
2022,3,"Penn State @ Auburn","Penn State",-2.5,0.144,"std",0.432,0.288,"WIN"
2022,3,"Pittsburgh @ Western Michigan","Western Michigan",10,0.141,"std",0.495,0.355,"LOSS"
2022,3,"South Alabama @ UCLA","South Alabama",15.5,0.14,"std",0.61,0.471,"WIN"
2022,3,"Georgia @ South Carolina","South Carolina",25.5,0.135,"std",0.308,0.173,"LOSS"
2022,3,"Toledo @ Ohio State","Toledo",31,0.132,"std",0.469,0.338,"LOSS"
2022,3,"Charlotte @ Georgia State","Charlotte",19.5,0.119,"std",0.458,0.339,"WIN"
2022,3,"UTSA @ Texas","Texas",-13,0.112,"std",0.449,0.337,"WIN"
2022,3,"North Texas @ UNLV","North Texas",2.5,0.104,"std",0.477,0.373,"LOSS"
2022,4,"Southern Miss @ Tulane","Tulane",-11.5,0.309,"STRONG",0.5,0.191,"LOSS"
2022,4,"Tulsa @ Ole Miss","Ole Miss",-21,0.299,"STRONG",0.667,0.368,"LOSS"
2022,4,"Wyoming @ BYU","BYU",-21.5,0.233,"STRONG",0.469,0.236,"LOSS"
2022,4,"Baylor @ Iowa State","Baylor",2.5,0.226,"STRONG",0.564,0.338,"WIN"
2022,4,"Western Michigan @ San José State","Western Michigan",6.5,0.224,"STRONG",0.491,0.267,"LOSS"
2022,4,"Arizona @ California","Arizona",3.5,0.218,"STRONG",0.519,0.301,"LOSS"
2022,4,"Miami (OH) @ Northwestern","Northwestern",-7.5,0.206,"STRONG",0.485,0.278,"LOSS"
2022,4,"Akron @ Liberty","Liberty",-26.5,0.2,"STRONG",0.506,0.306,"LOSS"
2022,4,"USC @ Oregon State","Oregon State",5.5,0.197,"std",0.538,0.341,"WIN"
2022,4,"Navy @ East Carolina","Navy",16.5,0.191,"std",0.53,0.339,"WIN"
2022,4,"Charlotte @ South Carolina","Charlotte",23.5,0.185,"std",0.471,0.286,"LOSS"
2022,4,"Kent State @ Georgia","Kent State",45,0.171,"std",0.343,0.173,"WIN"
2022,4,"Iowa @ Rutgers","Rutgers",7.5,0.156,"std",0.344,0.188,"LOSS"
2022,4,"Stanford @ Washington","Washington",-14,0.153,"std",0.379,0.226,"WIN"
2022,4,"UNLV @ Utah State","Utah State",3,0.147,"std",0.518,0.371,"LOSS"
2022,4,"Vanderbilt @ Alabama","Vanderbilt",40.5,0.144,"std",0.442,0.299,"LOSS"
2022,4,"Boston College @ Florida State","Florida State",-18.5,0.143,"std",0.439,0.296,"WIN"
2022,4,"Toledo @ San Diego State","Toledo",-3,0.137,"std",0.458,0.32,"LOSS"
2022,4,"Boise State @ UTEP","UTEP",16.5,0.124,"std",0.4,0.276,"WIN"
2023,1,"Texas Tech @ Wyoming","Texas Tech",-13.5,0.361,"STRONG",0.577,0.216,"LOSS"
2023,1,"Utah State @ Iowa","Utah State",23.6,0.299,"STRONG",0.505,0.206,"WIN"
2023,1,"Army @ UL Monroe","Army",-8.4,0.292,"STRONG",0.576,0.284,"LOSS"
2023,1,"Oregon State @ San José State","Oregon State",-15.2,0.273,"STRONG",0.535,0.261,"WIN"
2023,1,"Toledo @ Illinois","Toledo",10,0.242,"STRONG",0.453,0.211,"WIN"
2023,1,"Virginia @ Tennessee","Tennessee",-28,0.235,"STRONG",0.552,0.317,"WIN"
2023,1,"Clemson @ Duke","Duke",12.5,0.198,"std",0.404,0.206,"WIN"
2023,1,"Massachusetts @ Auburn","Auburn",-39,0.187,"std",0.487,0.3,"WIN"
2023,1,"South Carolina @ North Carolina","North Carolina",2.5,0.164,"std",0.461,0.296,"WIN"
2023,1,"Louisville @ Georgia Tech","Louisville",-8,0.163,"std",0.312,0.149,"LOSS"
2023,1,"Massachusetts @ New Mexico State","New Mexico State",-8,0.143,"std",0.438,0.294,"LOSS"
2023,1,"Miami (OH) @ Miami","Miami",-16.6,0.138,"std",0.379,0.241,"WIN"
2023,1,"San José State @ USC","USC",-30.5,0.13,"std",0.394,0.265,"LOSS"
2023,1,"Arkansas State @ Oklahoma","Oklahoma",-35.4,0.123,"std",0.429,0.306,"WIN"
2023,1,"Buffalo @ Wisconsin","Buffalo",24,0.121,"std",0.429,0.308,"WIN"
2023,1,"Boise State @ Washington","Washington",-14.5,0.118,"std",0.371,0.253,"WIN"
2023,1,"LSU @ Florida State","Florida State",2.5,0.112,"std",0.46,0.348,"WIN"
2023,1,"Akron @ Temple","Temple",-9.9,0.103,"std",0.489,0.386,"LOSS"
2023,2,"Southern Miss @ Florida State","Florida State",-31,0.205,"STRONG",0.458,0.253,"WIN"
2023,2,"SMU @ Oklahoma","SMU",16.3,0.202,"STRONG",0.593,0.391,"LOSS"
2023,2,"Texas A&M @ Miami","Miami",2.8,0.188,"std",0.386,0.198,"WIN"
2023,2,"Illinois @ Kansas","Kansas",-3.7,0.185,"std",0.422,0.237,"WIN"
2023,2,"UCLA @ San Diego State","UCLA",-13.5,0.18,"std",0.496,0.316,"WIN"
2023,2,"Vanderbilt @ Wake Forest","Vanderbilt",9.7,0.177,"std",0.488,0.311,"LOSS"
2023,2,"Utah @ Baylor","Baylor",7,0.158,"std",0.599,0.441,"LOSS"
2023,2,"Wisconsin @ Washington State","Washington State",5.3,0.155,"std",0.455,0.3,"WIN"
2023,2,"Ole Miss @ Tulane","Ole Miss",-9.8,0.151,"std",0.632,0.482,"WIN"
2023,2,"Ball State @ Georgia","Ball State",42,0.15,"std",0.337,0.187,"WIN"
2023,2,"James Madison @ Virginia","James Madison",-6,0.147,"std",0.444,0.298,"LOSS"
2023,2,"Temple @ Rutgers","Temple",7.7,0.137,"std",0.468,0.331,"LOSS"
2023,2,"Memphis @ Arkansas State","Memphis",-20.8,0.137,"std",0.44,0.303,"WIN"
2023,2,"Eastern Michigan @ Minnesota","Eastern Michigan",19.7,0.136,"std",0.413,0.276,"WIN"
2023,2,"UNLV @ Michigan","Michigan",-37.8,0.133,"std",0.357,0.224,"LOSS"
2023,2,"App State @ North Carolina","App State",19,0.132,"std",0.588,0.456,"WIN"
2023,2,"Iowa @ Iowa State","Iowa State",3.5,0.129,"std",0.339,0.21,"LOSS"
2023,2,"Auburn @ California","Auburn",-4.8,0.126,"std",0.483,0.357,"LOSS"
2023,2,"Louisiana @ Old Dominion","Louisiana",-6,0.121,"std",0.429,0.308,"LOSS"
2023,2,"Texas @ Alabama","Texas",7.2,0.119,"std",0.41,0.292,"WIN"
2023,3,"Georgia Tech @ Ole Miss","Ole Miss",-17,0.483,"STRONG",0.631,0.148,"WIN"
2023,3,"South Alabama @ Oklahoma State","South Alabama",7,0.362,"STRONG",0.577,0.215,"WIN"
2023,3,"East Carolina @ App State","App State",-7.5,0.259,"STRONG",0.582,0.323,"WIN"
2023,3,"Vanderbilt @ UNLV","Vanderbilt",-4.5,0.248,"STRONG",0.488,0.24,"LOSS"
2023,3,"Tulane @ Southern Miss","Tulane",-7.8,0.226,"STRONG",0.487,0.261,"WIN"
2023,3,"San Diego State @ Oregon State","Oregon State",-24.5,0.218,"STRONG",0.529,0.312,"LOSS"
2023,3,"Florida International @ UConn","Florida International",7,0.211,"STRONG",0.528,0.317,"WIN"
2023,3,"Wyoming @ Texas","Texas",-31,0.198,"std",0.422,0.223,"LOSS"
2023,3,"Miami (OH) @ Cincinnati","Cincinnati",-14.2,0.196,"std",0.438,0.241,"LOSS"
2023,3,"Penn State @ Illinois","Penn State",-13.5,0.189,"std",0.429,0.24,"WIN"
2023,3,"Northern Illinois @ Nebraska","Northern Illinois",11.5,0.187,"std",0.392,0.205,"LOSS"
2023,3,"Minnesota @ North Carolina","North Carolina",-6.7,0.182,"std",0.456,0.274,"WIN"
2023,3,"Army @ UTSA","Army",7,0.18,"std",0.567,0.387,"WIN"
2023,3,"San José State @ Toledo","Toledo",-9,0.178,"std",0.455,0.277,"LOSS"
2023,3,"BYU @ Arkansas","BYU",8.2,0.166,"std",0.453,0.287,"WIN"
2023,3,"Florida Atlantic @ Clemson","Florida Atlantic",25,0.165,"std",0.385,0.219,"LOSS"
2023,3,"New Mexico State @ New Mexico","New Mexico State",2.8,0.149,"std",0.39,0.241,"WIN"
2023,3,"Florida State @ Boston College","Florida State",-25.2,0.143,"std",0.471,0.327,"LOSS"
2023,3,"Central Michigan @ Notre Dame","Central Michigan",34.8,0.138,"std",0.456,0.318,"WIN"
2023,3,"Massachusetts @ Eastern Michigan","Eastern Michigan",-7.5,0.134,"std",0.41,0.276,"LOSS"
2023,3,"South Carolina @ Georgia","South Carolina",26,0.121,"std",0.306,0.184,"WIN"
2023,3,"Pittsburgh @ West Virginia","West Virginia",-1,0.106,"std",0.449,0.343,"WIN"
2023,4,"App State @ Wyoming","App State",3,0.357,"STRONG",0.581,0.224,"WIN"
2023,4,"Ole Miss @ Alabama","Ole Miss",7,0.344,"STRONG",0.628,0.284,"LOSS"
2023,4,"Louisiana Tech @ Nebraska","Louisiana Tech",20.7,0.314,"STRONG",0.51,0.196,"WIN"
2023,4,"Auburn @ Texas A&M","Auburn",9,0.299,"STRONG",0.488,0.189,"LOSS"
2023,4,"Florida State @ Clemson","Florida State",-2,0.253,"STRONG",0.471,0.218,"WIN"
2023,4,"Rice @ South Florida","South Florida",2.5,0.253,"STRONG",0.6,0.347,"WIN"
2023,4,"Army @ Syracuse","Army",13,0.247,"STRONG",0.563,0.315,"WIN"
2023,4,"Iowa @ Penn State","Penn State",-14.2,0.211,"STRONG",0.418,0.207,"WIN"
2023,4,"SMU @ TCU","SMU",6.8,0.186,"std",0.6,0.414,"LOSS"
2023,4,"New Mexico State @ Hawai'i","Hawai'i",-3.7,0.172,"std",0.536,0.364,"LOSS"
2023,4,"Air Force @ San José State","Air Force",-6.2,0.171,"std",0.457,0.286,"WIN"
2023,4,"UNLV @ UTEP","UTEP",-0.2,0.162,"std",0.385,0.222,"LOSS"
2023,4,"Texas @ Baylor","Baylor",16.5,0.159,"std",0.589,0.43,"LOSS"
2023,4,"Florida Atlantic @ Illinois","Florida Atlantic",16,0.144,"std",0.379,0.235,"WIN"
2023,4,"Georgia Tech @ Wake Forest","Wake Forest",-3.7,0.144,"std",0.302,0.158,"LOSS"
2023,4,"UTSA @ Tennessee","Tennessee",-23.3,0.141,"std",0.538,0.397,"WIN"
2023,4,"Memphis @ Missouri","Memphis",6.5,0.12,"std",0.433,0.312,"LOSS"
2023,4,"Texas Tech @ West Virginia","Texas Tech",-5.8,0.118,"std",0.563,0.445,"LOSS"
2023,4,"Duke @ UConn","Duke",-22.2,0.115,"std",0.411,0.295,"WIN"
2023,4,"North Carolina @ Pittsburgh","North Carolina",-7.2,0.115,"std",0.46,0.345,"WIN"
2023,4,"Central Michigan @ South Alabama","South Alabama",-16.2,0.115,"std",0.561,0.446,"LOSS"
2023,4,"Oklahoma State @ Iowa State","Iowa State",-3.5,0.113,"std",0.328,0.215,"WIN"
2023,4,"Miami @ Temple","Temple",23.3,0.112,"std",0.491,0.378,"LOSS"
2023,4,"Ohio @ Bowling Green","Bowling Green",13,0.101,"std",0.374,0.273,"LOSS"
2024,1,"UNLV @ Houston","Houston",-2.2,0.222,"STRONG",0.477,0.256,"LOSS"
2024,1,"Florida State @ Georgia Tech","Florida State",-10.7,0.198,"std",0.439,0.241,"LOSS"
2024,1,"Western Michigan @ Wisconsin","Western Michigan",24.2,0.195,"std",0.511,0.316,"WIN"
2024,1,"North Carolina @ Minnesota","North Carolina",-0.3,0.186,"std",0.437,0.251,"WIN"
2024,1,"Temple @ Oklahoma","Temple",43,0.169,"std",0.579,0.41,"LOSS"
2024,1,"Florida International @ Indiana","Florida International",23.8,0.168,"std",0.506,0.338,"LOSS"
2024,1,"Florida Atlantic @ Michigan State","Michigan State",-12,0.149,"std",0.549,0.4,"LOSS"
2024,1,"Eastern Michigan @ Massachusetts","Eastern Michigan",2.5,0.147,"std",0.407,0.259,"WIN"
2024,1,"New Mexico @ Arizona","New Mexico",29.2,0.118,"std",0.389,0.271,"WIN"
2024,1,"Virginia Tech @ Vanderbilt","Vanderbilt",13.3,0.11,"std",0.461,0.351,"WIN"
2024,1,"Miami @ Florida","Florida",2.5,0.108,"std",0.476,0.368,"LOSS"
2024,1,"Coastal Carolina @ Jacksonville State","Coastal Carolina",3.5,0.104,"std",0.419,0.315,"WIN"
2024,1,"Southern Miss @ Kentucky","Kentucky",-25.5,0.101,"std",0.406,0.305,"WIN"
2024,2,"App State @ Clemson","App State",15.7,0.298,"STRONG",0.528,0.23,"LOSS"
2024,2,"Duke @ Northwestern","Duke",2.2,0.247,"STRONG",0.419,0.171,"WIN"
2024,2,"Temple @ Navy","Temple",12.2,0.246,"STRONG",0.579,0.333,"LOSS"
2024,2,"Middle Tennessee @ Ole Miss","Ole Miss",-42.5,0.232,"STRONG",0.613,0.381,"WIN"
2024,2,"South Florida @ Alabama","South Florida",31.7,0.194,"std",0.577,0.383,"WIN"
2024,2,"Michigan State @ Maryland","Michigan State",8.3,0.182,"std",0.551,0.369,"WIN"
2024,2,"Tennessee @ NC State","Tennessee",-10.7,0.179,"std",0.492,0.313,"WIN"
2024,2,"Western Michigan @ Ohio State","Western Michigan",37.3,0.171,"std",0.519,0.348,"LOSS"
2024,2,"Massachusetts @ Toledo","Toledo",-17.5,0.166,"std",0.448,0.282,"LOSS"
2024,2,"Baylor @ Utah","Baylor",14.7,0.164,"std",0.613,0.449,"WIN"
2024,2,"UTSA @ Texas State","Texas State",-2,0.163,"std",0.592,0.429,"WIN"
2024,2,"Kansas @ Illinois","Kansas",-4.8,0.158,"std",0.426,0.268,"LOSS"
2024,2,"Army @ Florida Atlantic","Army",2,0.142,"std",0.551,0.41,"WIN"
2024,2,"Iowa State @ Iowa","Iowa State",2.8,0.129,"std",0.323,0.194,"WIN"
2024,2,"Kansas State @ Tulane","Tulane",8.8,0.118,"std",0.441,0.322,"WIN"
2024,2,"Pittsburgh @ Cincinnati","Cincinnati",-0.5,0.103,"std",0.448,0.345,"WIN"
2024,3,"Ole Miss @ Wake Forest","Ole Miss",-21.5,0.286,"STRONG",0.613,0.327,"WIN"
2024,3,"South Florida @ Southern Miss","South Florida",-11.7,0.248,"STRONG",0.554,0.306,"WIN"
2024,3,"Coastal Carolina @ Temple","Temple",17.3,0.231,"STRONG",0.577,0.346,"WIN"
2024,3,"UAB @ Arkansas","UAB",23.7,0.23,"STRONG",0.5,0.27,"WIN"
2024,3,"Cincinnati @ Miami (OH)","Cincinnati",-3,0.22,"STRONG",0.446,0.227,"WIN"
2024,3,"Georgia @ Kentucky","Kentucky",22.5,0.206,"STRONG",0.398,0.192,"WIN"
2024,3,"Louisiana Tech @ NC State","Louisiana Tech",20.8,0.201,"STRONG",0.516,0.315,"WIN"
2024,3,"App State @ East Carolina","App State",-1.2,0.2,"STRONG",0.525,0.325,"WIN"
2024,3,"Air Force @ Baylor","Baylor",-16.7,0.179,"std",0.616,0.437,"WIN"
2024,3,"UNLV @ Kansas","Kansas",-9,0.168,"std",0.428,0.26,"LOSS"
2024,3,"Central Michigan @ Illinois","Central Michigan",20.8,0.165,"std",0.433,0.268,"WIN"
2024,3,"Hawai'i @ Sam Houston","Hawai'i",4,0.142,"std",0.452,0.31,"LOSS"
2024,3,"Jacksonville State @ Eastern Michigan","Eastern Michigan",1,0.135,"std",0.416,0.281,"WIN"
2024,3,"UCF @ TCU","TCU",-2.2,0.125,"std",0.43,0.305,"LOSS"
2024,3,"UConn @ Duke","Duke",-16.8,0.123,"std",0.403,0.28,"LOSS"
2024,3,"Texas A&M @ Florida","Florida",3.7,0.12,"std",0.467,0.347,"LOSS"
2024,3,"Rice @ Houston","Houston",-4.3,0.108,"std",0.473,0.366,"WIN"
2024,3,"Florida International @ Florida Atlantic","Florida International",4.3,0.102,"std",0.505,0.404,"LOSS"
2024,4,"Georgia Southern @ Ole Miss","Ole Miss",-35.2,0.291,"STRONG",0.617,0.326,"WIN"
2024,4,"Tulsa @ Louisiana Tech","Louisiana Tech",-2.3,0.271,"STRONG",0.505,0.234,"LOSS"
2024,4,"Baylor @ Colorado","Baylor",2.3,0.256,"STRONG",0.615,0.359,"LOSS"
2024,4,"Northwestern @ Washington","Washington",-11.8,0.221,"STRONG",0.421,0.2,"WIN"
2024,4,"Miami @ South Florida","South Florida",16.3,0.21,"STRONG",0.576,0.367,"LOSS"
2024,4,"Rice @ Army","Army",-7.3,0.188,"std",0.543,0.356,"WIN"
2024,4,"Utah @ Oklahoma State","Utah",-0.8,0.185,"std",0.429,0.244,"WIN"
2024,4,"Arkansas @ Auburn","Auburn",-2.5,0.179,"std",0.453,0.274,"LOSS"
2024,4,"Charlotte @ Indiana","Charlotte",28.5,0.173,"std",0.527,0.354,"LOSS"
2024,4,"Vanderbilt @ Missouri","Vanderbilt",18,0.159,"std",0.455,0.297,"WIN"
2024,4,"Florida Atlantic @ UConn","Florida Atlantic",0.5,0.155,"std",0.416,0.261,"LOSS"
2024,4,"Kansas State @ BYU","BYU",7.3,0.134,"std",0.457,0.323,"WIN"
2024,4,"TCU @ SMU","SMU",1.7,0.113,"std",0.536,0.424,"WIN"
2024,4,"Ohio @ Kentucky","Kentucky",-20.7,0.11,"std",0.391,0.281,"WIN"
2025,1,"Mississippi State @ Southern Miss","Mississippi State",-13.8,0.358,"STRONG",0.657,0.299,"WIN"
2025,1,"California @ Oregon State","Oregon State",0.8,0.239,"STRONG",0.632,0.393,"LOSS"
2025,1,"Georgia State @ Ole Miss","Ole Miss",-35.2,0.205,"STRONG",0.577,0.371,"WIN"
2025,1,"Auburn @ Baylor","Baylor",0.3,0.174,"std",0.609,0.435,"LOSS"
2025,1,"Northwestern @ Tulane","Tulane",-6,0.174,"std",0.432,0.258,"WIN"
2025,1,"Hawai'i @ Arizona","Hawai'i",14.8,0.173,"std",0.47,0.297,"LOSS"
2025,1,"Nebraska @ Cincinnati","Cincinnati",6,0.166,"std",0.454,0.288,"WIN"
2025,1,"Boise State @ South Florida","South Florida",6.2,0.15,"std",0.539,0.389,"WIN"
2025,1,"Buffalo @ Minnesota","Buffalo",17.2,0.136,"std",0.385,0.249,"WIN"
2025,1,"LSU @ Clemson","LSU",4.8,0.127,"std",0.363,0.236,"WIN"
2025,1,"Georgia Tech @ Colorado","Colorado",3.7,0.111,"std",0.371,0.26,"LOSS"
2025,1,"Eastern Michigan @ Texas State","Texas State",-13.8,0.108,"std",0.524,0.416,"WIN"
2025,1,"Miami (OH) @ Wisconsin","Wisconsin",-18,0.101,"std",0.314,0.213,"LOSS"
2025,2,"UConn @ Syracuse","Syracuse",-7.2,0.288,"STRONG",0.55,0.262,"LOSS"
2025,2,"Oklahoma State @ Oregon","Oregon",-28.5,0.219,"STRONG",0.479,0.26,"WIN"
2025,2,"Army @ Kansas State","Army",16.8,0.219,"STRONG",0.566,0.347,"WIN"
2025,2,"Michigan @ Oklahoma","Oklahoma",-3.5,0.187,"std",0.423,0.235,"WIN"
2025,2,"Ole Miss @ Kentucky","Ole Miss",-7.8,0.161,"std",0.565,0.404,"LOSS"
2025,2,"UL Monroe @ Alabama","UL Monroe",34.2,0.156,"std",0.544,0.388,"LOSS"
2025,2,"Iowa @ Iowa State","Iowa State",-2.7,0.153,"std",0.338,0.185,"WIN"
2025,2,"Miami (OH) @ Rutgers","Rutgers",-15.5,0.143,"std",0.355,0.212,"WIN"
2025,2,"Baylor @ SMU","Baylor",2.8,0.136,"std",0.614,0.478,"WIN"
2025,2,"Texas State @ UTSA","Texas State",4.5,0.122,"std",0.522,0.4,"WIN"
2025,2,"Troy @ Clemson","Troy",30.2,0.119,"std",0.366,0.247,"WIN"
2025,2,"North Texas @ Western Michigan","North Texas",-12.2,0.118,"std",0.622,0.505,"LOSS"
2025,2,"UAB @ Navy","UAB",21.5,0.111,"std",0.471,0.36,"WIN"
2025,2,"Middle Tennessee @ Wisconsin","Middle Tennessee",28.5,0.104,"std",0.422,0.317,"LOSS"
2025,3,"Arkansas @ Ole Miss","Ole Miss",-3.8,0.254,"STRONG",0.56,0.307,"WIN"
2025,3,"NC State @ Wake Forest","Wake Forest",7.3,0.206,"STRONG",0.505,0.299,"LOSS"
2025,3,"Georgia @ Tennessee","Tennessee",3.5,0.202,"STRONG",0.448,0.247,"WIN"
2025,3,"Oregon @ Northwestern","Oregon",-25.5,0.19,"std",0.487,0.297,"LOSS"
2025,3,"Western Michigan @ Illinois","Western Michigan",27.5,0.181,"std",0.491,0.31,"LOSS"
2025,3,"Minnesota @ California","California",3.2,0.144,"std",0.399,0.255,"WIN"
2025,3,"South Florida @ Miami","South Florida",17.7,0.142,"std",0.51,0.368,"LOSS"
2025,3,"New Mexico State @ Louisiana Tech","Louisiana Tech",-10.2,0.139,"std",0.439,0.3,"WIN"
2025,3,"Louisiana @ Missouri","Louisiana",27.5,0.137,"std",0.446,0.309,"LOSS"
2025,3,"USC @ Purdue","USC",-20.5,0.112,"std",0.388,0.276,"LOSS"
2025,3,"Colorado @ Houston","Houston",-3.8,0.107,"std",0.464,0.357,"WIN"
2025,4,"Syracuse @ Clemson","Syracuse",17.5,0.323,"STRONG",0.568,0.245,"WIN"
2025,4,"Northern Illinois @ Mississippi State","Mississippi State",-24,0.206,"STRONG",0.604,0.398,"WIN"
2025,4,"Iowa @ Rutgers","Rutgers",2.3,0.178,"std",0.362,0.183,"LOSS"
2025,4,"UNLV @ Miami (OH)","UNLV",-1.8,0.166,"std",0.376,0.21,"WIN"
2025,4,"Bowling Green @ Louisville","Louisville",-26.2,0.146,"std",0.346,0.2,"LOSS"
2025,4,"Tulane @ Ole Miss","Ole Miss",-12.2,0.14,"std",0.558,0.418,"WIN"
2025,4,"Southern Miss @ Louisiana Tech","Louisiana Tech",-3.2,0.136,"std",0.43,0.294,"WIN"
2025,4,"Michigan State @ USC","Michigan State",18.5,0.135,"std",0.532,0.397,"WIN"
2025,4,"UL Monroe @ UTEP","UL Monroe",5.3,0.122,"std",0.544,0.422,"WIN"
2025,4,"Coastal Carolina @ South Alabama","South Alabama",-14.7,0.118,"std",0.455,0.337,"LOSS"
2025,4,"Oregon State @ Oregon","Oregon State",34,0.117,"std",0.6,0.483,"LOSS"
2025,4,"Texas Tech @ Utah","Texas Tech",3.5,0.117,"std",0.523,0.406,"WIN"
2025,4,"Arkansas @ Memphis","Memphis",7.2,0.111,"std",0.416,0.305,"WIN"
