"season","week","home_team","away_team","over_under","proj_total","edge","pick","dog_ats","total_points","result","stake_units","pnl","bankroll"
2021,1,"Auburn","Akron",56,51.2,4.8,"UNDER",TRUE,70,"LOSS",4.58,-4.58,95.42
2021,1,"UCLA","LSU",63.5,59.1,4.4,"UNDER",FALSE,65,"LOSS",3.86,-3.86,91.56
2021,1,"Missouri","Central Michigan",59,52.8,6.2,"UNDER",TRUE,58,"WIN",4.58,4.16,95.72
2021,1,"Tennessee","Bowling Green",60.5,49.7,10.8,"UNDER",TRUE,44,"WIN",4.79,4.35,100.07
2021,1,"New Mexico State","UTEP",59.5,55.1,4.4,"UNDER",TRUE,33,"WIN",4.11,3.74,103.81
2021,1,"Charlotte","Duke",60.5,56.1,4.4,"UNDER",TRUE,59,"WIN",4.18,3.8,107.61
2021,1,"Ole Miss","Louisville",74.5,69.6,4.9,"UNDER",TRUE,67,"WIN",5.04,4.58,112.19
2021,1,"NC State","South Florida",58,53.6,4.4,"UNDER",TRUE,45,"WIN",4.52,4.1,116.29
2021,1,"Wake Forest","Old Dominion",61.5,52.6,8.9,"UNDER",TRUE,52,"WIN",5.81,5.29,121.58
2021,1,"Georgia Tech","Northern Illinois",57,52.5,4.5,"UNDER",TRUE,43,"WIN",5.14,4.68,126.25
2021,1,"Maryland","West Virginia",57,51.1,5.9,"UNDER",FALSE,54,"WIN",6.31,5.74,131.99
2021,1,"Northwestern","Michigan State",45.5,41.2,4.3,"UNDER",FALSE,59,"LOSS",5.25,-5.25,126.75
2021,1,"Purdue","Oregon State",68,59.4,8.6,"UNDER",TRUE,51,"WIN",6.34,5.76,132.51
2021,1,"Houston","Texas Tech",63,58,5,"UNDER",TRUE,59,"WIN",6.29,5.72,138.22
2021,1,"UCF","Boise State",67,62.7,4.3,"UNDER",TRUE,67,"WIN",5.46,4.96,143.18
2021,1,"UCLA","Hawai'i",67,58.5,8.5,"UNDER",TRUE,54,"WIN",7.16,6.51,149.69
2021,1,"Oregon","Fresno State",63,58.7,4.3,"UNDER",TRUE,55,"WIN",5.84,5.31,155
2021,1,"Washington State","Utah State",66.5,62.2,4.3,"UNDER",TRUE,49,"WIN",6.18,5.62,160.62
2021,1,"USC","San José State",61,54.4,6.6,"UNDER",TRUE,37,"WIN",8.03,7.3,167.92
2021,2,"Georgia","UAB",44,38,6,"UNDER",TRUE,63,"LOSS",8.4,-8.4,159.52
2021,2,"Kentucky","Missouri",56.5,52.1,4.4,"UNDER",FALSE,63,"LOSS",6.53,-6.53,152.99
2021,2,"Tennessee","Pittsburgh",56,44.5,11.5,"UNDER",TRUE,75,"LOSS",7.65,-7.65,145.34
2021,2,"SMU","North Texas",73.5,66,7.5,"UNDER",TRUE,47,"WIN",7.27,6.61,151.95
2021,2,"North Carolina","Georgia State",65.5,60,5.5,"UNDER",FALSE,76,"LOSS",7.6,-7.6,144.35
2021,2,"Ohio State","Oregon",65,58.6,6.4,"UNDER",FALSE,63,"WIN",7.22,6.56,150.91
2021,2,"Penn State","Ball State",58,54,4,"UNDER",TRUE,57,"WIN",5.5,5,155.91
2021,2,"Troy","Liberty",62.5,56.5,6,"UNDER",TRUE,34,"WIN",7.8,7.09,163
2021,2,"Oklahoma State","Tulsa",51,45,6,"UNDER",FALSE,51,"WIN",8.15,7.41,170.41
2021,2,"Oregon State","Hawai'i",65,60.3,4.7,"UNDER",FALSE,72,"LOSS",7.65,-7.65,162.76
2021,2,"New Mexico","New Mexico State",55.5,51.1,4.4,"UNDER",TRUE,59,"LOSS",6.69,-6.69,156.07
2021,3,"Georgia","South Carolina",47.5,42.3,5.2,"UNDER",TRUE,53,"LOSS",7.79,-7.79,148.27
2021,3,"LSU","Central Michigan",60.5,56.1,4.4,"UNDER",TRUE,70,"LOSS",6.06,-6.06,142.22
2021,3,"Ole Miss","Tulane",77,67.8,9.2,"UNDER",FALSE,82,"LOSS",7.11,-7.11,135.11
2021,3,"Memphis","Mississippi State",63.5,58.9,4.6,"UNDER",TRUE,60,"WIN",5.8,5.27,140.38
2021,3,"North Texas","UAB",58,53.5,4.5,"UNDER",TRUE,46,"WIN",5.91,5.37,145.75
2021,3,"Marshall","East Carolina",58.5,53.3,5.2,"UNDER",FALSE,80,"LOSS",7.29,-7.29,138.47
2021,3,"Louisville","UCF",67.5,62.5,5,"UNDER",TRUE,77,"LOSS",6.67,-6.67,131.79
2021,3,"Miami","Michigan State",57.5,51.8,5.7,"UNDER",FALSE,55,"WIN",6.59,5.99,137.78
2021,3,"North Carolina","Virginia",66.5,59.8,6.7,"UNDER",FALSE,98,"LOSS",6.89,-6.89,130.9
2021,3,"Pittsburgh","Western Michigan",58.5,54.1,4.4,"UNDER",FALSE,85,"LOSS",5.37,-5.37,125.52
2021,3,"Ohio State","Tulsa",60.5,53.2,7.3,"UNDER",TRUE,61,"LOSS",6.28,-6.28,119.25
2021,3,"Boise State","Oklahoma State",58,49.6,8.4,"UNDER",FALSE,41,"WIN",5.96,5.42,124.67
2021,3,"UCLA","Fresno State",65,60.5,4.5,"UNDER",TRUE,77,"LOSS",5.22,-5.22,119.45
2021,3,"Hawai'i","San José State",63,55.5,7.5,"UNDER",TRUE,30,"WIN",5.97,5.43,124.88
2021,4,"Mississippi State","LSU",55,50.4,4.6,"UNDER",TRUE,53,"WIN",5.37,4.88,129.76
2021,4,"Vanderbilt","Georgia",54,44.4,9.6,"UNDER",TRUE,62,"LOSS",6.49,-6.49,123.27
2021,4,"Memphis","UTSA",66.5,58.3,8.2,"UNDER",FALSE,59,"WIN",6.16,5.6,128.88
2021,4,"Western Kentucky","Indiana",62.5,55.1,7.4,"UNDER",TRUE,64,"LOSS",6.44,-6.44,122.43
2021,4,"Virginia","Wake Forest",71,61.3,9.7,"UNDER",FALSE,54,"WIN",6.12,5.56,128
2021,4,"Georgia Tech","North Carolina",65.5,59.3,6.2,"UNDER",TRUE,67,"LOSS",6.4,-6.4,121.6
2021,4,"Maryland","Kent State",71.5,60.5,11,"UNDER",TRUE,53,"WIN",6.08,5.53,127.12
2021,4,"Ohio State","Akron",66.5,58.8,7.7,"UNDER",TRUE,66,"WIN",6.36,5.78,132.9
2021,4,"TCU","SMU",65.5,57,8.5,"UNDER",TRUE,76,"LOSS",6.65,-6.65,126.26
2021,4,"Tulsa","Arkansas State",65,57.8,7.2,"UNDER",FALSE,75,"LOSS",6.31,-6.31,119.94
2021,4,"Western Michigan","San José State",62,54.7,7.3,"UNDER",FALSE,26,"WIN",6,5.45,125.4
2021,4,"Ball State","Toledo",56.5,51.3,5.2,"UNDER",TRUE,34,"WIN",6.27,5.7,131.09
2021,4,"USC","Oregon State",63,58.2,4.8,"UNDER",TRUE,72,"LOSS",5.97,-5.97,125.12
2021,4,"Utah State","Boise State",69.5,61.2,8.3,"UNDER",TRUE,30,"WIN",6.26,5.69,130.81
2021,5,"Alabama","Ole Miss",79.5,70.2,9.3,"UNDER",FALSE,63,"WIN",6.54,5.95,136.75
2021,5,"Michigan State","Western Kentucky",66.5,56.2,10.3,"UNDER",FALSE,79,"LOSS",6.84,-6.84,129.92
2021,5,"Georgia Tech","Pittsburgh",57.5,52.1,5.4,"UNDER",TRUE,73,"LOSS",6.5,-6.5,123.42
2021,5,"North Carolina","Duke",74.5,70.3,4.2,"UNDER",FALSE,45,"WIN",4.8,4.36,127.78
2021,5,"Wake Forest","Louisville",64.5,57.2,7.3,"UNDER",FALSE,71,"LOSS",6.39,-6.39,121.39
2021,5,"Nebraska","Northwestern",51.5,46.9,4.6,"UNDER",FALSE,63,"LOSS",5.19,-5.19,116.2
2021,5,"Iowa State","Kansas",57,52.5,4.5,"UNDER",TRUE,66,"LOSS",4.85,-4.85,111.35
2021,5,"TCU","Texas",65.5,60,5.5,"UNDER",TRUE,59,"WIN",5.57,5.06,116.41
2021,5,"Tulsa","Houston",54,47.4,6.6,"UNDER",FALSE,55,"LOSS",5.82,-5.82,110.59
2021,5,"SMU","South Florida",68.5,63.8,4.7,"UNDER",FALSE,58,"WIN",4.95,4.5,115.09
2021,5,"Utah State","BYU",65.5,60.1,5.4,"UNDER",FALSE,54,"WIN",5.75,5.23,120.32
2021,5,"Boise State","Nevada",59,54.7,4.3,"UNDER",FALSE,72,"LOSS",4.85,-4.85,115.48
2021,6,"Tennessee","South Carolina",56.5,51,5.5,"UNDER",TRUE,65,"LOSS",5.77,-5.77,109.7
2021,6,"Marshall","Old Dominion",62.5,53.3,9.2,"UNDER",TRUE,33,"WIN",5.49,4.99,114.69
2021,6,"Western Kentucky","UTSA",71.5,57.1,14.4,"UNDER",TRUE,98,"LOSS",5.73,-5.73,108.95
2021,6,"Duke","Georgia Tech",60.5,54.5,6,"UNDER",TRUE,58,"WIN",5.45,4.95,113.91
2021,6,"Louisville","Virginia",69.5,61.7,7.8,"UNDER",FALSE,67,"WIN",5.7,5.18,119.08
2021,6,"Ohio State","Maryland",71.5,62.2,9.3,"UNDER",FALSE,83,"LOSS",5.95,-5.95,113.13
2021,6,"Tulsa","Memphis",60.5,55.1,5.4,"UNDER",TRUE,64,"LOSS",5.66,-5.66,107.47
2021,6,"Kent State","Buffalo",66,60.5,5.5,"UNDER",TRUE,86,"LOSS",5.37,-5.37,102.1
2021,6,"Ohio","Central Michigan",57.5,53,4.5,"UNDER",TRUE,57,"WIN",4.29,3.9,106
2021,6,"Nevada","New Mexico State",65,60.7,4.3,"UNDER",TRUE,83,"LOSS",4.24,-4.24,101.76
2021,7,"Tennessee","Ole Miss",82.5,70,12.5,"UNDER",TRUE,57,"WIN",5.09,4.62,106.38
2021,7,"North Texas","Marshall",66,57.7,8.3,"UNDER",FALSE,70,"LOSS",5.32,-5.32,101.06
2021,7,"Old Dominion","Western Kentucky",66.5,58.8,7.7,"UNDER",TRUE,63,"WIN",5.05,4.59,105.66
2021,7,"Virginia","Duke",69.5,62.8,6.7,"UNDER",FALSE,48,"WIN",5.28,4.8,110.46
2021,7,"Kansas","Texas Tech",68.5,60.5,8,"UNDER",TRUE,55,"WIN",5.52,5.02,115.48
2021,7,"Texas","Oklahoma State",61,56.7,4.3,"UNDER",FALSE,56,"WIN",4.69,4.26,119.74
2021,7,"Western Michigan","Kent State",68.5,63.2,5.3,"UNDER",TRUE,95,"LOSS",5.99,-5.99,113.75
2021,8,"Alabama","Tennessee",68,63.2,4.8,"UNDER",TRUE,76,"LOSS",5.22,-5.22,108.54
2021,8,"Ole Miss","LSU",77,70.1,6.9,"UNDER",TRUE,48,"WIN",5.43,4.93,113.47
2021,8,"Florida International","Western Kentucky",77.5,67.5,10,"UNDER",TRUE,53,"WIN",5.67,5.16,118.63
2021,8,"Louisiana Tech","UTSA",59.5,55.4,4.1,"UNDER",FALSE,61,"LOSS",4.47,-4.47,114.16
2021,8,"Virginia","Georgia Tech",65.5,58,7.5,"UNDER",FALSE,88,"LOSS",5.71,-5.71,108.45
2021,8,"TCU","West Virginia",58,52.9,5.1,"UNDER",TRUE,46,"WIN",5.4,4.91,113.36
2021,8,"Ohio","Kent State",68.5,63.2,5.3,"UNDER",TRUE,61,"WIN",5.67,5.15,118.51
2021,8,"Arkansas State","Louisiana",70,65.6,4.4,"UNDER",TRUE,55,"WIN",4.94,4.49,123
2021,9,"Auburn","Ole Miss",67.5,63.2,4.3,"UNDER",FALSE,51,"WIN",5.01,4.56,127.56
2021,9,"Western Kentucky","Charlotte",72,65.5,6.5,"UNDER",TRUE,58,"WIN",6.38,5.8,133.36
2021,9,"Marshall","Florida International",64,57.2,6.8,"UNDER",FALSE,38,"WIN",6.67,6.06,139.42
2021,9,"BYU","Virginia",66.5,61.2,5.3,"UNDER",FALSE,115,"LOSS",6.97,-6.97,132.45
2021,9,"Pittsburgh","Miami",61,56.9,4.1,"UNDER",FALSE,72,"LOSS",4.95,-4.95,127.49
2021,9,"Wake Forest","Duke",71.5,65.6,5.9,"UNDER",FALSE,52,"WIN",6.37,5.79,133.29
2021,9,"Nebraska","Purdue",54,49.8,4.2,"UNDER",TRUE,51,"WIN",5.23,4.75,138.04
2021,9,"Oklahoma State","Kansas",54.5,50.2,4.3,"UNDER",TRUE,58,"LOSS",5.48,-5.48,132.56
2021,9,"Utah State","Hawai'i",66,60.3,5.7,"UNDER",TRUE,82,"LOSS",6.63,-6.63,125.93
2021,10,"Kentucky","Tennessee",57.5,53,4.5,"UNDER",TRUE,87,"LOSS",5.38,-5.38,120.55
2021,10,"Florida Atlantic","Marshall",57.5,51.7,5.8,"UNDER",FALSE,41,"WIN",6.03,5.48,126.03
2021,10,"UTEP","UTSA",53,47,6,"UNDER",FALSE,67,"LOSS",6.3,-6.3,119.73
2021,10,"Duke","Pittsburgh",64.5,56.7,7.8,"UNDER",FALSE,83,"LOSS",5.99,-5.99,113.75
2021,10,"Miami","Georgia Tech",63,58.5,4.5,"UNDER",FALSE,63,"WIN",4.89,4.45,118.19
2021,10,"North Carolina","Wake Forest",78,72.3,5.7,"UNDER",TRUE,113,"LOSS",5.91,-5.91,112.28
2021,10,"Purdue","Michigan State",53.5,47.5,6,"UNDER",TRUE,69,"LOSS",5.61,-5.61,106.67
2021,10,"Nebraska","Ohio State",67.5,58.5,9,"UNDER",FALSE,43,"WIN",5.33,4.85,111.52
2021,10,"West Virginia","Oklahoma State",49,44,5,"UNDER",TRUE,27,"WIN",5.4,4.91,116.43
2021,10,"Cincinnati","Tulsa",56,48.9,7.1,"UNDER",FALSE,48,"WIN",5.82,5.29,121.72
2021,10,"Western Michigan","Central Michigan",64.5,58,6.5,"UNDER",TRUE,72,"LOSS",6.09,-6.09,115.63
2021,10,"Kent State","Northern Illinois",72,66.5,5.5,"UNDER",FALSE,99,"LOSS",5.78,-5.78,109.85
2021,10,"New Mexico State","Utah State",72.5,64,8.5,"UNDER",TRUE,48,"WIN",5.49,4.99,114.84
2021,11,"Tennessee","Georgia",55.5,51.3,4.2,"UNDER",TRUE,58,"LOSS",4.46,-4.46,110.38
2021,11,"Marshall","UAB",55.5,51.2,4.3,"UNDER",FALSE,35,"WIN",4.35,3.96,114.34
2021,11,"UTSA","Southern Miss",54.5,47.1,7.4,"UNDER",TRUE,44,"WIN",5.72,5.2,119.54
2021,11,"Georgia Tech","Boston College",55.5,50.7,4.8,"UNDER",FALSE,71,"LOSS",5.47,-5.47,114.06
2021,11,"Ohio State","Purdue",65,56.3,8.7,"UNDER",TRUE,90,"LOSS",5.7,-5.7,108.36
2021,11,"Oklahoma State","TCU",54,49.5,4.5,"UNDER",TRUE,80,"LOSS",4.59,-4.59,103.76
2021,11,"Western Michigan","Akron",62,56.5,5.5,"UNDER",TRUE,85,"LOSS",5.19,-5.19,98.58
2021,11,"Central Michigan","Kent State",76.5,65.1,11.4,"UNDER",FALSE,84,"LOSS",4.93,-4.93,93.65
2021,11,"Arizona","Utah",54.5,49.8,4.7,"UNDER",FALSE,67,"LOSS",4.18,-4.18,89.47
2021,11,"San José State","Utah State",58,53.2,4.8,"UNDER",TRUE,65,"LOSS",4.07,-4.07,85.4
2021,12,"Kentucky","New Mexico State",61,55.7,5.3,"UNDER",TRUE,72,"LOSS",4.27,-4.27,81.13
2021,12,"Western Kentucky","Florida Atlantic",64,59.6,4.4,"UNDER",TRUE,69,"LOSS",3.29,-3.29,77.84
2021,12,"Ohio State","Michigan State",70.5,61.6,8.9,"UNDER",TRUE,63,"WIN",3.89,3.54,81.38
2021,12,"Akron","Kent State",72.5,65.5,7,"UNDER",TRUE,38,"WIN",4.07,3.7,85.07
2021,13,"Georgia Tech","Georgia",54.5,49.4,5.1,"UNDER",TRUE,45,"WIN",4.25,3.87,88.94
2021,13,"Tennessee","Vanderbilt",64.5,59,5.5,"UNDER",TRUE,66,"LOSS",4.45,-4.45,84.49
2021,13,"Marshall","Western Kentucky",75,64.1,10.9,"UNDER",FALSE,74,"WIN",4.22,3.84,88.33
2021,13,"North Texas","UTSA",59.5,55.4,4.1,"UNDER",FALSE,68,"LOSS",3.27,-3.27,85.06
2021,13,"Duke","Miami",67,61.6,5.4,"UNDER",FALSE,57,"WIN",4.25,3.87,88.93
2021,13,"Syracuse","Pittsburgh",58.5,54.5,4,"UNDER",FALSE,45,"WIN",3.28,2.98,91.91
2021,13,"Iowa State","TCU",61.5,56.4,5.1,"UNDER",TRUE,62,"LOSS",4.56,-4.56,87.34
2021,14,"UTSA","Western Kentucky",74.5,63.2,11.3,"UNDER",TRUE,90,"LOSS",4.37,-4.37,82.97
2021,14,"Northern Illinois","Kent State",75.5,70.7,4.8,"UNDER",FALSE,64,"WIN",3.84,3.49,86.46
2021,14,"Wake Forest","Pittsburgh",72.5,68.3,4.2,"UNDER",TRUE,66,"WIN",3.37,3.06,89.53
2022,1,"Alabama","Utah State",63,57.8,5.2,"UNDER",TRUE,55,"WIN",4.48,4.07,93.59
2022,1,"Tennessee","Ball State",66.5,58.4,8.1,"UNDER",TRUE,69,"LOSS",4.68,-4.68,88.91
2022,1,"Washington","Kent State",61.5,57.3,4.2,"UNDER",TRUE,65,"LOSS",3.52,-3.52,85.39
2022,1,"Texas","UL Monroe",64.5,57,7.5,"UNDER",TRUE,62,"WIN",4.27,3.88,89.27
2022,1,"Utah State","UConn",59.5,53.7,5.8,"UNDER",TRUE,51,"WIN",4.46,4.06,93.33
2022,1,"Purdue","Penn State",53.5,49.2,4.3,"UNDER",FALSE,66,"LOSS",3.8,-3.8,89.53
2022,1,"Maryland","Buffalo",65.5,59.8,5.7,"UNDER",TRUE,41,"WIN",4.48,4.07,93.6
2022,1,"Michigan","Colorado State",60.5,53,7.5,"UNDER",TRUE,58,"WIN",4.68,4.25,97.85
2022,1,"Oklahoma State","Central Michigan",58,50,8,"UNDER",TRUE,102,"LOSS",4.89,-4.89,92.96
2022,1,"James Madison","Middle Tennessee",60.5,53.1,7.4,"UNDER",TRUE,51,"WIN",4.65,4.23,97.19
2022,1,"North Texas","SMU",67.5,57.7,9.8,"UNDER",FALSE,58,"WIN",4.86,4.42,101.6
2022,1,"UTSA","Houston",62,55.9,6.1,"UNDER",FALSE,72,"LOSS",5.08,-5.08,96.52
2022,1,"Hawai'i","Western Kentucky",67.5,62.4,5.1,"UNDER",TRUE,66,"WIN",4.78,4.35,100.87
2022,2,"Texas","Alabama",63.5,58.9,4.6,"UNDER",TRUE,39,"WIN",4.49,4.08,104.95
2022,2,"Arkansas","South Carolina",56,50.4,5.6,"UNDER",FALSE,74,"LOSS",5.25,-5.25,99.7
2022,2,"Oklahoma State","Arizona State",58,53.2,4.8,"UNDER",FALSE,51,"WIN",4.63,4.21,103.91
2022,2,"Stanford","USC",66.5,59.7,6.8,"UNDER",TRUE,69,"LOSS",5.2,-5.2,98.71
2022,2,"Oklahoma","Kent State",72.5,68.4,4.1,"UNDER",TRUE,36,"WIN",3.75,3.41,102.12
2022,2,"Nebraska","Georgia Southern",64,55.4,8.6,"UNDER",FALSE,87,"LOSS",5.11,-5.11,97.01
2022,2,"Michigan","Hawai'i",66.5,54.6,11.9,"UNDER",TRUE,66,"WIN",4.85,4.41,101.42
2022,2,"Ohio State","Arkansas State",68.5,59.8,8.7,"UNDER",TRUE,57,"WIN",5.07,4.61,106.03
2022,2,"UCF","Louisville",62.5,56,6.5,"UNDER",FALSE,34,"WIN",5.3,4.82,110.85
2022,2,"Texas State","Florida International",62.5,56.2,6.3,"UNDER",FALSE,53,"WIN",5.54,5.04,115.89
2022,2,"Charlotte","Maryland",65,59.3,5.7,"UNDER",TRUE,77,"LOSS",5.79,-5.79,110.09
2022,2,"Colorado State","Middle Tennessee",58.5,50.5,8,"UNDER",TRUE,53,"WIN",5.5,5,115.1
2022,3,"Alabama","UL Monroe",61.5,51.4,10.1,"UNDER",TRUE,70,"LOSS",5.75,-5.75,109.34
2022,3,"LSU","Mississippi State",53,47.5,5.5,"UNDER",TRUE,47,"WIN",5.47,4.97,114.31
2022,3,"Georgia Tech","Ole Miss",63,58.8,4.2,"UNDER",TRUE,42,"WIN",4.5,4.09,118.4
2022,3,"South Carolina","Georgia",56,48.8,7.2,"UNDER",TRUE,55,"WIN",5.92,5.38,123.78
2022,3,"USC","Fresno State",71.5,60.6,10.9,"UNDER",FALSE,62,"WIN",6.19,5.63,129.41
2022,3,"Michigan","UConn",59,54.2,4.8,"UNDER",TRUE,59,"WIN",6.1,5.54,134.95
2022,3,"Syracuse","Purdue",59.5,54.5,5,"UNDER",FALSE,61,"LOSS",6.64,-6.64,128.31
2022,3,"Maryland","SMU",73.5,63.7,9.8,"UNDER",FALSE,61,"WIN",6.42,5.83,134.14
2022,3,"Ohio State","Toledo",63,56.8,6.2,"UNDER",TRUE,98,"LOSS",6.71,-6.71,127.44
2022,3,"Louisville","Florida State",57,44.7,12.3,"UNDER",TRUE,66,"LOSS",6.37,-6.37,121.06
2022,3,"Memphis","Arkansas State",64.5,60.3,4.2,"UNDER",FALSE,76,"LOSS",4.7,-4.7,116.37
2022,3,"Georgia State","Charlotte",63.5,57.4,6.1,"UNDER",FALSE,83,"LOSS",5.82,-5.82,110.55
2022,3,"Florida Atlantic","UCF",61.5,49.5,12,"UNDER",TRUE,54,"WIN",5.53,5.02,115.57
2022,3,"UAB","Georgia Southern",59,53.7,5.3,"UNDER",FALSE,56,"WIN",5.78,5.25,120.83
2022,4,"Georgia","Kent State",61.5,56.4,5.1,"UNDER",TRUE,61,"WIN",6.04,5.49,126.32
2022,4,"LSU","New Mexico",44,36,8,"UNDER",TRUE,38,"WIN",6.32,5.74,132.06
2022,4,"Ole Miss","Tulsa",66.5,57.1,9.4,"UNDER",FALSE,62,"WIN",6.6,6,138.06
2022,4,"Washington","Stanford",62,57.4,4.6,"UNDER",FALSE,62,"WIN",6.11,5.55,143.61
2022,4,"SMU","TCU",72,61.9,10.1,"UNDER",TRUE,76,"LOSS",7.18,-7.18,136.43
2022,4,"Michigan","Maryland",66,59.7,6.3,"UNDER",FALSE,61,"WIN",6.82,6.2,142.63
2022,4,"Penn State","Central Michigan",61.5,55.9,5.6,"UNDER",TRUE,47,"WIN",7.13,6.48,149.12
2022,4,"Florida State","Boston College",48.5,43.5,5,"UNDER",FALSE,58,"LOSS",7.26,-7.26,141.86
2022,4,"Louisville","South Florida",63.5,59.3,4.2,"UNDER",FALSE,44,"WIN",5.59,5.09,146.94
2022,4,"Utah State","UNLV",61.5,57.2,4.3,"UNDER",TRUE,58,"WIN",5.96,5.42,152.36
2022,4,"Georgia Southern","Ball State",67,58.3,8.7,"UNDER",FALSE,57,"WIN",7.62,6.92,159.28
2022,4,"Georgia State","Coastal Carolina",63.5,58.2,5.3,"UNDER",TRUE,65,"LOSS",7.96,-7.96,151.32
2022,4,"UL Monroe","Louisiana",51,43.1,7.9,"UNDER",TRUE,38,"WIN",7.57,6.88,158.2
2022,4,"South Carolina","Charlotte",66.5,59.9,6.6,"UNDER",TRUE,76,"LOSS",7.91,-7.91,150.29
2022,4,"Purdue","Florida Atlantic",57.5,51,6.5,"UNDER",FALSE,54,"WIN",7.51,6.83,157.12
2022,4,"Memphis","North Texas",68.5,63.2,5.3,"UNDER",FALSE,78,"LOSS",7.86,-7.86,149.26
2022,5,"Arkansas","Alabama",61,56.9,4.1,"UNDER",TRUE,75,"LOSS",5.79,-5.79,143.48
2022,5,"USC","Arizona State",61,54.9,6.1,"UNDER",TRUE,67,"LOSS",7.17,-7.17,136.3
2022,5,"TCU","Oklahoma",69.5,63.7,5.8,"UNDER",TRUE,79,"LOSS",6.82,-6.82,129.49
2022,5,"Florida State","Wake Forest",67.5,56.7,10.8,"UNDER",FALSE,52,"WIN",6.47,5.89,135.37
2022,5,"Coastal Carolina","Georgia Southern",69.5,62.7,6.8,"UNDER",FALSE,64,"WIN",6.77,6.15,141.52
2022,5,"Arkansas State","UL Monroe",59,52.5,6.5,"UNDER",FALSE,73,"LOSS",7.08,-7.08,134.45
2022,5,"North Texas","Florida Atlantic",67.5,53.9,13.6,"UNDER",TRUE,73,"LOSS",6.72,-6.72,127.73
2022,5,"Middle Tennessee","UTSA",64,55,9,"UNDER",TRUE,75,"LOSS",6.39,-6.39,121.34
2022,5,"Rice","UAB",51,46.8,4.2,"UNDER",TRUE,52,"LOSS",4.81,-4.81,116.53
2022,6,"LSU","Tennessee",63.5,52.2,11.3,"UNDER",TRUE,53,"WIN",5.83,5.3,121.82
2022,6,"Arizona","Oregon",72,64.3,7.7,"UNDER",TRUE,71,"WIN",6.09,5.54,127.36
2022,6,"UCLA","Utah",64.5,60.2,4.3,"UNDER",FALSE,74,"LOSS",5.27,-5.27,122.09
2022,6,"USC","Washington State",64.5,55.7,8.8,"UNDER",FALSE,44,"WIN",6.1,5.55,127.64
2022,6,"Oklahoma State","Texas Tech",65.5,60.6,4.9,"UNDER",FALSE,72,"LOSS",6.09,-6.09,121.55
2022,6,"NC State","Florida State",50.5,43.9,6.6,"UNDER",FALSE,36,"WIN",6.08,5.52,127.07
2022,6,"UCF","SMU",65,55.8,9.2,"UNDER",FALSE,60,"WIN",6.35,5.78,132.85
2022,6,"Georgia State","Georgia Southern",66.5,55.8,10.7,"UNDER",FALSE,74,"LOSS",6.64,-6.64,126.21
2022,6,"UTSA","Western Kentucky",72.5,64.3,8.2,"UNDER",TRUE,59,"WIN",6.31,5.74,131.94
2022,7,"BYU","Arkansas",66.5,60.9,5.6,"UNDER",FALSE,87,"LOSS",6.6,-6.6,125.35
2022,7,"Florida","LSU",51.5,45.3,6.2,"UNDER",TRUE,80,"LOSS",6.27,-6.27,119.08
2022,7,"Washington","Arizona",71.5,61.5,10,"UNDER",FALSE,88,"LOSS",5.95,-5.95,113.13
2022,7,"Utah","USC",65,56.7,8.3,"UNDER",FALSE,85,"LOSS",5.66,-5.66,107.47
2022,7,"TCU","Oklahoma State",69.5,61.6,7.9,"UNDER",FALSE,83,"LOSS",5.37,-5.37,102.1
2022,7,"Indiana","Maryland",63.5,54.1,9.4,"UNDER",TRUE,71,"LOSS",5.1,-5.1,96.99
2022,7,"UCF","Temple",46.5,41.7,4.8,"UNDER",TRUE,83,"LOSS",4.59,-4.59,92.4
2022,7,"Georgia Southern","James Madison",67.5,62.9,4.6,"UNDER",TRUE,83,"LOSS",4.12,-4.12,88.28
2022,7,"UAB","Charlotte",65,58.6,6.4,"UNDER",FALSE,54,"WIN",4.41,4.01,92.3
2022,7,"Florida International","UTSA",63.5,55.3,8.2,"UNDER",TRUE,40,"WIN",4.61,4.19,96.49
2022,7,"Florida Atlantic","Rice",54.5,46.1,8.4,"UNDER",FALSE,31,"WIN",4.82,4.39,100.88
2022,7,"North Texas","Louisiana Tech",68.5,60.5,8,"UNDER",FALSE,74,"LOSS",5.04,-5.04,95.83
2022,7,"Middle Tennessee","Western Kentucky",67.5,63,4.5,"UNDER",TRUE,52,"WIN",4.2,3.82,99.65
2022,8,"LSU","Ole Miss",64,52.2,11.8,"UNDER",FALSE,65,"LOSS",4.98,-4.98,94.67
2022,8,"East Carolina","UCF",63.5,55.8,7.7,"UNDER",TRUE,47,"WIN",4.73,4.3,98.97
2022,8,"Kent State","Akron",65,59.3,5.7,"UNDER",FALSE,60,"WIN",4.95,4.5,103.47
2022,8,"Old Dominion","Georgia Southern",66,59,7,"UNDER",FALSE,51,"WIN",5.17,4.7,108.17
2022,8,"UTEP","Florida Atlantic",50.5,46.5,4,"UNDER",TRUE,45,"WIN",4.05,3.68,111.85
2022,8,"Louisiana Tech","Rice",57,52.9,4.1,"UNDER",TRUE,83,"LOSS",4.37,-4.37,107.49
2022,8,"UTSA","North Texas",73,60.5,12.5,"UNDER",FALSE,58,"WIN",5.37,4.89,112.37
2022,9,"Texas A&M","Ole Miss",55.5,51.4,4.1,"UNDER",TRUE,59,"LOSS",4.4,-4.4,107.97
2022,9,"Arizona","USC",74,65.8,8.2,"UNDER",FALSE,82,"LOSS",5.4,-5.4,102.57
2022,9,"Washington State","Utah",56.5,51.2,5.3,"UNDER",FALSE,38,"WIN",5.13,4.66,107.24
2022,9,"Iowa State","Oklahoma",58,53.4,4.6,"UNDER",TRUE,40,"WIN",4.82,4.38,111.62
2022,9,"West Virginia","TCU",69.5,65.1,4.4,"UNDER",TRUE,72,"LOSS",4.72,-4.72,106.9
2022,9,"Florida State","Georgia Tech",48,44,4,"UNDER",TRUE,57,"LOSS",4.05,-4.05,102.85
2022,9,"Western Kentucky","North Texas",70,64.4,5.6,"UNDER",FALSE,53,"WIN",5.14,4.67,107.53
2022,10,"LSU","Alabama",56.5,49.6,6.9,"UNDER",TRUE,63,"LOSS",5.38,-5.38,102.15
2022,10,"Utah","Arizona",67.5,61.3,6.2,"UNDER",FALSE,65,"WIN",5.11,4.64,106.79
2022,10,"Arizona State","UCLA",67,62.7,4.3,"UNDER",TRUE,86,"LOSS",4.44,-4.44,102.35
2022,10,"Miami","Florida State",54,48.6,5.4,"UNDER",TRUE,48,"WIN",5.12,4.65,107
2022,10,"Fresno State","Hawai'i",62,55,7,"UNDER",TRUE,68,"LOSS",5.35,-5.35,101.65
2022,10,"Coastal Carolina","App State",65.5,61.1,4.4,"UNDER",TRUE,63,"WIN",4.3,3.91,105.57
2022,10,"Charlotte","Western Kentucky",72.5,68.2,4.3,"UNDER",FALSE,66,"WIN",4.31,3.92,109.48
2022,10,"North Texas","Florida International",63,55.5,7.5,"UNDER",TRUE,66,"LOSS",5.47,-5.47,104.01
2022,11,"Arkansas","LSU",59,54.3,4.7,"UNDER",FALSE,23,"WIN",4.73,4.3,108.31
2022,11,"USC","Colorado",66,59.9,6.1,"UNDER",TRUE,72,"LOSS",5.42,-5.42,102.9
2022,11,"UCLA","Arizona",77.5,70.6,6.9,"UNDER",TRUE,62,"WIN",5.14,4.68,107.57
2022,11,"Washington State","Arizona State",59.5,52,7.5,"UNDER",TRUE,46,"WIN",5.38,4.89,112.46
2022,11,"Oregon","Washington",74,66.1,7.9,"UNDER",TRUE,71,"WIN",5.62,5.11,117.57
2022,11,"West Virginia","Oklahoma",68.5,63.8,4.7,"UNDER",TRUE,43,"WIN",5.41,4.92,122.49
2022,11,"Louisiana","Georgia Southern",63,54.5,8.5,"UNDER",TRUE,53,"WIN",6.12,5.57,128.06
2022,11,"Middle Tennessee","Charlotte",67,61.8,5.2,"UNDER",FALSE,38,"WIN",6.4,5.82,133.88
2022,11,"Florida International","Florida Atlantic",54.5,47.3,7.2,"UNDER",FALSE,59,"LOSS",6.69,-6.69,127.18
2022,11,"UTSA","Louisiana Tech",68.5,64.1,4.4,"UNDER",TRUE,58,"WIN",5.39,4.9,132.08
2022,12,"Arizona","Washington State",63,56.8,6.2,"UNDER",FALSE,51,"WIN",6.6,6,138.08
2022,12,"UCLA","USC",77.5,70.5,7,"UNDER",FALSE,93,"LOSS",6.9,-6.9,131.18
2022,12,"Oklahoma","Oklahoma State",67.5,63.1,4.4,"UNDER",TRUE,41,"WIN",5.57,5.07,136.25
2022,12,"Florida State","Louisiana",52.5,45.2,7.3,"UNDER",TRUE,66,"LOSS",6.81,-6.81,129.43
2022,13,"Texas A&M","LSU",47.5,40.9,6.6,"UNDER",TRUE,61,"LOSS",6.47,-6.47,122.96
2022,13,"Arizona","Arizona State",66.5,61.2,5.3,"UNDER",TRUE,73,"LOSS",6.15,-6.15,116.81
2022,13,"Washington State","Washington",60,54.7,5.3,"UNDER",TRUE,84,"LOSS",5.84,-5.84,110.97
2022,13,"San José State","Hawai'i",58,51.3,6.7,"UNDER",TRUE,41,"WIN",5.55,5.04,116.02
2022,13,"South Florida","UCF",67.5,61,6.5,"UNDER",TRUE,85,"LOSS",5.8,-5.8,110.22
2022,13,"Houston","Tulsa",67,62.7,4.3,"UNDER",TRUE,67,"WIN",4.55,4.14,114.35
2022,13,"Georgia Southern","App State",66,61.1,4.9,"UNDER",FALSE,99,"LOSS",5.55,-5.55,108.8
2022,13,"Florida International","Middle Tennessee",54.5,50.4,4.1,"UNDER",FALSE,61,"LOSS",4.26,-4.26,104.54
2022,13,"Florida Atlantic","Western Kentucky",62,54.5,7.5,"UNDER",TRUE,63,"LOSS",5.23,-5.23,99.31
2022,14,"TCU","Kansas State",60.5,56.4,4.1,"UNDER",FALSE,59,"WIN",3.87,3.52,102.84
2022,14,"UTSA","North Texas",70,61,9,"UNDER",TRUE,75,"LOSS",5.14,-5.14,97.69
2022,14,"Georgia","LSU",52,47.7,4.3,"UNDER",TRUE,80,"LOSS",4,-4,93.69
2023,1,"Texas A&M","New Mexico",48.75,44.5,4.3,"UNDER",TRUE,62,"LOSS",3.8,-3.8,89.89
2023,1,"Western Kentucky","South Florida",70.875,65.3,5.6,"UNDER",TRUE,65,"WIN",4.49,4.09,93.98
2023,1,"Colorado State","Washington State",55.25,45,10.3,"UNDER",FALSE,74,"LOSS",4.7,-4.7,89.28
2023,1,"Baylor","Texas State",59,54.6,4.4,"UNDER",TRUE,73,"LOSS",3.79,-3.79,85.49
2023,1,"San José State","Oregon State",55.625,50.4,5.2,"UNDER",TRUE,59,"LOSS",4.27,-4.27,81.21
2023,2,"Coastal Carolina","Jacksonville State",61,54,7,"UNDER",FALSE,46,"WIN",4.06,3.69,84.9
2023,2,"Georgia","Ball State",52.6666666666667,48.6,4,"UNDER",TRUE,48,"WIN",3.19,2.9,87.8
2023,2,"Michigan","UNLV",57.5,53.1,4.4,"UNDER",TRUE,42,"WIN",3.65,3.31,91.11
2023,2,"Washington State","Wisconsin",57.8333333333333,50.7,7.1,"UNDER",TRUE,53,"WIN",4.56,4.14,95.26
2023,2,"USC","Stanford",70,66,4,"UNDER",TRUE,66,"WIN",3.56,3.23,98.49
2023,2,"Syracuse","Western Michigan",56.5,51.8,4.7,"UNDER",FALSE,55,"WIN",4.53,4.12,102.61
2023,2,"Oklahoma","SMU",68.6666666666667,62.9,5.7,"UNDER",FALSE,39,"WIN",5.13,4.66,107.27
2023,2,"Georgia Southern","UAB",63.1666666666667,56.4,6.7,"UNDER",FALSE,84,"LOSS",5.36,-5.36,101.91
2023,2,"UTSA","Texas State",66.5,55.2,11.3,"UNDER",FALSE,33,"WIN",5.1,4.63,106.54
2023,2,"Florida Atlantic","Ohio",61.6666666666667,55.8,5.8,"UNDER",FALSE,27,"WIN",5.33,4.84,111.38
2023,3,"Georgia","South Carolina",54,44.5,9.5,"UNDER",TRUE,38,"WIN",5.57,5.06,116.44
2023,3,"North Carolina","Minnesota",51.5,45.3,6.2,"UNDER",TRUE,44,"WIN",5.82,5.29,121.74
2023,3,"Ohio State","Western Kentucky",64.75,55.3,9.4,"UNDER",TRUE,73,"LOSS",6.09,-6.09,115.65
2023,3,"Wisconsin","Georgia Southern",65.5,58.6,6.9,"UNDER",TRUE,49,"WIN",5.78,5.26,120.91
2023,3,"Colorado","Colorado State",63.25,57,6.2,"UNDER",TRUE,78,"LOSS",6.05,-6.05,114.86
2023,3,"Oregon","Hawai'i",67.75,58.9,8.9,"UNDER",FALSE,65,"WIN",5.74,5.22,120.08
2023,4,"Troy","Western Kentucky",57,51.5,5.5,"UNDER",FALSE,51,"WIN",6,5.46,125.54
2023,4,"Coastal Carolina","Georgia State",62.6666666666667,57.8,4.8,"UNDER",FALSE,47,"WIN",5.96,5.42,130.96
2023,4,"Ball State","Georgia Southern",60.8333333333333,55.5,5.4,"UNDER",TRUE,43,"WIN",6.55,5.95,136.91
2023,5,"Ole Miss","LSU",66.5,62.4,4.1,"UNDER",TRUE,104,"LOSS",5.23,-5.23,131.68
2023,5,"Tennessee","South Carolina",61.8333333333333,54.3,7.5,"UNDER",TRUE,61,"WIN",6.58,5.98,137.66
2023,5,"Arizona","Washington",67.1666666666667,62.2,4.9,"UNDER",TRUE,55,"WIN",6.67,6.06,143.73
2023,5,"Colorado","USC",74.1666666666667,68.3,5.9,"UNDER",TRUE,89,"LOSS",7.19,-7.19,136.54
2023,5,"Tulane","UAB",58.3333333333333,53.8,4.5,"UNDER",TRUE,58,"WIN",5.94,5.4,141.94
2023,5,"Memphis","Boise State",59.1666666666667,54.9,4.3,"UNDER",FALSE,67,"LOSS",5.81,-5.81,136.13
2023,5,"Georgia Southern","Coastal Carolina",64.6666666666667,58,6.7,"UNDER",FALSE,66,"LOSS",6.81,-6.81,129.32
2023,5,"UNLV","Hawai'i",59,54.2,4.8,"UNDER",FALSE,64,"LOSS",6.01,-6.01,123.32
2023,6,"Missouri","LSU",64,59.5,4.5,"UNDER",FALSE,88,"LOSS",5.3,-5.3,118.02
2023,6,"Ohio State","Maryland",56.8333333333333,51.9,4.9,"UNDER",TRUE,54,"WIN",5.68,5.16,123.18
2023,6,"USC","Arizona",70.3333333333333,66.3,4.1,"UNDER",TRUE,84,"LOSS",4.68,-4.68,118.5
2023,6,"North Carolina","Syracuse",59.3333333333333,53.4,5.9,"UNDER",TRUE,47,"WIN",5.93,5.39,123.89
2023,6,"Baylor","Texas Tech",59.5,55,4.5,"UNDER",TRUE,53,"WIN",5.36,4.87,128.76
2023,6,"Iowa State","TCU",52.6666666666667,47.6,5.1,"UNDER",TRUE,41,"WIN",6.44,5.85,134.61
2023,6,"Texas","Oklahoma",61.3333333333333,53.7,7.7,"UNDER",TRUE,64,"LOSS",6.73,-6.73,127.88
2023,6,"Louisiana","Texas State",67.3333333333333,62,5.4,"UNDER",FALSE,64,"WIN",6.39,5.81,133.69
2023,7,"Jacksonville State","Liberty",58.1666666666667,53.8,4.3,"UNDER",TRUE,44,"WIN",5.54,5.03,138.72
2023,7,"Memphis","Tulane",55.5,51.4,4.1,"UNDER",TRUE,52,"WIN",5.35,4.86,143.59
2023,7,"App State","Coastal Carolina",60.3333333333333,56.1,4.2,"UNDER",TRUE,51,"WIN",5.79,5.26,148.84
2023,7,"Texas State","UL Monroe",64.1666666666667,57.1,7,"UNDER",TRUE,41,"WIN",7.44,6.76,155.61
2023,7,"Colorado State","Boise State",59.8333333333333,51.7,8.2,"UNDER",TRUE,61,"LOSS",7.78,-7.78,147.83
2023,8,"Missouri","South Carolina",57.6666666666667,51.7,6,"UNDER",TRUE,46,"WIN",7.39,6.72,154.55
2023,8,"North Carolina","Virginia",57.8333333333333,52.4,5.5,"UNDER",TRUE,58,"LOSS",7.73,-7.73,146.82
2023,8,"Houston","Texas",60.5,55.2,5.3,"UNDER",TRUE,55,"WIN",7.34,6.67,153.49
2023,8,"Oklahoma","UCF",67.6666666666667,56,11.7,"UNDER",TRUE,60,"WIN",7.67,6.98,160.47
2023,8,"Georgia Southern","UL Monroe",60.5,55.6,4.9,"UNDER",TRUE,66,"LOSS",7.7,-7.7,152.77
2023,8,"New Mexico","Hawai'i",59.8333333333333,55.7,4.2,"UNDER",TRUE,63,"LOSS",6.02,-6.02,146.75
2023,9,"Texas A&M","South Carolina",52.3333333333333,47.4,4.9,"UNDER",TRUE,47,"WIN",7.16,6.51,153.26
2023,9,"Georgia Tech","North Carolina",64.8333333333333,56,8.8,"UNDER",TRUE,88,"LOSS",7.66,-7.66,145.59
2023,10,"USC","Washington",76,71.1,4.9,"UNDER",FALSE,94,"LOSS",7,-7,138.59
2023,10,"Texas Tech","TCU",59.3333333333333,54.4,4.9,"UNDER",FALSE,63,"LOSS",6.74,-6.74,131.85
2023,10,"Cincinnati","UCF",60,55.9,4.1,"UNDER",FALSE,54,"WIN",5.09,4.63,136.48
2023,10,"Oklahoma State","Oklahoma",62.1666666666667,58.2,4,"UNDER",FALSE,51,"WIN",5.13,4.67,141.14
2023,10,"Southern Miss","UL Monroe",56.3333333333333,51.5,4.8,"UNDER",TRUE,31,"WIN",6.67,6.06,147.21
2023,10,"Texas State","Georgia Southern",68.75,63.5,5.3,"UNDER",TRUE,69,"LOSS",7.36,-7.36,139.85
2023,11,"UCF","Oklahoma State",63.8333333333333,58.9,5,"UNDER",TRUE,48,"WIN",6.88,6.25,146.1
2023,11,"South Florida","Temple",68.8333333333333,64.4,4.5,"UNDER",TRUE,50,"WIN",6.33,5.76,151.85
2023,11,"Georgia State","App State",62.5,57.3,5.2,"UNDER",FALSE,56,"WIN",7.59,6.9,158.76
2023,12,"LSU","Georgia State",73.3333333333333,66.6,6.7,"UNDER",TRUE,70,"WIN",7.94,7.22,165.97
2023,12,"TCU","Baylor",60.6666666666667,56.3,4.4,"UNDER",TRUE,59,"WIN",7.06,6.42,172.39
2023,12,"Texas Tech","UCF",59.5,54.9,4.6,"UNDER",TRUE,47,"WIN",7.62,6.93,179.32
2023,12,"Memphis","SMU",65.5,61.1,4.4,"UNDER",TRUE,72,"LOSS",7.6,-7.6,171.71
2023,13,"LSU","Texas A&M",67.75,62,5.7,"UNDER",TRUE,72,"LOSS",8.59,-8.59,163.13
2023,13,"Washington","Washington State",66.1666666666667,60.7,5.5,"UNDER",TRUE,45,"WIN",8.16,7.41,170.54
2023,13,"Oklahoma","TCU",66,58,8,"UNDER",FALSE,114,"LOSS",8.53,-8.53,162.01
2023,13,"UCF","Houston",61.25,56.4,4.8,"UNDER",TRUE,40,"WIN",7.74,7.03,169.05
2024,1,"Texas","Colorado State",61.3333333333333,55.5,5.8,"UNDER",TRUE,52,"WIN",8.45,7.68,176.73
2024,1,"Ohio State","Akron",56.6666666666667,45.3,11.3,"UNDER",TRUE,58,"LOSS",8.84,-8.84,167.9
2024,1,"Wisconsin","Western Michigan",56.6666666666667,49.3,7.4,"UNDER",TRUE,42,"WIN",8.39,7.63,175.53
2024,1,"Pittsburgh","Kent State",54.5,49.1,5.4,"UNDER",TRUE,79,"LOSS",8.78,-8.78,166.75
2024,2,"Alabama","South Florida",64.6666666666667,59.3,5.4,"UNDER",FALSE,58,"WIN",8.34,7.58,174.33
2024,2,"Oklahoma State","Arkansas",61.5,55.8,5.7,"UNDER",FALSE,70,"LOSS",8.72,-8.72,165.61
2024,2,"Arizona State","Mississippi State",58.3333333333333,49.3,9,"UNDER",FALSE,53,"WIN",8.28,7.53,173.14
2024,2,"NC State","Tennessee",60.1666666666667,54.5,5.7,"UNDER",TRUE,61,"LOSS",8.66,-8.66,164.48
2024,2,"Ohio State","Western Michigan",54.3333333333333,50.2,4.1,"UNDER",TRUE,56,"LOSS",6.45,-6.45,158.03
2024,2,"Cincinnati","Pittsburgh",62.3333333333333,55.3,7,"UNDER",FALSE,55,"WIN",7.9,7.18,165.21
2024,2,"Old Dominion","East Carolina",53.8333333333333,47.5,6.3,"UNDER",FALSE,34,"WIN",8.26,7.51,172.72
2024,2,"Arkansas State","Tulsa",65.6666666666667,60,5.7,"UNDER",FALSE,52,"WIN",8.64,7.85,180.57
2024,3,"Arkansas","UAB",60.3333333333333,53.3,7.1,"UNDER",TRUE,64,"LOSS",9.03,-9.03,171.54
2024,3,"Wake Forest","Ole Miss",65,59,6,"UNDER",TRUE,46,"WIN",8.58,7.8,179.34
2024,3,"Mississippi State","Toledo",57.8333333333333,53,4.8,"UNDER",FALSE,58,"LOSS",8.54,-8.54,170.8
2024,3,"Tennessee","Kent State",62.1666666666667,54.1,8.1,"UNDER",TRUE,71,"LOSS",8.54,-8.54,162.26
2024,3,"California","San Diego State",48.8333333333333,44.2,4.6,"UNDER",TRUE,41,"WIN",7.38,6.7,168.96
2024,3,"Tulsa","Oklahoma State",62.8333333333333,57.1,5.7,"UNDER",TRUE,55,"WIN",8.45,7.68,176.64
2024,4,"Ole Miss","Georgia Southern",68.5,63.9,4.6,"UNDER",TRUE,65,"WIN",7.88,7.16,183.8
2024,4,"Mississippi State","Florida",58,53.4,4.6,"UNDER",TRUE,73,"LOSS",8.25,-8.25,175.55
2024,4,"Ohio State","Marshall",54.6666666666667,46.7,8,"UNDER",TRUE,63,"LOSS",8.78,-8.78,166.78
2024,4,"Penn State","Kent State",57.6666666666667,53.6,4,"UNDER",TRUE,56,"WIN",6.4,5.82,172.59
2024,4,"Liberty","East Carolina",54.6666666666667,50,4.7,"UNDER",FALSE,59,"LOSS",7.93,-7.93,164.66
2024,5,"Michigan State","Ohio State",48.1666666666667,43.2,5,"UNDER",TRUE,45,"WIN",8.22,7.47,172.13
2024,5,"Kansas State","Oklahoma State",58.1666666666667,52.3,5.8,"UNDER",FALSE,62,"LOSS",8.61,-8.61,163.53
2024,5,"East Carolina","UTSA",53.1666666666667,49.1,4.1,"UNDER",FALSE,50,"WIN",6.38,5.8,169.33
2024,6,"Oregon","Michigan State",52.8333333333333,48.8,4,"UNDER",TRUE,41,"WIN",6.48,5.89,175.22
2024,7,"Pittsburgh","California",57.1666666666667,50.3,6.8,"UNDER",FALSE,32,"WIN",8.76,7.96,183.19
2024,7,"Eastern Michigan","Miami (OH)",45.8333333333333,40.5,5.3,"UNDER",TRUE,52,"LOSS",9.16,-9.16,174.03
2024,8,"Army","East Carolina",54.3333333333333,49.1,5.2,"UNDER",FALSE,73,"LOSS",8.7,-8.7,165.33
2024,9,"Ohio State","Nebraska",48.6666666666667,44.3,4.4,"UNDER",TRUE,38,"WIN",6.98,6.35,171.68
2024,9,"Pittsburgh","Syracuse",62.5,55.7,6.8,"UNDER",TRUE,54,"WIN",8.58,7.8,179.48
2024,9,"North Texas","Tulane",70.1666666666667,65.1,5.1,"UNDER",FALSE,82,"LOSS",8.97,-8.97,170.5
2024,10,"Eastern Michigan","Toledo",54.5,50,4.5,"UNDER",TRUE,57,"LOSS",7.41,-7.41,163.1
2024,11,"North Texas","Army",67.5,63.5,4,"UNDER",FALSE,17,"WIN",6.23,5.66,168.76
2024,11,"Wake Forest","California",55,50.7,4.3,"UNDER",TRUE,82,"LOSS",6.92,-6.92,161.84
2024,11,"Pittsburgh","Virginia",57.3333333333333,52.1,5.2,"UNDER",FALSE,43,"WIN",8.09,7.36,169.19
2024,11,"TCU","Oklahoma State",68.8333333333333,64.6,4.2,"UNDER",TRUE,51,"WIN",6.8,6.18,175.37
2024,11,"San Diego State","New Mexico",65.1666666666667,58.7,6.4,"UNDER",FALSE,37,"WIN",8.77,7.97,183.34
2024,12,"California","Syracuse",57.5,48,9.5,"UNDER",TRUE,58,"LOSS",9.17,-9.17,174.18
2024,12,"North Carolina","Wake Forest",64.3333333333333,57,7.3,"UNDER",FALSE,55,"WIN",8.71,7.92,182.09
2024,12,"Utah State","Hawai'i",61.8333333333333,57.5,4.3,"UNDER",TRUE,65,"LOSS",7.65,-7.65,174.45
2024,12,"New Mexico","Washington State",72,66.6,5.4,"UNDER",FALSE,73,"LOSS",8.72,-8.72,165.73
2024,12,"Ohio","Eastern Michigan",51.5,45.9,5.6,"UNDER",TRUE,45,"WIN",8.29,7.53,173.26
2024,12,"Tulsa","East Carolina",63.6666666666667,56.8,6.9,"UNDER",TRUE,69,"LOSS",8.66,-8.66,164.59
2024,13,"Miami","Wake Forest",66.6666666666667,61.7,5,"UNDER",TRUE,56,"WIN",8.16,7.42,172.02
2024,13,"North Texas","East Carolina",73.8333333333333,66.7,7.1,"UNDER",TRUE,68,"WIN",8.6,7.82,179.83
2024,14,"Syracuse","Miami",67,62.8,4.2,"UNDER",FALSE,80,"LOSS",7.23,-7.23,172.6
2025,1,"Ole Miss","Georgia State",61.6666666666667,55.6,6.1,"UNDER",TRUE,70,"LOSS",8.63,-8.63,163.97
2025,1,"Maryland","Florida Atlantic",59,54.1,4.9,"UNDER",TRUE,46,"WIN",8.03,7.3,171.27
2025,1,"Western Kentucky","Sam Houston",60.3333333333333,49.1,11.2,"UNDER",TRUE,65,"LOSS",8.56,-8.56,162.71
2025,1,"Sam Houston","UNLV",59.8333333333333,51,8.8,"UNDER",FALSE,59,"WIN",8.14,7.4,170.11
2025,2,"Florida","South Florida",58.25,53.3,5,"UNDER",FALSE,34,"WIN",8.41,7.65,177.75
2025,2,"LSU","Louisiana Tech",49.5,44.8,4.7,"UNDER",TRUE,30,"WIN",8.14,7.4,185.16
2025,2,"Texas","San José State",52.5,47.5,5,"UNDER",TRUE,45,"WIN",9.24,8.4,193.55
2025,2,"Indiana","Kennesaw State",51.5,46.1,5.4,"UNDER",TRUE,65,"LOSS",9.68,-9.68,183.88
2025,2,"SMU","Baylor",65.5,57,8.5,"UNDER",FALSE,93,"LOSS",9.19,-9.19,174.68
2025,3,"Texas","UTEP",52.3333333333333,46.7,5.7,"UNDER",TRUE,37,"WIN",8.73,7.94,182.62
2025,3,"Missouri State","SMU",60.3333333333333,52.7,7.6,"UNDER",TRUE,38,"WIN",9.13,8.3,190.92
2025,3,"Arizona","Kansas State",55.8333333333333,50.5,5.4,"UNDER",TRUE,40,"WIN",9.55,8.68,199.6
2025,3,"Wyoming","Utah",47.3333333333333,42.6,4.7,"UNDER",TRUE,37,"WIN",9.22,8.38,207.98
2025,3,"Coastal Carolina","East Carolina",57.3333333333333,52.4,5,"UNDER",TRUE,38,"WIN",10.29,9.35,217.33
2025,4,"Texas","Sam Houston",51.5,43.9,7.6,"UNDER",TRUE,55,"LOSS",10.87,-10.87,206.46
2025,4,"TCU","SMU",63.5,56.6,6.9,"UNDER",FALSE,59,"WIN",10.32,9.38,215.85
2025,4,"Kennesaw State","Arkansas State",58,53.5,4.5,"UNDER",TRUE,49,"WIN",9.57,8.7,224.55
2025,4,"Louisiana Tech","Southern Miss",51.1666666666667,45.3,5.8,"UNDER",FALSE,50,"WIN",11.23,10.21,234.75
2025,5,"Boston College","California",54.1666666666667,45,9.2,"UNDER",FALSE,52,"WIN",11.74,10.67,245.42
2025,5,"Kennesaw State","Middle Tennessee",54.1666666666667,48.3,5.9,"UNDER",FALSE,40,"WIN",12.27,11.15,256.58
2025,5,"UTEP","Louisiana Tech",48,43.5,4.5,"UNDER",TRUE,41,"WIN",11.15,10.14,266.71
2025,5,"Missouri State","Western Kentucky",59.5,53.8,5.7,"UNDER",TRUE,49,"WIN",13.34,12.12,278.84
2025,5,"Florida Atlantic","Memphis",62.6666666666667,52.9,9.8,"UNDER",TRUE,81,"LOSS",13.94,-13.94,264.9
2025,6,"California","Duke",54.8333333333333,47,7.8,"UNDER",TRUE,66,"LOSS",13.24,-13.24,251.65
2025,6,"Arizona","Oklahoma State",56.5,48.2,8.3,"UNDER",TRUE,54,"WIN",12.58,11.44,263.09
2025,6,"New Mexico State","Sam Houston",52.6666666666667,46.2,6.5,"UNDER",TRUE,47,"WIN",13.15,11.96,275.05
2025,6,"Delaware","Western Kentucky",63,55.9,7.1,"UNDER",FALSE,51,"WIN",13.75,12.5,287.55
2025,6,"Wyoming","UNLV",51.6666666666667,46.8,4.9,"UNDER",TRUE,48,"WIN",13.96,12.69,300.24
2025,6,"Old Dominion","Coastal Carolina",53.3333333333333,49.2,4.1,"UNDER",FALSE,54,"LOSS",11.83,-11.83,288.41
2025,6,"Rice","Florida Atlantic",55,48.2,6.8,"UNDER",FALSE,48,"WIN",14.42,13.11,301.52
2025,7,"SMU","Stanford",55.5,51.2,4.3,"UNDER",FALSE,44,"WIN",12.43,11.3,312.82
2025,7,"Oklahoma State","Houston",47.6666666666667,41.5,6.1,"UNDER",TRUE,56,"LOSS",15.64,-15.64,297.18
2025,7,"Kennesaw State","Louisiana Tech",46.1666666666667,38.7,7.5,"UNDER",TRUE,42,"WIN",14.86,13.51,310.68
2025,7,"UNLV","Air Force",65.8333333333333,59.8,6,"UNDER",FALSE,99,"LOSS",15.53,-15.53,295.15
2025,7,"North Texas","South Florida",68.5,61.2,7.3,"UNDER",FALSE,99,"LOSS",14.76,-14.76,280.39
2025,8,"South Carolina","Oklahoma",43,37,6,"UNDER",TRUE,33,"WIN",14.02,12.74,293.14
2025,8,"TCU","Baylor",66.8333333333333,60.8,6.1,"UNDER",FALSE,78,"LOSS",14.66,-14.66,278.48
2025,8,"Colorado State","Hawai'i",53.5,49,4.5,"UNDER",FALSE,50,"WIN",12.43,11.3,289.78
2025,8,"East Carolina","Tulsa",54.6666666666667,49.5,5.2,"UNDER",FALSE,68,"LOSS",14.49,-14.49,275.29
2025,8,"South Florida","Florida Atlantic",72.5,60.4,12.1,"UNDER",TRUE,61,"WIN",13.76,12.51,287.8
2025,9,"Cincinnati","Baylor",68.8333333333333,60,8.8,"UNDER",FALSE,61,"WIN",14.39,13.08,300.89
2025,9,"Louisiana Tech","Western Kentucky",49.3333333333333,45.3,4,"UNDER",TRUE,55,"LOSS",11.47,-11.47,289.41
2025,9,"Old Dominion","App State",61.8333333333333,57.7,4.1,"UNDER",FALSE,45,"WIN",11.4,10.36,299.78
2025,10,"Ole Miss","South Carolina",55.8333333333333,49.6,6.2,"UNDER",TRUE,44,"WIN",14.99,13.62,313.4
2025,10,"Kennesaw State","UTEP",53,45.5,7.5,"UNDER",TRUE,53,"WIN",15.67,14.24,327.64
2025,10,"Louisiana Tech","Sam Houston",48,44,4,"UNDER",TRUE,69,"LOSS",12.63,-12.63,315.01
2025,10,"San Diego State","Wyoming",42,37.1,4.9,"UNDER",FALSE,31,"WIN",15.6,14.18,329.19
2025,10,"Temple","East Carolina",58.3333333333333,53.4,4.9,"UNDER",FALSE,59,"LOSS",16.35,-16.35,312.84
2025,11,"Delaware","Louisiana Tech",56.8333333333333,51,5.9,"UNDER",TRUE,49,"WIN",15.64,14.22,327.06
2025,11,"New Mexico State","Kennesaw State",52.3333333333333,46.6,5.7,"UNDER",TRUE,45,"WIN",16.35,14.86,341.93
2025,11,"Colorado State","UNLV",61,56.4,4.6,"UNDER",FALSE,52,"WIN",15.65,14.23,356.15
2025,11,"South Florida","UTSA",67,60.3,6.7,"UNDER",TRUE,78,"LOSS",17.81,-17.81,338.34
2025,12,"Boston College","Georgia Tech",61.3333333333333,57.2,4.1,"UNDER",TRUE,70,"LOSS",13.5,-13.5,324.85
2025,12,"Sam Houston","Delaware",56.3333333333333,51.3,5,"UNDER",TRUE,49,"WIN",16.24,14.76,339.61
2025,12,"Jacksonville State","Kennesaw State",56,50.4,5.6,"UNDER",TRUE,61,"LOSS",16.98,-16.98,322.63
2025,12,"UNLV","Utah State",68.5,64.4,4.1,"UNDER",FALSE,55,"WIN",12.65,11.5,334.13
2025,13,"Florida","Tennessee",57.6666666666667,53.4,4.3,"UNDER",FALSE,42,"WIN",13.94,12.67,346.8
2025,13,"South Carolina","Coastal Carolina",50,44.9,5.1,"UNDER",TRUE,58,"LOSS",17.34,-17.34,329.46
2025,13,"Houston","TCU",55.8333333333333,49.6,6.2,"UNDER",TRUE,31,"WIN",16.47,14.97,344.44
2025,13,"Kennesaw State","Missouri State",54.3333333333333,48.6,5.8,"UNDER",TRUE,75,"LOSS",17.22,-17.22,327.22
2025,13,"UNLV","Hawai'i",64.5,55.6,8.9,"UNDER",FALSE,48,"WIN",16.36,14.87,342.09
2025,13,"UAB","South Florida",68.6666666666667,64.6,4.1,"UNDER",TRUE,66,"WIN",13.44,12.21,354.3
2025,13,"UTSA","East Carolina",62.1666666666667,54.9,7.2,"UNDER",FALSE,82,"LOSS",17.72,-17.72,336.59
2025,14,"California","SMU",53.1666666666667,47.6,5.6,"UNDER",FALSE,73,"LOSS",16.83,-16.83,319.76
2025,14,"Baylor","Houston",57,52.8,4.2,"UNDER",TRUE,55,"WIN",13.07,11.88,331.64
2025,14,"Florida Atlantic","East Carolina",66.3333333333333,59.2,7.1,"UNDER",FALSE,45,"WIN",16.58,15.07,346.71
2025,14,"South Florida","Rice",57.5,51.1,6.4,"UNDER",TRUE,55,"WIN",17.34,15.76,362.47
2025,15,"Jacksonville State","Kennesaw State",61.5,54.4,7.1,"UNDER",TRUE,34,"WIN",18.12,16.47,378.94
